== lesson3 checks 2026-10-08T20:51:12-07:00  ours=262298c4  his=0364df5  files=95 lessons=806
- **Pinned commit:** `f83db61931566df6bde9252db552bd353ed43d7a` (`f83db61`, upstream 2026-10-08 UTC; a direct
--- contract-drift
Contract drift vs src/ingest/ares-contract.schema.json — 95 file(s)

✓ Biology_Animal_Gaseous_Exchange_and_Respiration_data.json — conforms
✓ Biology_Animal_Nutrition_data.json — conforms
✓ Biology_Animal_Transport_data.json — conforms
✓ Biology_Cell_Biology_data.json — conforms
✓ Biology_Cell_Division_data.json — conforms
✓ Biology_Cell_Structure_data.json — conforms
✓ Biology_Chemicals_of_Life_data.json — conforms
✓ Biology_Ecology_data.json — conforms
✓ Biology_Excretion_and_Homeostasis_in_Animals_data.json — conforms
✓ Biology_Excretion_in_Plants_data.json — conforms
✓ Biology_Growth_and_Development_in_Animals_data.json — conforms
✓ Biology_Growth_and_Development_in_Plants_data.json — conforms
✓ Biology_Plant_Gaseous_Exchange_and_Respiration_data.json — conforms
✓ Biology_Plant_Nutrition_data.json — conforms
✓ Biology_Plant_Transport_data.json — conforms
✓ Biology_Reproduction_in_Animals_data.json — conforms
✓ Biology_Reproduction_in_Plants_data.json — conforms
✓ Biology_Taxonomy_II_data.json — conforms
✓ Biology_Taxonomy_I_data.json — conforms
✓ Chemistry_Acids_and_Bases_data.json — conforms
✓ Chemistry_Chemical_Bonding_data.json — conforms
✓ Chemistry_Introduction_to_Chemistry_data.json — conforms
✓ Chemistry_Introduction_to_Salts_data.json — conforms
✓ Chemistry_Periodicity_data.json — conforms
✓ Chemistry_The_Atom_data.json — conforms
✓ Chemistry_The_Periodic_Table_data.json — conforms
✓ Core_Mathematics_Area_of_Polygons_data.json — conforms
✓ Core_Mathematics_Area_of_a_Part_of_a_Circle_data.json — conforms
✓ Core_Mathematics_Indices_and_Logarithms_data.json — conforms
✓ Core_Mathematics_Linear_Motion_data.json — conforms
✓ Core_Mathematics_Probability_I_data.json — conforms
✓ Core_Mathematics_Quadratic_Expressions_and_Equations_data.json — conforms
✓ Core_Mathematics_Real_Numbers_data.json — conforms
✓ Core_Mathematics_Reflection_and_Congruence_data.json — conforms
✓ Core_Mathematics_Rotation_data.json — conforms
✓ Core_Mathematics_Similarity_and_Enlargement_data.json — conforms
✓ Core_Mathematics_Statistics_I_data.json — conforms
✓ Core_Mathematics_Surface_Area_and_Volume_of_Solids_data.json — conforms
✓ Core_Mathematics_Trigonometry_1_data.json — conforms
✓ Core_Mathematics_Vectors_data.json — conforms
✓ Essential_Mathematics_Area_of_Part_of_a_Circle_data.json — conforms
✓ Essential_Mathematics_Area_of_Polygons_data.json — conforms
✓ Essential_Mathematics_Commercial_Arithmetic_1_data.json — conforms
✓ Essential_Mathematics_Indices_data.json — conforms
✓ Essential_Mathematics_Probability_I_data.json — conforms
✓ Essential_Mathematics_Quadratic_Equations_data.json — conforms
✓ Essential_Mathematics_Real_Numbers_data.json — conforms
✓ Essential_Mathematics_Reflection_data.json — conforms
✓ Essential_Mathematics_Similarity_and_Enlargement_data.json — conforms
✓ Essential_Mathematics_Statistics_1_data.json — conforms
✓ Essential_Mathematics_Surface_Area_of_Solids_data.json — conforms
✓ Essential_Mathematics_Trigonometry_data.json — conforms
✓ Essential_Mathematics_Volume_and_Capacity_data.json — conforms
✓ General_Science_Acids,_Bases_and_Salts_data.json — conforms
✓ General_Science_Chemical_Bonding_data.json — conforms
✓ General_Science_Chemical_Families_data.json — conforms
✓ General_Science_Introduction_to_General_Science_data.json — conforms
✓ General_Science_Linear_Motion_data.json — conforms
✓ General_Science_Magnetism_and_Electromagnetic_Induction_data.json — conforms
✓ General_Science_Microorganisms_data.json — conforms
✓ General_Science_Nutrition_in_Animals_data.json — conforms
✓ General_Science_Plant_Growth_and_Development_data.json — conforms
✓ General_Science_Rates_of_Reactions_data.json — conforms
✓ General_Science_Respiration_data.json — conforms
✓ General_Science_The_Cell_data.json — conforms
✓ General_Science_The_Periodic_Table_data.json — conforms
✓ General_Science_Transport_in_Plants_data.json — conforms
✓ General_Science_Turning_Effect_of_Force_data.json — conforms
✓ General_Science_Waves_data.json — conforms
✓ Mathematics_Area_of_Part_of_a_Circle_data.json — conforms
✓ Mathematics_Area_of_Polygons_data.json — conforms
✓ Mathematics_Congruence_data.json — conforms
✓ Mathematics_Indices_data.json — conforms
✓ Mathematics_Linear_Motion_data.json — conforms
✓ Mathematics_Probability_I_data.json — conforms
✓ Mathematics_Quadratic_Equations_data.json — conforms
✓ Mathematics_Real_Numbers_data.json — conforms
✓ Mathematics_Rotation_data.json — conforms
✓ Mathematics_Similarity_and_Enlargement_data.json — conforms
✓ Mathematics_Statistics_I_data.json — conforms
✓ Mathematics_Surface_Area_and_Volume_of_Solids_data.json — conforms
✓ Mathematics_Trigonometry_I_data.json — conforms
✓ Mathematics_Vectors_I_data.json — conforms
✓ Physics_Current_Electricity_data.json — conforms
✓ Physics_Electrostatics_data.json — conforms
✓ Physics_Energy,_Work,_Power_and_Machines_data.json — conforms
✓ Physics_Greenhouse_Effect_and_Climate_Change_data.json — conforms
✓ Physics_Introduction_to_Electronics_data.json — conforms
✓ Physics_Introduction_to_Space_Physics_data.json — conforms
✓ Physics_Mechanical_Properties_of_Materials_data.json — conforms
✓ Physics_Moments_of_Equilibrium_data.json — conforms
✓ Physics_Pressure_data.json — conforms
✓ Physics_Properties_of_Waves_data.json — conforms
✓ Physics_Radioactivity_and_Stability_of_Isotopes_data.json — conforms
✓ Physics_Temperature_and_Thermal_Expansion_data.json — conforms

==================================================
95/95 file(s) conform · 0 total drift issue(s)
    PASS
--- corpus-resource-check
ARES replacement corpus: 95 file(s), 806 lesson(s)
  ✓ all files conform to definitive 1.0.0
  ✓ every resourceLinks map round-trips exactly through the Payload adapter boundary
    PASS
--- corpus-check
  [sectionC] ARES DB not found (/dev/null/lesson3-no-ares-content-db); keeping existing resourceLinks for L1
  [sectionC] ARES DB not found (/dev/null/lesson3-no-ares-content-db); keeping existing resourceLinks for L2
  [sectionC] ARES DB not found (/dev/null/lesson3-no-ares-content-db); keeping existing resourceLinks for L3
  [sectionC] ARES DB not found (/dev/null/lesson3-no-ares-content-db); keeping existing resourceLinks for L4
  [sectionC] ARES DB not found (/dev/null/lesson3-no-ares-content-db); keeping existing resourceLinks for L5
  [sectionC] ARES DB not found (/dev/null/lesson3-no-ares-content-db); keeping existing resourceLinks for L6
  [sectionC] ARES DB not found (/dev/null/lesson3-no-ares-content-db); keeping existing resourceLinks for L7
  [sectionC] ARES DB not found (/dev/null/lesson3-no-ares-content-db); keeping existing resourceLinks for L8
  [sectionC] ARES DB not found (/dev/null/lesson3-no-ares-content-db); keeping existing resourceLinks for L9
  [sectionC] ARES DB not found (/dev/null/lesson3-no-ares-content-db); keeping existing resourceLinks for L10
  [sectionC] ARES DB not found (/dev/null/lesson3-no-ares-content-db); keeping existing resourceLinks for L11
  [sectionC] ARES DB not found (/dev/null/lesson3-no-ares-content-db); keeping existing resourceLinks for L12
  [sectionC] ARES DB not found (/dev/null/lesson3-no-ares-content-db); keeping existing resourceLinks for L1
  [sectionC] ARES DB not found (/dev/null/lesson3-no-ares-content-db); keeping existing resourceLinks for L2
  [sectionC] ARES DB not found (/dev/null/lesson3-no-ares-content-db); keeping existing resourceLinks for L3
  [sectionC] ARES DB not found (/dev/null/lesson3-no-ares-content-db); keeping existing resourceLinks for L4
  [sectionC] ARES DB not found (/dev/null/lesson3-no-ares-content-db); keeping existing resourceLinks for L5
  [sectionC] ARES DB not found (/dev/null/lesson3-no-ares-content-db); keeping existing resourceLinks for L6
  [sectionC] ARES DB not found (/dev/null/lesson3-no-ares-content-db); keeping existing resourceLinks for L7
  [sectionC] ARES DB not found (/dev/null/lesson3-no-ares-content-db); keeping existing resourceLinks for L8
  [sectionC] ARES DB not found (/dev/null/lesson3-no-ares-content-db); keeping existing resourceLinks for L9
  [sectionC] ARES DB not found (/dev/null/lesson3-no-ares-content-db); keeping existing resourceLinks for L10
  [sectionC] ARES DB not found (/dev/null/lesson3-no-ares-content-db); keeping existing resourceLinks for L1
  [sectionC] ARES DB not found (/dev/null/lesson3-no-ares-content-db); keeping existing resourceLinks for L2
  [sectionC] ARES DB not found (/dev/null/lesson3-no-ares-content-db); keeping existing resourceLinks for L3
  [sectionC] ARES DB not found (/dev/null/lesson3-no-ares-content-db); keeping existing resourceLinks for L4
  [sectionC] ARES DB not found (/dev/null/lesson3-no-ares-content-db); keeping existing resourceLinks for L5
  [sectionC] ARES DB not found (/dev/null/lesson3-no-ares-content-db); keeping existing resourceLinks for L6
  [sectionC] ARES DB not found (/dev/null/lesson3-no-ares-content-db); keeping existing resourceLinks for L7
  [sectionC] ARES DB not found (/dev/null/lesson3-no-ares-content-db); keeping existing resourceLinks for L8
  [sectionC] ARES DB not found (/dev/null/lesson3-no-ares-content-db); keeping existing resourceLinks for L9
  [sectionC] ARES DB not found (/dev/null/lesson3-no-ares-content-db); keeping existing resourceLinks for L10
  [sectionC] ARES DB not found (/dev/null/lesson3-no-ares-content-db); keeping existing resourceLinks for L11
  [sectionC] ARES DB not found (/dev/null/lesson3-no-ares-content-db); keeping existing resourceLinks for L12
  [sectionC] ARES DB not found (/dev/null/lesson3-no-ares-content-db); keeping existing resourceLinks for L1
  [sectionC] ARES DB not found (/dev/null/lesson3-no-ares-content-db); keeping existing resourceLinks for L2
  [sectionC] ARES DB not found (/dev/null/lesson3-no-ares-content-db); keeping existing resourceLinks for L3
  [sectionC] ARES DB not found (/dev/null/lesson3-no-ares-content-db); keeping existing resourceLinks for L4
  [sectionC] ARES DB not found (/dev/null/lesson3-no-ares-content-db); keeping existing resourceLinks for L5
  [sectionC] ARES DB not found (/dev/null/lesson3-no-ares-content-db); keeping existing resourceLinks for L6
  [sectionC] ARES DB not found (/dev/null/lesson3-no-ares-content-db); keeping existing resourceLinks for L7
  [sectionC] ARES DB not found (/dev/null/lesson3-no-ares-content-db); keeping existing resourceLinks for L8
  [sectionC] ARES DB not found (/dev/null/lesson3-no-ares-content-db); keeping existing resourceLinks for L1
  [sectionC] ARES DB not found (/dev/null/lesson3-no-ares-content-db); keeping existing resourceLinks for L2
  [sectionC] ARES DB not found (/dev/null/lesson3-no-ares-content-db); keeping existing resourceLinks for L3
  [sectionC] ARES DB not found (/dev/null/lesson3-no-ares-content-db); keeping existing resourceLinks for L4
  [sectionC] ARES DB not found (/dev/null/lesson3-no-ares-content-db); keeping existing resourceLinks for L5
  [sectionC] ARES DB not found (/dev/null/lesson3-no-ares-content-db); keeping existing resourceLinks for L6
  [sectionC] ARES DB not found (/dev/null/lesson3-no-ares-content-db); keeping existing resourceLinks for L7
  [sectionC] ARES DB not found (/dev/null/lesson3-no-ares-content-db); keeping existing resourceLinks for L8
  [sectionC] ARES DB not found (/dev/null/lesson3-no-ares-content-db); keeping existing resourceLinks for L9
  [sectionC] ARES DB not found (/dev/null/lesson3-no-ares-content-db); keeping existing resourceLinks for L10
  [sectionC] ARES DB not found (/dev/null/lesson3-no-ares-content-db); keeping existing resourceLinks for L1
  [sectionC] ARES DB not found (/dev/null/lesson3-no-ares-content-db); keeping existing resourceLinks for L2
  [sectionC] ARES DB not found (/dev/null/lesson3-no-ares-content-db); keeping existing resourceLinks for L3
  [sectionC] ARES DB not found (/dev/null/lesson3-no-ares-content-db); keeping existing resourceLinks for L4
  [sectionC] ARES DB not found (/dev/null/lesson3-no-ares-content-db); keeping existing resourceLinks for L5
  [sectionC] ARES DB not found (/dev/null/lesson3-no-ares-content-db); keeping existing resourceLinks for L6
  [sectionC] ARES DB not found (/dev/null/lesson3-no-ares-content-db); keeping existing resourceLinks for L7
  [sectionC] ARES DB not found (/dev/null/lesson3-no-ares-content-db); keeping existing resourceLinks for L8
  [sectionC] ARES DB not found (/dev/null/lesson3-no-ares-content-db); keeping existing resourceLinks for L9
  [sectionC] ARES DB not found (/dev/null/lesson3-no-ares-content-db); keeping existing resourceLinks for L10
  [sectionC] ARES DB not found (/dev/null/lesson3-no-ares-content-db); keeping existing resourceLinks for L11
  [sectionC] ARES DB not found (/dev/null/lesson3-no-ares-content-db); keeping existing resourceLinks for L12
  [sectionC] ARES DB not found (/dev/null/lesson3-no-ares-content-db); keeping existing resourceLinks for L1
  [sectionC] ARES DB not found (/dev/null/lesson3-no-ares-content-db); keeping existing resourceLinks for L2
  [sectionC] ARES DB not found (/dev/null/lesson3-no-ares-content-db); keeping existing resourceLinks for L3
  [sectionC] ARES DB not found (/dev/null/lesson3-no-ares-content-db); keeping existing resourceLinks for L4
  [sectionC] ARES DB not found (/dev/null/lesson3-no-ares-content-db); keeping existing resourceLinks for L5
  [sectionC] ARES DB not found (/dev/null/lesson3-no-ares-content-db); keeping existing resourceLinks for L6
  [sectionC] ARES DB not found (/dev/null/lesson3-no-ares-content-db); keeping existing resourceLinks for L1
  [sectionC] ARES DB not found (/dev/null/lesson3-no-ares-content-db); keeping existing resourceLinks for L2
  [sectionC] ARES DB not found (/dev/null/lesson3-no-ares-content-db); keeping existing resourceLinks for L3
  [sectionC] ARES DB not found (/dev/null/lesson3-no-ares-content-db); keeping existing resourceLinks for L4
  [sectionC] ARES DB not found (/dev/null/lesson3-no-ares-content-db); keeping existing resourceLinks for L5
  [sectionC] ARES DB not found (/dev/null/lesson3-no-ares-content-db); keeping existing resourceLinks for L6
  [sectionC] ARES DB not found (/dev/null/lesson3-no-ares-content-db); keeping existing resourceLinks for L7
  [sectionC] ARES DB not found (/dev/null/lesson3-no-ares-content-db); keeping existing resourceLinks for L8
  [sectionC] ARES DB not found (/dev/null/lesson3-no-ares-content-db); keeping existing resourceLinks for L9
  [sectionC] ARES DB not found (/dev/null/lesson3-no-ares-content-db); keeping existing resourceLinks for L1
  [sectionC] ARES DB not found (/dev/null/lesson3-no-ares-content-db); keeping existing resourceLinks for L2
  [sectionC] ARES DB not found (/dev/null/lesson3-no-ares-content-db); keeping existing resourceLinks for L3
  [sectionC] ARES DB not found (/dev/null/lesson3-no-ares-content-db); keeping existing resourceLinks for L4
  [sectionC] ARES DB not found (/dev/null/lesson3-no-ares-content-db); keeping existing resourceLinks for L5
  [sectionC] ARES DB not found (/dev/null/lesson3-no-ares-content-db); keeping existing resourceLinks for L6
  [sectionC] ARES DB not found (/dev/null/lesson3-no-ares-content-db); keeping existing resourceLinks for L7
  [sectionC] ARES DB not found (/dev/null/lesson3-no-ares-content-db); keeping existing resourceLinks for L1
  [sectionC] ARES DB not found (/dev/null/lesson3-no-ares-content-db); keeping existing resourceLinks for L2
  [sectionC] ARES DB not found (/dev/null/lesson3-no-ares-content-db); keeping existing resourceLinks for L3
  [sectionC] ARES DB not found (/dev/null/lesson3-no-ares-content-db); keeping existing resourceLinks for L4
  [sectionC] ARES DB not found (/dev/null/lesson3-no-ares-content-db); keeping existing resourceLinks for L5
  [sectionC] ARES DB not found (/dev/null/lesson3-no-ares-content-db); keeping existing resourceLinks for L1
  [sectionC] ARES DB not found (/dev/null/lesson3-no-ares-content-db); keeping existing resourceLinks for L2
  [sectionC] ARES DB not found (/dev/null/lesson3-no-ares-content-db); keeping existing resourceLinks for L3
  [sectionC] ARES DB not found (/dev/null/lesson3-no-ares-content-db); keeping existing resourceLinks for L4
  [sectionC] ARES DB not found (/dev/null/lesson3-no-ares-content-db); keeping existing resourceLinks for L5
  [sectionC] ARES DB not found (/dev/null/lesson3-no-ares-content-db); keeping existing resourceLinks for L6
  [sectionC] ARES DB not found (/dev/null/lesson3-no-ares-content-db); keeping existing resourceLinks for L1
  [sectionC] ARES DB not found (/dev/null/lesson3-no-ares-content-db); keeping existing resourceLinks for L2
  [sectionC] ARES DB not found (/dev/null/lesson3-no-ares-content-db); keeping existing resourceLinks for L3
  [sectionC] ARES DB not found (/dev/null/lesson3-no-ares-content-db); keeping existing resourceLinks for L4
  [sectionC] ARES DB not found (/dev/null/lesson3-no-ares-content-db); keeping existing resourceLinks for L5
  [sectionC] ARES DB not found (/dev/null/lesson3-no-ares-content-db); keeping existing resourceLinks for L6
  [sectionC] ARES DB not found (/dev/null/lesson3-no-ares-content-db); keeping existing resourceLinks for L7
  [sectionC] ARES DB not found (/dev/null/lesson3-no-ares-content-db); keeping existing resourceLinks for L8
  [sectionC] ARES DB not found (/dev/null/lesson3-no-ares-content-db); keeping existing resourceLinks for L9
  [sectionC] ARES DB not found (/dev/null/lesson3-no-ares-content-db); keeping existing resourceLinks for L10
  [sectionC] ARES DB not found (/dev/null/lesson3-no-ares-content-db); keeping existing resourceLinks for L1
  [sectionC] ARES DB not found (/dev/null/lesson3-no-ares-content-db); keeping existing resourceLinks for L2
  [sectionC] ARES DB not found (/dev/null/lesson3-no-ares-content-db); keeping existing resourceLinks for L3
  [sectionC] ARES DB not found (/dev/null/lesson3-no-ares-content-db); keeping existing resourceLinks for L4
  [sectionC] ARES DB not found (/dev/null/lesson3-no-ares-content-db); keeping existing resourceLinks for L5
  [sectionC] ARES DB not found (/dev/null/lesson3-no-ares-content-db); keeping existing resourceLinks for L6
  [sectionC] ARES DB not found (/dev/null/lesson3-no-ares-content-db); keeping existing resourceLinks for L7
  [sectionC] ARES DB not found (/dev/null/lesson3-no-ares-content-db); keeping existing resourceLinks for L8
  [sectionC] ARES DB not found (/dev/null/lesson3-no-ares-content-db); keeping existing resourceLinks for L9
  [sectionC] ARES DB not found (/dev/null/lesson3-no-ares-content-db); keeping existing resourceLinks for L10
  [sectionC] ARES DB not found (/dev/null/lesson3-no-ares-content-db); keeping existing resourceLinks for L11
  [sectionC] ARES DB not found (/dev/null/lesson3-no-ares-content-db); keeping existing resourceLinks for L12
  [sectionC] ARES DB not found (/dev/null/lesson3-no-ares-content-db); keeping existing resourceLinks for L1
  [sectionC] ARES DB not found (/dev/null/lesson3-no-ares-content-db); keeping existing resourceLinks for L2
  [sectionC] ARES DB not found (/dev/null/lesson3-no-ares-content-db); keeping existing resourceLinks for L3
  [sectionC] ARES DB not found (/dev/null/lesson3-no-ares-content-db); keeping existing resourceLinks for L4
  [sectionC] ARES DB not found (/dev/null/lesson3-no-ares-content-db); keeping existing resourceLinks for L5
  [sectionC] ARES DB not found (/dev/null/lesson3-no-ares-content-db); keeping existing resourceLinks for L6
  [sectionC] ARES DB not found (/dev/null/lesson3-no-ares-content-db); keeping existing resourceLinks for L7
  [sectionC] ARES DB not found (/dev/null/lesson3-no-ares-content-db); keeping existing resourceLinks for L8
  [sectionC] ARES DB not found (/dev/null/lesson3-no-ares-content-db); keeping existing resourceLinks for L9
  [sectionC] ARES DB not found (/dev/null/lesson3-no-ares-content-db); keeping existing resourceLinks for L10
  [sectionC] ARES DB not found (/dev/null/lesson3-no-ares-content-db); keeping existing resourceLinks for L1
  [sectionC] ARES DB not found (/dev/null/lesson3-no-ares-content-db); keeping existing resourceLinks for L2
  [sectionC] ARES DB not found (/dev/null/lesson3-no-ares-content-db); keeping existing resourceLinks for L3
  [sectionC] ARES DB not found (/dev/null/lesson3-no-ares-content-db); keeping existing resourceLinks for L4
  [sectionC] ARES DB not found (/dev/null/lesson3-no-ares-content-db); keeping existing resourceLinks for L5
  [sectionC] ARES DB not found (/dev/null/lesson3-no-ares-content-db); keeping existing resourceLinks for L6
  [sectionC] ARES DB not found (/dev/null/lesson3-no-ares-content-db); keeping existing resourceLinks for L7
  [sectionC] ARES DB not found (/dev/null/lesson3-no-ares-content-db); keeping existing resourceLinks for L8
  [sectionC] ARES DB not found (/dev/null/lesson3-no-ares-content-db); keeping existing resourceLinks for L1
  [sectionC] ARES DB not found (/dev/null/lesson3-no-ares-content-db); keeping existing resourceLinks for L2
  [sectionC] ARES DB not found (/dev/null/lesson3-no-ares-content-db); keeping existing resourceLinks for L3
  [sectionC] ARES DB not found (/dev/null/lesson3-no-ares-content-db); keeping existing resourceLinks for L4
  [sectionC] ARES DB not found (/dev/null/lesson3-no-ares-content-db); keeping existing resourceLinks for L5
  [sectionC] ARES DB not found (/dev/null/lesson3-no-ares-content-db); keeping existing resourceLinks for L6
  [sectionC] ARES DB not found (/dev/null/lesson3-no-ares-content-db); keeping existing resourceLinks for L7
  [sectionC] ARES DB not found (/dev/null/lesson3-no-ares-content-db); keeping existing resourceLinks for L1
  [sectionC] ARES DB not found (/dev/null/lesson3-no-ares-content-db); keeping existing resourceLinks for L2
  [sectionC] ARES DB not found (/dev/null/lesson3-no-ares-content-db); keeping existing resourceLinks for L3
  [sectionC] ARES DB not found (/dev/null/lesson3-no-ares-content-db); keeping existing resourceLinks for L4
  [sectionC] ARES DB not found (/dev/null/lesson3-no-ares-content-db); keeping existing resourceLinks for L5
  [sectionC] ARES DB not found (/dev/null/lesson3-no-ares-content-db); keeping existing resourceLinks for L6
  [sectionC] ARES DB not found (/dev/null/lesson3-no-ares-content-db); keeping existing resourceLinks for L7
  [sectionC] ARES DB not found (/dev/null/lesson3-no-ares-content-db); keeping existing resourceLinks for L8
  [sectionC] ARES DB not found (/dev/null/lesson3-no-ares-content-db); keeping existing resourceLinks for L1
  [sectionC] ARES DB not found (/dev/null/lesson3-no-ares-content-db); keeping existing resourceLinks for L2
  [sectionC] ARES DB not found (/dev/null/lesson3-no-ares-content-db); keeping existing resourceLinks for L3
  [sectionC] ARES DB not found (/dev/null/lesson3-no-ares-content-db); keeping existing resourceLinks for L4
  [sectionC] ARES DB not found (/dev/null/lesson3-no-ares-content-db); keeping existing resourceLinks for L5
  [sectionC] ARES DB not found (/dev/null/lesson3-no-ares-content-db); keeping existing resourceLinks for L6
  [sectionC] ARES DB not found (/dev/null/lesson3-no-ares-content-db); keeping existing resourceLinks for L7
  [sectionC] ARES DB not found (/dev/null/lesson3-no-ares-content-db); keeping existing resourceLinks for L8
  [sectionC] ARES DB not found (/dev/null/lesson3-no-ares-content-db); keeping existing resourceLinks for L1
  [sectionC] ARES DB not found (/dev/null/lesson3-no-ares-content-db); keeping existing resourceLinks for L2
  [sectionC] ARES DB not found (/dev/null/lesson3-no-ares-content-db); keeping existing resourceLinks for L3
  [sectionC] ARES DB not found (/dev/null/lesson3-no-ares-content-db); keeping existing resourceLinks for L4
  [sectionC] ARES DB not found (/dev/null/lesson3-no-ares-content-db); keeping existing resourceLinks for L5
  [sectionC] ARES DB not found (/dev/null/lesson3-no-ares-content-db); keeping existing resourceLinks for L6
  [sectionC] ARES DB not found (/dev/null/lesson3-no-ares-content-db); keeping existing resourceLinks for L7
  [sectionC] ARES DB not found (/dev/null/lesson3-no-ares-content-db); keeping existing resourceLinks for L8
  [sectionC] ARES DB not found (/dev/null/lesson3-no-ares-content-db); keeping existing resourceLinks for L1
  [sectionC] ARES DB not found (/dev/null/lesson3-no-ares-content-db); keeping existing resourceLinks for L2
  [sectionC] ARES DB not found (/dev/null/lesson3-no-ares-content-db); keeping existing resourceLinks for L3
  [sectionC] ARES DB not found (/dev/null/lesson3-no-ares-content-db); keeping existing resourceLinks for L4
  [sectionC] ARES DB not found (/dev/null/lesson3-no-ares-content-db); keeping existing resourceLinks for L5
  [sectionC] ARES DB not found (/dev/null/lesson3-no-ares-content-db); keeping existing resourceLinks for L6
  [sectionC] ARES DB not found (/dev/null/lesson3-no-ares-content-db); keeping existing resourceLinks for L7
  [sectionC] ARES DB not found (/dev/null/lesson3-no-ares-content-db); keeping existing resourceLinks for L8
  [sectionC] ARES DB not found (/dev/null/lesson3-no-ares-content-db); keeping existing resourceLinks for L9
  [sectionC] ARES DB not found (/dev/null/lesson3-no-ares-content-db); keeping existing resourceLinks for L10
  [sectionC] ARES DB not found (/dev/null/lesson3-no-ares-content-db); keeping existing resourceLinks for L1
  [sectionC] ARES DB not found (/dev/null/lesson3-no-ares-content-db); keeping existing resourceLinks for L2
  [sectionC] ARES DB not found (/dev/null/lesson3-no-ares-content-db); keeping existing resourceLinks for L3
  [sectionC] ARES DB not found (/dev/null/lesson3-no-ares-content-db); keeping existing resourceLinks for L4
  [sectionC] ARES DB not found (/dev/null/lesson3-no-ares-content-db); keeping existing resourceLinks for L5
  [sectionC] ARES DB not found (/dev/null/lesson3-no-ares-content-db); keeping existing resourceLinks for L6
  [sectionC] ARES DB not found (/dev/null/lesson3-no-ares-content-db); keeping existing resourceLinks for L7
  [sectionC] ARES DB not found (/dev/null/lesson3-no-ares-content-db); keeping existing resourceLinks for L8
  [sectionC] ARES DB not found (/dev/null/lesson3-no-ares-content-db); keeping existing resourceLinks for L9
  [sectionC] ARES DB not found (/dev/null/lesson3-no-ares-content-db); keeping existing resourceLinks for L10
  [sectionC] ARES DB not found (/dev/null/lesson3-no-ares-content-db); keeping existing resourceLinks for L11
  [sectionC] ARES DB not found (/dev/null/lesson3-no-ares-content-db); keeping existing resourceLinks for L12
  [sectionC] ARES DB not found (/dev/null/lesson3-no-ares-content-db); keeping existing resourceLinks for L13
  [sectionC] ARES DB not found (/dev/null/lesson3-no-ares-content-db); keeping existing resourceLinks for L1
  [sectionC] ARES DB not found (/dev/null/lesson3-no-ares-content-db); keeping existing resourceLinks for L2
  [sectionC] ARES DB not found (/dev/null/lesson3-no-ares-content-db); keeping existing resourceLinks for L3
  [sectionC] ARES DB not found (/dev/null/lesson3-no-ares-content-db); keeping existing resourceLinks for L4
  [sectionC] ARES DB not found (/dev/null/lesson3-no-ares-content-db); keeping existing resourceLinks for L5
  [sectionC] ARES DB not found (/dev/null/lesson3-no-ares-content-db); keeping existing resourceLinks for L6
  [sectionC] ARES DB not found (/dev/null/lesson3-no-ares-content-db); keeping existing resourceLinks for L7
  [sectionC] ARES DB not found (/dev/null/lesson3-no-ares-content-db); keeping existing resourceLinks for L8
  [sectionC] ARES DB not found (/dev/null/lesson3-no-ares-content-db); keeping existing resourceLinks for L9
  [sectionC] ARES DB not found (/dev/null/lesson3-no-ares-content-db); keeping existing resourceLinks for L10
  [sectionC] ARES DB not found (/dev/null/lesson3-no-ares-content-db); keeping existing resourceLinks for L1
  [sectionC] ARES DB not found (/dev/null/lesson3-no-ares-content-db); keeping existing resourceLinks for L2
  [sectionC] ARES DB not found (/dev/null/lesson3-no-ares-content-db); keeping existing resourceLinks for L3
  [sectionC] ARES DB not found (/dev/null/lesson3-no-ares-content-db); keeping existing resourceLinks for L4
  [sectionC] ARES DB not found (/dev/null/lesson3-no-ares-content-db); keeping existing resourceLinks for L5
  [sectionC] ARES DB not found (/dev/null/lesson3-no-ares-content-db); keeping existing resourceLinks for L6
  [sectionC] ARES DB not found (/dev/null/lesson3-no-ares-content-db); keeping existing resourceLinks for L7
  [sectionC] ARES DB not found (/dev/null/lesson3-no-ares-content-db); keeping existing resourceLinks for L8
  [sectionC] ARES DB not found (/dev/null/lesson3-no-ares-content-db); keeping existing resourceLinks for L1
  [sectionC] ARES DB not found (/dev/null/lesson3-no-ares-content-db); keeping existing resourceLinks for L2
  [sectionC] ARES DB not found (/dev/null/lesson3-no-ares-content-db); keeping existing resourceLinks for L3
  [sectionC] ARES DB not found (/dev/null/lesson3-no-ares-content-db); keeping existing resourceLinks for L4
  [sectionC] ARES DB not found (/dev/null/lesson3-no-ares-content-db); keeping existing resourceLinks for L5
  [sectionC] ARES DB not found (/dev/null/lesson3-no-ares-content-db); keeping existing resourceLinks for L6
  [sectionC] ARES DB not found (/dev/null/lesson3-no-ares-content-db); keeping existing resourceLinks for L7
  [sectionC] ARES DB not found (/dev/null/lesson3-no-ares-content-db); keeping existing resourceLinks for L1
  [sectionC] ARES DB not found (/dev/null/lesson3-no-ares-content-db); keeping existing resourceLinks for L2
  [sectionC] ARES DB not found (/dev/null/lesson3-no-ares-content-db); keeping existing resourceLinks for L3
  [sectionC] ARES DB not found (/dev/null/lesson3-no-ares-content-db); keeping existing resourceLinks for L4
  [sectionC] ARES DB not found (/dev/null/lesson3-no-ares-content-db); keeping existing resourceLinks for L5
  [sectionC] ARES DB not found (/dev/null/lesson3-no-ares-content-db); keeping existing resourceLinks for L6
  [sectionC] ARES DB not found (/dev/null/lesson3-no-ares-content-db); keeping existing resourceLinks for L7
  [sectionC] ARES DB not found (/dev/null/lesson3-no-ares-content-db); keeping existing resourceLinks for L8
  [sectionC] ARES DB not found (/dev/null/lesson3-no-ares-content-db); keeping existing resourceLinks for L9
  [sectionC] ARES DB not found (/dev/null/lesson3-no-ares-content-db); keeping existing resourceLinks for L1
  [sectionC] ARES DB not found (/dev/null/lesson3-no-ares-content-db); keeping existing resourceLinks for L2
  [sectionC] ARES DB not found (/dev/null/lesson3-no-ares-content-db); keeping existing resourceLinks for L3
  [sectionC] ARES DB not found (/dev/null/lesson3-no-ares-content-db); keeping existing resourceLinks for L4
  [sectionC] ARES DB not found (/dev/null/lesson3-no-ares-content-db); keeping existing resourceLinks for L5
  [sectionC] ARES DB not found (/dev/null/lesson3-no-ares-content-db); keeping existing resourceLinks for L6
  [sectionC] ARES DB not found (/dev/null/lesson3-no-ares-content-db); keeping existing resourceLinks for L7
  [sectionC] ARES DB not found (/dev/null/lesson3-no-ares-content-db); keeping existing resourceLinks for L8
  [sectionC] ARES DB not found (/dev/null/lesson3-no-ares-content-db); keeping existing resourceLinks for L9
  [sectionC] ARES DB not found (/dev/null/lesson3-no-ares-content-db); keeping existing resourceLinks for L10
  [sectionC] ARES DB not found (/dev/null/lesson3-no-ares-content-db); keeping existing resourceLinks for L1
  [sectionC] ARES DB not found (/dev/null/lesson3-no-ares-content-db); keeping existing resourceLinks for L2
  [sectionC] ARES DB not found (/dev/null/lesson3-no-ares-content-db); keeping existing resourceLinks for L3
  [sectionC] ARES DB not found (/dev/null/lesson3-no-ares-content-db); keeping existing resourceLinks for L4
  [sectionC] ARES DB not found (/dev/null/lesson3-no-ares-content-db); keeping existing resourceLinks for L5
  [sectionC] ARES DB not found (/dev/null/lesson3-no-ares-content-db); keeping existing resourceLinks for L6
  [sectionC] ARES DB not found (/dev/null/lesson3-no-ares-content-db); keeping existing resourceLinks for L7
  [sectionC] ARES DB not found (/dev/null/lesson3-no-ares-content-db); keeping existing resourceLinks for L8
  [sectionC] ARES DB not found (/dev/null/lesson3-no-ares-content-db); keeping existing resourceLinks for L1
  [sectionC] ARES DB not found (/dev/null/lesson3-no-ares-content-db); keeping existing resourceLinks for L2
  [sectionC] ARES DB not found (/dev/null/lesson3-no-ares-content-db); keeping existing resourceLinks for L3
  [sectionC] ARES DB not found (/dev/null/lesson3-no-ares-content-db); keeping existing resourceLinks for L4
  [sectionC] ARES DB not found (/dev/null/lesson3-no-ares-content-db); keeping existing resourceLinks for L5
  [sectionC] ARES DB not found (/dev/null/lesson3-no-ares-content-db); keeping existing resourceLinks for L6
  [sectionC] ARES DB not found (/dev/null/lesson3-no-ares-content-db); keeping existing resourceLinks for L7
  [sectionC] ARES DB not found (/dev/null/lesson3-no-ares-content-db); keeping existing resourceLinks for L8
  [sectionC] ARES DB not found (/dev/null/lesson3-no-ares-content-db); keeping existing resourceLinks for L1
  [sectionC] ARES DB not found (/dev/null/lesson3-no-ares-content-db); keeping existing resourceLinks for L2
  [sectionC] ARES DB not found (/dev/null/lesson3-no-ares-content-db); keeping existing resourceLinks for L3
  [sectionC] ARES DB not found (/dev/null/lesson3-no-ares-content-db); keeping existing resourceLinks for L4
  [sectionC] ARES DB not found (/dev/null/lesson3-no-ares-content-db); keeping existing resourceLinks for L5
  [sectionC] ARES DB not found (/dev/null/lesson3-no-ares-content-db); keeping existing resourceLinks for L6
  [sectionC] ARES DB not found (/dev/null/lesson3-no-ares-content-db); keeping existing resourceLinks for L7
  [sectionC] ARES DB not found (/dev/null/lesson3-no-ares-content-db); keeping existing resourceLinks for L8
  [sectionC] ARES DB not found (/dev/null/lesson3-no-ares-content-db); keeping existing resourceLinks for L1
  [sectionC] ARES DB not found (/dev/null/lesson3-no-ares-content-db); keeping existing resourceLinks for L2
  [sectionC] ARES DB not found (/dev/null/lesson3-no-ares-content-db); keeping existing resourceLinks for L3
  [sectionC] ARES DB not found (/dev/null/lesson3-no-ares-content-db); keeping existing resourceLinks for L4
  [sectionC] ARES DB not found (/dev/null/lesson3-no-ares-content-db); keeping existing resourceLinks for L5
  [sectionC] ARES DB not found (/dev/null/lesson3-no-ares-content-db); keeping existing resourceLinks for L6
  [sectionC] ARES DB not found (/dev/null/lesson3-no-ares-content-db); keeping existing resourceLinks for L7
  [sectionC] ARES DB not found (/dev/null/lesson3-no-ares-content-db); keeping existing resourceLinks for L8
  [sectionC] ARES DB not found (/dev/null/lesson3-no-ares-content-db); keeping existing resourceLinks for L1
  [sectionC] ARES DB not found (/dev/null/lesson3-no-ares-content-db); keeping existing resourceLinks for L2
  [sectionC] ARES DB not found (/dev/null/lesson3-no-ares-content-db); keeping existing resourceLinks for L3
  [sectionC] ARES DB not found (/dev/null/lesson3-no-ares-content-db); keeping existing resourceLinks for L4
  [sectionC] ARES DB not found (/dev/null/lesson3-no-ares-content-db); keeping existing resourceLinks for L5
  [sectionC] ARES DB not found (/dev/null/lesson3-no-ares-content-db); keeping existing resourceLinks for L6
  [sectionC] ARES DB not found (/dev/null/lesson3-no-ares-content-db); keeping existing resourceLinks for L7
  [sectionC] ARES DB not found (/dev/null/lesson3-no-ares-content-db); keeping existing resourceLinks for L8
  [sectionC] ARES DB not found (/dev/null/lesson3-no-ares-content-db); keeping existing resourceLinks for L1
  [sectionC] ARES DB not found (/dev/null/lesson3-no-ares-content-db); keeping existing resourceLinks for L2
  [sectionC] ARES DB not found (/dev/null/lesson3-no-ares-content-db); keeping existing resourceLinks for L3
  [sectionC] ARES DB not found (/dev/null/lesson3-no-ares-content-db); keeping existing resourceLinks for L4
  [sectionC] ARES DB not found (/dev/null/lesson3-no-ares-content-db); keeping existing resourceLinks for L5
  [sectionC] ARES DB not found (/dev/null/lesson3-no-ares-content-db); keeping existing resourceLinks for L6
  [sectionC] ARES DB not found (/dev/null/lesson3-no-ares-content-db); keeping existing resourceLinks for L7
  [sectionC] ARES DB not found (/dev/null/lesson3-no-ares-content-db); keeping existing resourceLinks for L8
  [sectionC] ARES DB not found (/dev/null/lesson3-no-ares-content-db); keeping existing resourceLinks for L1
  [sectionC] ARES DB not found (/dev/null/lesson3-no-ares-content-db); keeping existing resourceLinks for L2
  [sectionC] ARES DB not found (/dev/null/lesson3-no-ares-content-db); keeping existing resourceLinks for L3
  [sectionC] ARES DB not found (/dev/null/lesson3-no-ares-content-db); keeping existing resourceLinks for L4
  [sectionC] ARES DB not found (/dev/null/lesson3-no-ares-content-db); keeping existing resourceLinks for L5
  [sectionC] ARES DB not found (/dev/null/lesson3-no-ares-content-db); keeping existing resourceLinks for L6
  [sectionC] ARES DB not found (/dev/null/lesson3-no-ares-content-db); keeping existing resourceLinks for L7
  [sectionC] ARES DB not found (/dev/null/lesson3-no-ares-content-db); keeping existing resourceLinks for L8
  [sectionC] ARES DB not found (/dev/null/lesson3-no-ares-content-db); keeping existing resourceLinks for L1
  [sectionC] ARES DB not found (/dev/null/lesson3-no-ares-content-db); keeping existing resourceLinks for L2
  [sectionC] ARES DB not found (/dev/null/lesson3-no-ares-content-db); keeping existing resourceLinks for L3
  [sectionC] ARES DB not found (/dev/null/lesson3-no-ares-content-db); keeping existing resourceLinks for L4
  [sectionC] ARES DB not found (/dev/null/lesson3-no-ares-content-db); keeping existing resourceLinks for L5
  [sectionC] ARES DB not found (/dev/null/lesson3-no-ares-content-db); keeping existing resourceLinks for L6
  [sectionC] ARES DB not found (/dev/null/lesson3-no-ares-content-db); keeping existing resourceLinks for L7
  [sectionC] ARES DB not found (/dev/null/lesson3-no-ares-content-db); keeping existing resourceLinks for L8
  [sectionC] ARES DB not found (/dev/null/lesson3-no-ares-content-db); keeping existing resourceLinks for L1
  [sectionC] ARES DB not found (/dev/null/lesson3-no-ares-content-db); keeping existing resourceLinks for L2
  [sectionC] ARES DB not found (/dev/null/lesson3-no-ares-content-db); keeping existing resourceLinks for L3
  [sectionC] ARES DB not found (/dev/null/lesson3-no-ares-content-db); keeping existing resourceLinks for L4
  [sectionC] ARES DB not found (/dev/null/lesson3-no-ares-content-db); keeping existing resourceLinks for L5
  [sectionC] ARES DB not found (/dev/null/lesson3-no-ares-content-db); keeping existing resourceLinks for L6
  [sectionC] ARES DB not found (/dev/null/lesson3-no-ares-content-db); keeping existing resourceLinks for L7
  [sectionC] ARES DB not found (/dev/null/lesson3-no-ares-content-db); keeping existing resourceLinks for L8
  [sectionC] ARES DB not found (/dev/null/lesson3-no-ares-content-db); keeping existing resourceLinks for L1
  [sectionC] ARES DB not found (/dev/null/lesson3-no-ares-content-db); keeping existing resourceLinks for L2
  [sectionC] ARES DB not found (/dev/null/lesson3-no-ares-content-db); keeping existing resourceLinks for L3
  [sectionC] ARES DB not found (/dev/null/lesson3-no-ares-content-db); keeping existing resourceLinks for L4
  [sectionC] ARES DB not found (/dev/null/lesson3-no-ares-content-db); keeping existing resourceLinks for L5
  [sectionC] ARES DB not found (/dev/null/lesson3-no-ares-content-db); keeping existing resourceLinks for L6
  [sectionC] ARES DB not found (/dev/null/lesson3-no-ares-content-db); keeping existing resourceLinks for L7
  [sectionC] ARES DB not found (/dev/null/lesson3-no-ares-content-db); keeping existing resourceLinks for L8
  [sectionC] ARES DB not found (/dev/null/lesson3-no-ares-content-db); keeping existing resourceLinks for L1
  [sectionC] ARES DB not found (/dev/null/lesson3-no-ares-content-db); keeping existing resourceLinks for L2
  [sectionC] ARES DB not found (/dev/null/lesson3-no-ares-content-db); keeping existing resourceLinks for L3
  [sectionC] ARES DB not found (/dev/null/lesson3-no-ares-content-db); keeping existing resourceLinks for L4
  [sectionC] ARES DB not found (/dev/null/lesson3-no-ares-content-db); keeping existing resourceLinks for L5
  [sectionC] ARES DB not found (/dev/null/lesson3-no-ares-content-db); keeping existing resourceLinks for L6
  [sectionC] ARES DB not found (/dev/null/lesson3-no-ares-content-db); keeping existing resourceLinks for L7
  [sectionC] ARES DB not found (/dev/null/lesson3-no-ares-content-db); keeping existing resourceLinks for L8
  [sectionC] ARES DB not found (/dev/null/lesson3-no-ares-content-db); keeping existing resourceLinks for L1
  [sectionC] ARES DB not found (/dev/null/lesson3-no-ares-content-db); keeping existing resourceLinks for L2
  [sectionC] ARES DB not found (/dev/null/lesson3-no-ares-content-db); keeping existing resourceLinks for L3
  [sectionC] ARES DB not found (/dev/null/lesson3-no-ares-content-db); keeping existing resourceLinks for L4
  [sectionC] ARES DB not found (/dev/null/lesson3-no-ares-content-db); keeping existing resourceLinks for L5
  [sectionC] ARES DB not found (/dev/null/lesson3-no-ares-content-db); keeping existing resourceLinks for L6
  [sectionC] ARES DB not found (/dev/null/lesson3-no-ares-content-db); keeping existing resourceLinks for L7
  [sectionC] ARES DB not found (/dev/null/lesson3-no-ares-content-db); keeping existing resourceLinks for L8
  [sectionC] ARES DB not found (/dev/null/lesson3-no-ares-content-db); keeping existing resourceLinks for L1
  [sectionC] ARES DB not found (/dev/null/lesson3-no-ares-content-db); keeping existing resourceLinks for L2
  [sectionC] ARES DB not found (/dev/null/lesson3-no-ares-content-db); keeping existing resourceLinks for L3
  [sectionC] ARES DB not found (/dev/null/lesson3-no-ares-content-db); keeping existing resourceLinks for L4
  [sectionC] ARES DB not found (/dev/null/lesson3-no-ares-content-db); keeping existing resourceLinks for L5
  [sectionC] ARES DB not found (/dev/null/lesson3-no-ares-content-db); keeping existing resourceLinks for L6
  [sectionC] ARES DB not found (/dev/null/lesson3-no-ares-content-db); keeping existing resourceLinks for L7
  [sectionC] ARES DB not found (/dev/null/lesson3-no-ares-content-db); keeping existing resourceLinks for L8
  [sectionC] ARES DB not found (/dev/null/lesson3-no-ares-content-db); keeping existing resourceLinks for L1
  [sectionC] ARES DB not found (/dev/null/lesson3-no-ares-content-db); keeping existing resourceLinks for L2
  [sectionC] ARES DB not found (/dev/null/lesson3-no-ares-content-db); keeping existing resourceLinks for L3
  [sectionC] ARES DB not found (/dev/null/lesson3-no-ares-content-db); keeping existing resourceLinks for L4
  [sectionC] ARES DB not found (/dev/null/lesson3-no-ares-content-db); keeping existing resourceLinks for L5
  [sectionC] ARES DB not found (/dev/null/lesson3-no-ares-content-db); keeping existing resourceLinks for L6
  [sectionC] ARES DB not found (/dev/null/lesson3-no-ares-content-db); keeping existing resourceLinks for L7
  [sectionC] ARES DB not found (/dev/null/lesson3-no-ares-content-db); keeping existing resourceLinks for L8
  [sectionC] ARES DB not found (/dev/null/lesson3-no-ares-content-db); keeping existing resourceLinks for L1
  [sectionC] ARES DB not found (/dev/null/lesson3-no-ares-content-db); keeping existing resourceLinks for L2
  [sectionC] ARES DB not found (/dev/null/lesson3-no-ares-content-db); keeping existing resourceLinks for L3
  [sectionC] ARES DB not found (/dev/null/lesson3-no-ares-content-db); keeping existing resourceLinks for L4
  [sectionC] ARES DB not found (/dev/null/lesson3-no-ares-content-db); keeping existing resourceLinks for L5
  [sectionC] ARES DB not found (/dev/null/lesson3-no-ares-content-db); keeping existing resourceLinks for L6
  [sectionC] ARES DB not found (/dev/null/lesson3-no-ares-content-db); keeping existing resourceLinks for L7
  [sectionC] ARES DB not found (/dev/null/lesson3-no-ares-content-db); keeping existing resourceLinks for L8
  [sectionC] ARES DB not found (/dev/null/lesson3-no-ares-content-db); keeping existing resourceLinks for L1
  [sectionC] ARES DB not found (/dev/null/lesson3-no-ares-content-db); keeping existing resourceLinks for L2
  [sectionC] ARES DB not found (/dev/null/lesson3-no-ares-content-db); keeping existing resourceLinks for L3
  [sectionC] ARES DB not found (/dev/null/lesson3-no-ares-content-db); keeping existing resourceLinks for L4
  [sectionC] ARES DB not found (/dev/null/lesson3-no-ares-content-db); keeping existing resourceLinks for L5
  [sectionC] ARES DB not found (/dev/null/lesson3-no-ares-content-db); keeping existing resourceLinks for L6
  [sectionC] ARES DB not found (/dev/null/lesson3-no-ares-content-db); keeping existing resourceLinks for L7
  [sectionC] ARES DB not found (/dev/null/lesson3-no-ares-content-db); keeping existing resourceLinks for L8
  [sectionC] ARES DB not found (/dev/null/lesson3-no-ares-content-db); keeping existing resourceLinks for L1
  [sectionC] ARES DB not found (/dev/null/lesson3-no-ares-content-db); keeping existing resourceLinks for L2
  [sectionC] ARES DB not found (/dev/null/lesson3-no-ares-content-db); keeping existing resourceLinks for L3
  [sectionC] ARES DB not found (/dev/null/lesson3-no-ares-content-db); keeping existing resourceLinks for L4
  [sectionC] ARES DB not found (/dev/null/lesson3-no-ares-content-db); keeping existing resourceLinks for L5
  [sectionC] ARES DB not found (/dev/null/lesson3-no-ares-content-db); keeping existing resourceLinks for L6
  [sectionC] ARES DB not found (/dev/null/lesson3-no-ares-content-db); keeping existing resourceLinks for L7
  [sectionC] ARES DB not found (/dev/null/lesson3-no-ares-content-db); keeping existing resourceLinks for L8
  [sectionC] ARES DB not found (/dev/null/lesson3-no-ares-content-db); keeping existing resourceLinks for L1
  [sectionC] ARES DB not found (/dev/null/lesson3-no-ares-content-db); keeping existing resourceLinks for L2
  [sectionC] ARES DB not found (/dev/null/lesson3-no-ares-content-db); keeping existing resourceLinks for L3
  [sectionC] ARES DB not found (/dev/null/lesson3-no-ares-content-db); keeping existing resourceLinks for L4
  [sectionC] ARES DB not found (/dev/null/lesson3-no-ares-content-db); keeping existing resourceLinks for L5
  [sectionC] ARES DB not found (/dev/null/lesson3-no-ares-content-db); keeping existing resourceLinks for L6
  [sectionC] ARES DB not found (/dev/null/lesson3-no-ares-content-db); keeping existing resourceLinks for L7
  [sectionC] ARES DB not found (/dev/null/lesson3-no-ares-content-db); keeping existing resourceLinks for L8
  [sectionC] ARES DB not found (/dev/null/lesson3-no-ares-content-db); keeping existing resourceLinks for L1
  [sectionC] ARES DB not found (/dev/null/lesson3-no-ares-content-db); keeping existing resourceLinks for L2
  [sectionC] ARES DB not found (/dev/null/lesson3-no-ares-content-db); keeping existing resourceLinks for L3
  [sectionC] ARES DB not found (/dev/null/lesson3-no-ares-content-db); keeping existing resourceLinks for L4
  [sectionC] ARES DB not found (/dev/null/lesson3-no-ares-content-db); keeping existing resourceLinks for L5
  [sectionC] ARES DB not found (/dev/null/lesson3-no-ares-content-db); keeping existing resourceLinks for L6
  [sectionC] ARES DB not found (/dev/null/lesson3-no-ares-content-db); keeping existing resourceLinks for L7
  [sectionC] ARES DB not found (/dev/null/lesson3-no-ares-content-db); keeping existing resourceLinks for L8
  [sectionC] ARES DB not found (/dev/null/lesson3-no-ares-content-db); keeping existing resourceLinks for L1
  [sectionC] ARES DB not found (/dev/null/lesson3-no-ares-content-db); keeping existing resourceLinks for L2
  [sectionC] ARES DB not found (/dev/null/lesson3-no-ares-content-db); keeping existing resourceLinks for L3
  [sectionC] ARES DB not found (/dev/null/lesson3-no-ares-content-db); keeping existing resourceLinks for L4
  [sectionC] ARES DB not found (/dev/null/lesson3-no-ares-content-db); keeping existing resourceLinks for L5
  [sectionC] ARES DB not found (/dev/null/lesson3-no-ares-content-db); keeping existing resourceLinks for L6
  [sectionC] ARES DB not found (/dev/null/lesson3-no-ares-content-db); keeping existing resourceLinks for L7
  [sectionC] ARES DB not found (/dev/null/lesson3-no-ares-content-db); keeping existing resourceLinks for L8
  [sectionC] ARES DB not found (/dev/null/lesson3-no-ares-content-db); keeping existing resourceLinks for L1
  [sectionC] ARES DB not found (/dev/null/lesson3-no-ares-content-db); keeping existing resourceLinks for L2
  [sectionC] ARES DB not found (/dev/null/lesson3-no-ares-content-db); keeping existing resourceLinks for L3
  [sectionC] ARES DB not found (/dev/null/lesson3-no-ares-content-db); keeping existing resourceLinks for L4
  [sectionC] ARES DB not found (/dev/null/lesson3-no-ares-content-db); keeping existing resourceLinks for L5
  [sectionC] ARES DB not found (/dev/null/lesson3-no-ares-content-db); keeping existing resourceLinks for L6
  [sectionC] ARES DB not found (/dev/null/lesson3-no-ares-content-db); keeping existing resourceLinks for L7
  [sectionC] ARES DB not found (/dev/null/lesson3-no-ares-content-db); keeping existing resourceLinks for L8
  [sectionC] ARES DB not found (/dev/null/lesson3-no-ares-content-db); keeping existing resourceLinks for L1
  [sectionC] ARES DB not found (/dev/null/lesson3-no-ares-content-db); keeping existing resourceLinks for L2
  [sectionC] ARES DB not found (/dev/null/lesson3-no-ares-content-db); keeping existing resourceLinks for L3
  [sectionC] ARES DB not found (/dev/null/lesson3-no-ares-content-db); keeping existing resourceLinks for L4
  [sectionC] ARES DB not found (/dev/null/lesson3-no-ares-content-db); keeping existing resourceLinks for L5
  [sectionC] ARES DB not found (/dev/null/lesson3-no-ares-content-db); keeping existing resourceLinks for L6
  [sectionC] ARES DB not found (/dev/null/lesson3-no-ares-content-db); keeping existing resourceLinks for L7
  [sectionC] ARES DB not found (/dev/null/lesson3-no-ares-content-db); keeping existing resourceLinks for L8
  [sectionC] ARES DB not found (/dev/null/lesson3-no-ares-content-db); keeping existing resourceLinks for L1
  [sectionC] ARES DB not found (/dev/null/lesson3-no-ares-content-db); keeping existing resourceLinks for L2
  [sectionC] ARES DB not found (/dev/null/lesson3-no-ares-content-db); keeping existing resourceLinks for L3
  [sectionC] ARES DB not found (/dev/null/lesson3-no-ares-content-db); keeping existing resourceLinks for L4
  [sectionC] ARES DB not found (/dev/null/lesson3-no-ares-content-db); keeping existing resourceLinks for L5
  [sectionC] ARES DB not found (/dev/null/lesson3-no-ares-content-db); keeping existing resourceLinks for L6
  [sectionC] ARES DB not found (/dev/null/lesson3-no-ares-content-db); keeping existing resourceLinks for L7
  [sectionC] ARES DB not found (/dev/null/lesson3-no-ares-content-db); keeping existing resourceLinks for L8
  [sectionC] ARES DB not found (/dev/null/lesson3-no-ares-content-db); keeping existing resourceLinks for L1
  [sectionC] ARES DB not found (/dev/null/lesson3-no-ares-content-db); keeping existing resourceLinks for L2
  [sectionC] ARES DB not found (/dev/null/lesson3-no-ares-content-db); keeping existing resourceLinks for L3
  [sectionC] ARES DB not found (/dev/null/lesson3-no-ares-content-db); keeping existing resourceLinks for L4
  [sectionC] ARES DB not found (/dev/null/lesson3-no-ares-content-db); keeping existing resourceLinks for L5
  [sectionC] ARES DB not found (/dev/null/lesson3-no-ares-content-db); keeping existing resourceLinks for L6
  [sectionC] ARES DB not found (/dev/null/lesson3-no-ares-content-db); keeping existing resourceLinks for L7
  [sectionC] ARES DB not found (/dev/null/lesson3-no-ares-content-db); keeping existing resourceLinks for L8
  [sectionC] ARES DB not found (/dev/null/lesson3-no-ares-content-db); keeping existing resourceLinks for L1
  [sectionC] ARES DB not found (/dev/null/lesson3-no-ares-content-db); keeping existing resourceLinks for L2
  [sectionC] ARES DB not found (/dev/null/lesson3-no-ares-content-db); keeping existing resourceLinks for L3
  [sectionC] ARES DB not found (/dev/null/lesson3-no-ares-content-db); keeping existing resourceLinks for L4
  [sectionC] ARES DB not found (/dev/null/lesson3-no-ares-content-db); keeping existing resourceLinks for L5
  [sectionC] ARES DB not found (/dev/null/lesson3-no-ares-content-db); keeping existing resourceLinks for L6
  [sectionC] ARES DB not found (/dev/null/lesson3-no-ares-content-db); keeping existing resourceLinks for L7
  [sectionC] ARES DB not found (/dev/null/lesson3-no-ares-content-db); keeping existing resourceLinks for L8
  [sectionC] ARES DB not found (/dev/null/lesson3-no-ares-content-db); keeping existing resourceLinks for L1
  [sectionC] ARES DB not found (/dev/null/lesson3-no-ares-content-db); keeping existing resourceLinks for L2
  [sectionC] ARES DB not found (/dev/null/lesson3-no-ares-content-db); keeping existing resourceLinks for L3
  [sectionC] ARES DB not found (/dev/null/lesson3-no-ares-content-db); keeping existing resourceLinks for L4
  [sectionC] ARES DB not found (/dev/null/lesson3-no-ares-content-db); keeping existing resourceLinks for L5
  [sectionC] ARES DB not found (/dev/null/lesson3-no-ares-content-db); keeping existing resourceLinks for L6
  [sectionC] ARES DB not found (/dev/null/lesson3-no-ares-content-db); keeping existing resourceLinks for L7
  [sectionC] ARES DB not found (/dev/null/lesson3-no-ares-content-db); keeping existing resourceLinks for L8
  [sectionC] ARES DB not found (/dev/null/lesson3-no-ares-content-db); keeping existing resourceLinks for L1
  [sectionC] ARES DB not found (/dev/null/lesson3-no-ares-content-db); keeping existing resourceLinks for L2
  [sectionC] ARES DB not found (/dev/null/lesson3-no-ares-content-db); keeping existing resourceLinks for L3
  [sectionC] ARES DB not found (/dev/null/lesson3-no-ares-content-db); keeping existing resourceLinks for L4
  [sectionC] ARES DB not found (/dev/null/lesson3-no-ares-content-db); keeping existing resourceLinks for L5
  [sectionC] ARES DB not found (/dev/null/lesson3-no-ares-content-db); keeping existing resourceLinks for L6
  [sectionC] ARES DB not found (/dev/null/lesson3-no-ares-content-db); keeping existing resourceLinks for L7
  [sectionC] ARES DB not found (/dev/null/lesson3-no-ares-content-db); keeping existing resourceLinks for L8
  [sectionC] ARES DB not found (/dev/null/lesson3-no-ares-content-db); keeping existing resourceLinks for L1
  [sectionC] ARES DB not found (/dev/null/lesson3-no-ares-content-db); keeping existing resourceLinks for L2
  [sectionC] ARES DB not found (/dev/null/lesson3-no-ares-content-db); keeping existing resourceLinks for L3
  [sectionC] ARES DB not found (/dev/null/lesson3-no-ares-content-db); keeping existing resourceLinks for L4
  [sectionC] ARES DB not found (/dev/null/lesson3-no-ares-content-db); keeping existing resourceLinks for L5
  [sectionC] ARES DB not found (/dev/null/lesson3-no-ares-content-db); keeping existing resourceLinks for L6
  [sectionC] ARES DB not found (/dev/null/lesson3-no-ares-content-db); keeping existing resourceLinks for L7
  [sectionC] ARES DB not found (/dev/null/lesson3-no-ares-content-db); keeping existing resourceLinks for L8
  [sectionC] ARES DB not found (/dev/null/lesson3-no-ares-content-db); keeping existing resourceLinks for L1
  [sectionC] ARES DB not found (/dev/null/lesson3-no-ares-content-db); keeping existing resourceLinks for L2
  [sectionC] ARES DB not found (/dev/null/lesson3-no-ares-content-db); keeping existing resourceLinks for L3
  [sectionC] ARES DB not found (/dev/null/lesson3-no-ares-content-db); keeping existing resourceLinks for L4
  [sectionC] ARES DB not found (/dev/null/lesson3-no-ares-content-db); keeping existing resourceLinks for L5
  [sectionC] ARES DB not found (/dev/null/lesson3-no-ares-content-db); keeping existing resourceLinks for L6
  [sectionC] ARES DB not found (/dev/null/lesson3-no-ares-content-db); keeping existing resourceLinks for L7
  [sectionC] ARES DB not found (/dev/null/lesson3-no-ares-content-db); keeping existing resourceLinks for L8
  [sectionC] ARES DB not found (/dev/null/lesson3-no-ares-content-db); keeping existing resourceLinks for L1
  [sectionC] ARES DB not found (/dev/null/lesson3-no-ares-content-db); keeping existing resourceLinks for L2
  [sectionC] ARES DB not found (/dev/null/lesson3-no-ares-content-db); keeping existing resourceLinks for L3
  [sectionC] ARES DB not found (/dev/null/lesson3-no-ares-content-db); keeping existing resourceLinks for L4
  [sectionC] ARES DB not found (/dev/null/lesson3-no-ares-content-db); keeping existing resourceLinks for L5
  [sectionC] ARES DB not found (/dev/null/lesson3-no-ares-content-db); keeping existing resourceLinks for L6
  [sectionC] ARES DB not found (/dev/null/lesson3-no-ares-content-db); keeping existing resourceLinks for L7
  [sectionC] ARES DB not found (/dev/null/lesson3-no-ares-content-db); keeping existing resourceLinks for L8
  [sectionC] ARES DB not found (/dev/null/lesson3-no-ares-content-db); keeping existing resourceLinks for L1
  [sectionC] ARES DB not found (/dev/null/lesson3-no-ares-content-db); keeping existing resourceLinks for L2
  [sectionC] ARES DB not found (/dev/null/lesson3-no-ares-content-db); keeping existing resourceLinks for L3
  [sectionC] ARES DB not found (/dev/null/lesson3-no-ares-content-db); keeping existing resourceLinks for L4
  [sectionC] ARES DB not found (/dev/null/lesson3-no-ares-content-db); keeping existing resourceLinks for L5
  [sectionC] ARES DB not found (/dev/null/lesson3-no-ares-content-db); keeping existing resourceLinks for L6
  [sectionC] ARES DB not found (/dev/null/lesson3-no-ares-content-db); keeping existing resourceLinks for L7
  [sectionC] ARES DB not found (/dev/null/lesson3-no-ares-content-db); keeping existing resourceLinks for L8
  [sectionC] ARES DB not found (/dev/null/lesson3-no-ares-content-db); keeping existing resourceLinks for L1
  [sectionC] ARES DB not found (/dev/null/lesson3-no-ares-content-db); keeping existing resourceLinks for L2
  [sectionC] ARES DB not found (/dev/null/lesson3-no-ares-content-db); keeping existing resourceLinks for L3
  [sectionC] ARES DB not found (/dev/null/lesson3-no-ares-content-db); keeping existing resourceLinks for L4
  [sectionC] ARES DB not found (/dev/null/lesson3-no-ares-content-db); keeping existing resourceLinks for L5
  [sectionC] ARES DB not found (/dev/null/lesson3-no-ares-content-db); keeping existing resourceLinks for L6
  [sectionC] ARES DB not found (/dev/null/lesson3-no-ares-content-db); keeping existing resourceLinks for L7
  [sectionC] ARES DB not found (/dev/null/lesson3-no-ares-content-db); keeping existing resourceLinks for L8
  [sectionC] ARES DB not found (/dev/null/lesson3-no-ares-content-db); keeping existing resourceLinks for L1
  [sectionC] ARES DB not found (/dev/null/lesson3-no-ares-content-db); keeping existing resourceLinks for L2
  [sectionC] ARES DB not found (/dev/null/lesson3-no-ares-content-db); keeping existing resourceLinks for L3
  [sectionC] ARES DB not found (/dev/null/lesson3-no-ares-content-db); keeping existing resourceLinks for L4
  [sectionC] ARES DB not found (/dev/null/lesson3-no-ares-content-db); keeping existing resourceLinks for L5
  [sectionC] ARES DB not found (/dev/null/lesson3-no-ares-content-db); keeping existing resourceLinks for L6
  [sectionC] ARES DB not found (/dev/null/lesson3-no-ares-content-db); keeping existing resourceLinks for L7
  [sectionC] ARES DB not found (/dev/null/lesson3-no-ares-content-db); keeping existing resourceLinks for L8
  [sectionC] ARES DB not found (/dev/null/lesson3-no-ares-content-db); keeping existing resourceLinks for L1
  [sectionC] ARES DB not found (/dev/null/lesson3-no-ares-content-db); keeping existing resourceLinks for L2
  [sectionC] ARES DB not found (/dev/null/lesson3-no-ares-content-db); keeping existing resourceLinks for L3
  [sectionC] ARES DB not found (/dev/null/lesson3-no-ares-content-db); keeping existing resourceLinks for L4
  [sectionC] ARES DB not found (/dev/null/lesson3-no-ares-content-db); keeping existing resourceLinks for L5
  [sectionC] ARES DB not found (/dev/null/lesson3-no-ares-content-db); keeping existing resourceLinks for L6
  [sectionC] ARES DB not found (/dev/null/lesson3-no-ares-content-db); keeping existing resourceLinks for L7
  [sectionC] ARES DB not found (/dev/null/lesson3-no-ares-content-db); keeping existing resourceLinks for L8
  [sectionC] ARES DB not found (/dev/null/lesson3-no-ares-content-db); keeping existing resourceLinks for L1
  [sectionC] ARES DB not found (/dev/null/lesson3-no-ares-content-db); keeping existing resourceLinks for L2
  [sectionC] ARES DB not found (/dev/null/lesson3-no-ares-content-db); keeping existing resourceLinks for L3
  [sectionC] ARES DB not found (/dev/null/lesson3-no-ares-content-db); keeping existing resourceLinks for L4
  [sectionC] ARES DB not found (/dev/null/lesson3-no-ares-content-db); keeping existing resourceLinks for L5
  [sectionC] ARES DB not found (/dev/null/lesson3-no-ares-content-db); keeping existing resourceLinks for L6
  [sectionC] ARES DB not found (/dev/null/lesson3-no-ares-content-db); keeping existing resourceLinks for L7
  [sectionC] ARES DB not found (/dev/null/lesson3-no-ares-content-db); keeping existing resourceLinks for L8
  [sectionC] ARES DB not found (/dev/null/lesson3-no-ares-content-db); keeping existing resourceLinks for L1
  [sectionC] ARES DB not found (/dev/null/lesson3-no-ares-content-db); keeping existing resourceLinks for L2
  [sectionC] ARES DB not found (/dev/null/lesson3-no-ares-content-db); keeping existing resourceLinks for L3
  [sectionC] ARES DB not found (/dev/null/lesson3-no-ares-content-db); keeping existing resourceLinks for L4
  [sectionC] ARES DB not found (/dev/null/lesson3-no-ares-content-db); keeping existing resourceLinks for L5
  [sectionC] ARES DB not found (/dev/null/lesson3-no-ares-content-db); keeping existing resourceLinks for L6
  [sectionC] ARES DB not found (/dev/null/lesson3-no-ares-content-db); keeping existing resourceLinks for L7
  [sectionC] ARES DB not found (/dev/null/lesson3-no-ares-content-db); keeping existing resourceLinks for L8
  [sectionC] ARES DB not found (/dev/null/lesson3-no-ares-content-db); keeping existing resourceLinks for L1
  [sectionC] ARES DB not found (/dev/null/lesson3-no-ares-content-db); keeping existing resourceLinks for L2
  [sectionC] ARES DB not found (/dev/null/lesson3-no-ares-content-db); keeping existing resourceLinks for L3
  [sectionC] ARES DB not found (/dev/null/lesson3-no-ares-content-db); keeping existing resourceLinks for L4
  [sectionC] ARES DB not found (/dev/null/lesson3-no-ares-content-db); keeping existing resourceLinks for L5
  [sectionC] ARES DB not found (/dev/null/lesson3-no-ares-content-db); keeping existing resourceLinks for L6
  [sectionC] ARES DB not found (/dev/null/lesson3-no-ares-content-db); keeping existing resourceLinks for L7
  [sectionC] ARES DB not found (/dev/null/lesson3-no-ares-content-db); keeping existing resourceLinks for L8
  [sectionC] ARES DB not found (/dev/null/lesson3-no-ares-content-db); keeping existing resourceLinks for L1
  [sectionC] ARES DB not found (/dev/null/lesson3-no-ares-content-db); keeping existing resourceLinks for L2
  [sectionC] ARES DB not found (/dev/null/lesson3-no-ares-content-db); keeping existing resourceLinks for L3
  [sectionC] ARES DB not found (/dev/null/lesson3-no-ares-content-db); keeping existing resourceLinks for L4
  [sectionC] ARES DB not found (/dev/null/lesson3-no-ares-content-db); keeping existing resourceLinks for L5
  [sectionC] ARES DB not found (/dev/null/lesson3-no-ares-content-db); keeping existing resourceLinks for L6
  [sectionC] ARES DB not found (/dev/null/lesson3-no-ares-content-db); keeping existing resourceLinks for L7
  [sectionC] ARES DB not found (/dev/null/lesson3-no-ares-content-db); keeping existing resourceLinks for L8
  [sectionC] ARES DB not found (/dev/null/lesson3-no-ares-content-db); keeping existing resourceLinks for L1
  [sectionC] ARES DB not found (/dev/null/lesson3-no-ares-content-db); keeping existing resourceLinks for L2
  [sectionC] ARES DB not found (/dev/null/lesson3-no-ares-content-db); keeping existing resourceLinks for L3
  [sectionC] ARES DB not found (/dev/null/lesson3-no-ares-content-db); keeping existing resourceLinks for L4
  [sectionC] ARES DB not found (/dev/null/lesson3-no-ares-content-db); keeping existing resourceLinks for L5
  [sectionC] ARES DB not found (/dev/null/lesson3-no-ares-content-db); keeping existing resourceLinks for L6
  [sectionC] ARES DB not found (/dev/null/lesson3-no-ares-content-db); keeping existing resourceLinks for L7
  [sectionC] ARES DB not found (/dev/null/lesson3-no-ares-content-db); keeping existing resourceLinks for L8
  [sectionC] ARES DB not found (/dev/null/lesson3-no-ares-content-db); keeping existing resourceLinks for L1
  [sectionC] ARES DB not found (/dev/null/lesson3-no-ares-content-db); keeping existing resourceLinks for L2
  [sectionC] ARES DB not found (/dev/null/lesson3-no-ares-content-db); keeping existing resourceLinks for L3
  [sectionC] ARES DB not found (/dev/null/lesson3-no-ares-content-db); keeping existing resourceLinks for L4
  [sectionC] ARES DB not found (/dev/null/lesson3-no-ares-content-db); keeping existing resourceLinks for L5
  [sectionC] ARES DB not found (/dev/null/lesson3-no-ares-content-db); keeping existing resourceLinks for L6
  [sectionC] ARES DB not found (/dev/null/lesson3-no-ares-content-db); keeping existing resourceLinks for L7
  [sectionC] ARES DB not found (/dev/null/lesson3-no-ares-content-db); keeping existing resourceLinks for L8
  [sectionC] ARES DB not found (/dev/null/lesson3-no-ares-content-db); keeping existing resourceLinks for L1
  [sectionC] ARES DB not found (/dev/null/lesson3-no-ares-content-db); keeping existing resourceLinks for L2
  [sectionC] ARES DB not found (/dev/null/lesson3-no-ares-content-db); keeping existing resourceLinks for L3
  [sectionC] ARES DB not found (/dev/null/lesson3-no-ares-content-db); keeping existing resourceLinks for L4
  [sectionC] ARES DB not found (/dev/null/lesson3-no-ares-content-db); keeping existing resourceLinks for L5
  [sectionC] ARES DB not found (/dev/null/lesson3-no-ares-content-db); keeping existing resourceLinks for L6
  [sectionC] ARES DB not found (/dev/null/lesson3-no-ares-content-db); keeping existing resourceLinks for L7
  [sectionC] ARES DB not found (/dev/null/lesson3-no-ares-content-db); keeping existing resourceLinks for L8
  [sectionC] ARES DB not found (/dev/null/lesson3-no-ares-content-db); keeping existing resourceLinks for L1
  [sectionC] ARES DB not found (/dev/null/lesson3-no-ares-content-db); keeping existing resourceLinks for L2
  [sectionC] ARES DB not found (/dev/null/lesson3-no-ares-content-db); keeping existing resourceLinks for L3
  [sectionC] ARES DB not found (/dev/null/lesson3-no-ares-content-db); keeping existing resourceLinks for L4
  [sectionC] ARES DB not found (/dev/null/lesson3-no-ares-content-db); keeping existing resourceLinks for L5
  [sectionC] ARES DB not found (/dev/null/lesson3-no-ares-content-db); keeping existing resourceLinks for L6
  [sectionC] ARES DB not found (/dev/null/lesson3-no-ares-content-db); keeping existing resourceLinks for L7
  [sectionC] ARES DB not found (/dev/null/lesson3-no-ares-content-db); keeping existing resourceLinks for L8
  [sectionC] ARES DB not found (/dev/null/lesson3-no-ares-content-db); keeping existing resourceLinks for L1
  [sectionC] ARES DB not found (/dev/null/lesson3-no-ares-content-db); keeping existing resourceLinks for L2
  [sectionC] ARES DB not found (/dev/null/lesson3-no-ares-content-db); keeping existing resourceLinks for L3
  [sectionC] ARES DB not found (/dev/null/lesson3-no-ares-content-db); keeping existing resourceLinks for L4
  [sectionC] ARES DB not found (/dev/null/lesson3-no-ares-content-db); keeping existing resourceLinks for L5
  [sectionC] ARES DB not found (/dev/null/lesson3-no-ares-content-db); keeping existing resourceLinks for L6
  [sectionC] ARES DB not found (/dev/null/lesson3-no-ares-content-db); keeping existing resourceLinks for L7
  [sectionC] ARES DB not found (/dev/null/lesson3-no-ares-content-db); keeping existing resourceLinks for L8
  [sectionC] ARES DB not found (/dev/null/lesson3-no-ares-content-db); keeping existing resourceLinks for L1
  [sectionC] ARES DB not found (/dev/null/lesson3-no-ares-content-db); keeping existing resourceLinks for L2
  [sectionC] ARES DB not found (/dev/null/lesson3-no-ares-content-db); keeping existing resourceLinks for L3
  [sectionC] ARES DB not found (/dev/null/lesson3-no-ares-content-db); keeping existing resourceLinks for L4
  [sectionC] ARES DB not found (/dev/null/lesson3-no-ares-content-db); keeping existing resourceLinks for L5
  [sectionC] ARES DB not found (/dev/null/lesson3-no-ares-content-db); keeping existing resourceLinks for L6
  [sectionC] ARES DB not found (/dev/null/lesson3-no-ares-content-db); keeping existing resourceLinks for L7
  [sectionC] ARES DB not found (/dev/null/lesson3-no-ares-content-db); keeping existing resourceLinks for L8
  [sectionC] ARES DB not found (/dev/null/lesson3-no-ares-content-db); keeping existing resourceLinks for L9
  [sectionC] ARES DB not found (/dev/null/lesson3-no-ares-content-db); keeping existing resourceLinks for L10
  [sectionC] ARES DB not found (/dev/null/lesson3-no-ares-content-db); keeping existing resourceLinks for L1
  [sectionC] ARES DB not found (/dev/null/lesson3-no-ares-content-db); keeping existing resourceLinks for L2
  [sectionC] ARES DB not found (/dev/null/lesson3-no-ares-content-db); keeping existing resourceLinks for L3
  [sectionC] ARES DB not found (/dev/null/lesson3-no-ares-content-db); keeping existing resourceLinks for L4
  [sectionC] ARES DB not found (/dev/null/lesson3-no-ares-content-db); keeping existing resourceLinks for L5
  [sectionC] ARES DB not found (/dev/null/lesson3-no-ares-content-db); keeping existing resourceLinks for L6
  [sectionC] ARES DB not found (/dev/null/lesson3-no-ares-content-db); keeping existing resourceLinks for L7
  [sectionC] ARES DB not found (/dev/null/lesson3-no-ares-content-db); keeping existing resourceLinks for L8
  [sectionC] ARES DB not found (/dev/null/lesson3-no-ares-content-db); keeping existing resourceLinks for L1
  [sectionC] ARES DB not found (/dev/null/lesson3-no-ares-content-db); keeping existing resourceLinks for L2
  [sectionC] ARES DB not found (/dev/null/lesson3-no-ares-content-db); keeping existing resourceLinks for L3
  [sectionC] ARES DB not found (/dev/null/lesson3-no-ares-content-db); keeping existing resourceLinks for L4
  [sectionC] ARES DB not found (/dev/null/lesson3-no-ares-content-db); keeping existing resourceLinks for L5
  [sectionC] ARES DB not found (/dev/null/lesson3-no-ares-content-db); keeping existing resourceLinks for L6
  [sectionC] ARES DB not found (/dev/null/lesson3-no-ares-content-db); keeping existing resourceLinks for L7
  [sectionC] ARES DB not found (/dev/null/lesson3-no-ares-content-db); keeping existing resourceLinks for L8
  [sectionC] ARES DB not found (/dev/null/lesson3-no-ares-content-db); keeping existing resourceLinks for L1
  [sectionC] ARES DB not found (/dev/null/lesson3-no-ares-content-db); keeping existing resourceLinks for L2
  [sectionC] ARES DB not found (/dev/null/lesson3-no-ares-content-db); keeping existing resourceLinks for L3
  [sectionC] ARES DB not found (/dev/null/lesson3-no-ares-content-db); keeping existing resourceLinks for L4
  [sectionC] ARES DB not found (/dev/null/lesson3-no-ares-content-db); keeping existing resourceLinks for L5
  [sectionC] ARES DB not found (/dev/null/lesson3-no-ares-content-db); keeping existing resourceLinks for L6
  [sectionC] ARES DB not found (/dev/null/lesson3-no-ares-content-db); keeping existing resourceLinks for L7
  [sectionC] ARES DB not found (/dev/null/lesson3-no-ares-content-db); keeping existing resourceLinks for L8
  [sectionC] ARES DB not found (/dev/null/lesson3-no-ares-content-db); keeping existing resourceLinks for L1
  [sectionC] ARES DB not found (/dev/null/lesson3-no-ares-content-db); keeping existing resourceLinks for L2
  [sectionC] ARES DB not found (/dev/null/lesson3-no-ares-content-db); keeping existing resourceLinks for L3
  [sectionC] ARES DB not found (/dev/null/lesson3-no-ares-content-db); keeping existing resourceLinks for L4
  [sectionC] ARES DB not found (/dev/null/lesson3-no-ares-content-db); keeping existing resourceLinks for L5
  [sectionC] ARES DB not found (/dev/null/lesson3-no-ares-content-db); keeping existing resourceLinks for L6
  [sectionC] ARES DB not found (/dev/null/lesson3-no-ares-content-db); keeping existing resourceLinks for L7
  [sectionC] ARES DB not found (/dev/null/lesson3-no-ares-content-db); keeping existing resourceLinks for L8
  [sectionC] ARES DB not found (/dev/null/lesson3-no-ares-content-db); keeping existing resourceLinks for L9
  [sectionC] ARES DB not found (/dev/null/lesson3-no-ares-content-db); keeping existing resourceLinks for L10
  [sectionC] ARES DB not found (/dev/null/lesson3-no-ares-content-db); keeping existing resourceLinks for L1
  [sectionC] ARES DB not found (/dev/null/lesson3-no-ares-content-db); keeping existing resourceLinks for L2
  [sectionC] ARES DB not found (/dev/null/lesson3-no-ares-content-db); keeping existing resourceLinks for L3
  [sectionC] ARES DB not found (/dev/null/lesson3-no-ares-content-db); keeping existing resourceLinks for L4
  [sectionC] ARES DB not found (/dev/null/lesson3-no-ares-content-db); keeping existing resourceLinks for L5
  [sectionC] ARES DB not found (/dev/null/lesson3-no-ares-content-db); keeping existing resourceLinks for L6
  [sectionC] ARES DB not found (/dev/null/lesson3-no-ares-content-db); keeping existing resourceLinks for L7
  [sectionC] ARES DB not found (/dev/null/lesson3-no-ares-content-db); keeping existing resourceLinks for L8
  [sectionC] ARES DB not found (/dev/null/lesson3-no-ares-content-db); keeping existing resourceLinks for L9
  [sectionC] ARES DB not found (/dev/null/lesson3-no-ares-content-db); keeping existing resourceLinks for L1
  [sectionC] ARES DB not found (/dev/null/lesson3-no-ares-content-db); keeping existing resourceLinks for L2
  [sectionC] ARES DB not found (/dev/null/lesson3-no-ares-content-db); keeping existing resourceLinks for L3
  [sectionC] ARES DB not found (/dev/null/lesson3-no-ares-content-db); keeping existing resourceLinks for L4
  [sectionC] ARES DB not found (/dev/null/lesson3-no-ares-content-db); keeping existing resourceLinks for L5
  [sectionC] ARES DB not found (/dev/null/lesson3-no-ares-content-db); keeping existing resourceLinks for L6
  [sectionC] ARES DB not found (/dev/null/lesson3-no-ares-content-db); keeping existing resourceLinks for L7
  [sectionC] ARES DB not found (/dev/null/lesson3-no-ares-content-db); keeping existing resourceLinks for L1
  [sectionC] ARES DB not found (/dev/null/lesson3-no-ares-content-db); keeping existing resourceLinks for L2
  [sectionC] ARES DB not found (/dev/null/lesson3-no-ares-content-db); keeping existing resourceLinks for L3
  [sectionC] ARES DB not found (/dev/null/lesson3-no-ares-content-db); keeping existing resourceLinks for L4
  [sectionC] ARES DB not found (/dev/null/lesson3-no-ares-content-db); keeping existing resourceLinks for L5
  [sectionC] ARES DB not found (/dev/null/lesson3-no-ares-content-db); keeping existing resourceLinks for L6
  [sectionC] ARES DB not found (/dev/null/lesson3-no-ares-content-db); keeping existing resourceLinks for L7
  [sectionC] ARES DB not found (/dev/null/lesson3-no-ares-content-db); keeping existing resourceLinks for L1
  [sectionC] ARES DB not found (/dev/null/lesson3-no-ares-content-db); keeping existing resourceLinks for L2
  [sectionC] ARES DB not found (/dev/null/lesson3-no-ares-content-db); keeping existing resourceLinks for L3
  [sectionC] ARES DB not found (/dev/null/lesson3-no-ares-content-db); keeping existing resourceLinks for L4
  [sectionC] ARES DB not found (/dev/null/lesson3-no-ares-content-db); keeping existing resourceLinks for L5
  [sectionC] ARES DB not found (/dev/null/lesson3-no-ares-content-db); keeping existing resourceLinks for L6
  [sectionC] ARES DB not found (/dev/null/lesson3-no-ares-content-db); keeping existing resourceLinks for L7
  [sectionC] ARES DB not found (/dev/null/lesson3-no-ares-content-db); keeping existing resourceLinks for L8
  [sectionC] ARES DB not found (/dev/null/lesson3-no-ares-content-db); keeping existing resourceLinks for L9
  [sectionC] ARES DB not found (/dev/null/lesson3-no-ares-content-db); keeping existing resourceLinks for L10
  [sectionC] ARES DB not found (/dev/null/lesson3-no-ares-content-db); keeping existing resourceLinks for L1
  [sectionC] ARES DB not found (/dev/null/lesson3-no-ares-content-db); keeping existing resourceLinks for L2
  [sectionC] ARES DB not found (/dev/null/lesson3-no-ares-content-db); keeping existing resourceLinks for L3
  [sectionC] ARES DB not found (/dev/null/lesson3-no-ares-content-db); keeping existing resourceLinks for L4
  [sectionC] ARES DB not found (/dev/null/lesson3-no-ares-content-db); keeping existing resourceLinks for L5
  [sectionC] ARES DB not found (/dev/null/lesson3-no-ares-content-db); keeping existing resourceLinks for L6
  [sectionC] ARES DB not found (/dev/null/lesson3-no-ares-content-db); keeping existing resourceLinks for L7
  [sectionC] ARES DB not found (/dev/null/lesson3-no-ares-content-db); keeping existing resourceLinks for L8
  [sectionC] ARES DB not found (/dev/null/lesson3-no-ares-content-db); keeping existing resourceLinks for L9
  [sectionC] ARES DB not found (/dev/null/lesson3-no-ares-content-db); keeping existing resourceLinks for L10
  [sectionC] ARES DB not found (/dev/null/lesson3-no-ares-content-db); keeping existing resourceLinks for L11
  [sectionC] ARES DB not found (/dev/null/lesson3-no-ares-content-db); keeping existing resourceLinks for L12
  [sectionC] ARES DB not found (/dev/null/lesson3-no-ares-content-db); keeping existing resourceLinks for L1
  [sectionC] ARES DB not found (/dev/null/lesson3-no-ares-content-db); keeping existing resourceLinks for L2
  [sectionC] ARES DB not found (/dev/null/lesson3-no-ares-content-db); keeping existing resourceLinks for L3
  [sectionC] ARES DB not found (/dev/null/lesson3-no-ares-content-db); keeping existing resourceLinks for L4
  [sectionC] ARES DB not found (/dev/null/lesson3-no-ares-content-db); keeping existing resourceLinks for L5
  [sectionC] ARES DB not found (/dev/null/lesson3-no-ares-content-db); keeping existing resourceLinks for L6
  [sectionC] ARES DB not found (/dev/null/lesson3-no-ares-content-db); keeping existing resourceLinks for L7
  [sectionC] ARES DB not found (/dev/null/lesson3-no-ares-content-db); keeping existing resourceLinks for L8
  [sectionC] ARES DB not found (/dev/null/lesson3-no-ares-content-db); keeping existing resourceLinks for L9
  [sectionC] ARES DB not found (/dev/null/lesson3-no-ares-content-db); keeping existing resourceLinks for L1
  [sectionC] ARES DB not found (/dev/null/lesson3-no-ares-content-db); keeping existing resourceLinks for L2
  [sectionC] ARES DB not found (/dev/null/lesson3-no-ares-content-db); keeping existing resourceLinks for L3
  [sectionC] ARES DB not found (/dev/null/lesson3-no-ares-content-db); keeping existing resourceLinks for L4
  [sectionC] ARES DB not found (/dev/null/lesson3-no-ares-content-db); keeping existing resourceLinks for L5
  [sectionC] ARES DB not found (/dev/null/lesson3-no-ares-content-db); keeping existing resourceLinks for L6
  [sectionC] ARES DB not found (/dev/null/lesson3-no-ares-content-db); keeping existing resourceLinks for L7
  [sectionC] ARES DB not found (/dev/null/lesson3-no-ares-content-db); keeping existing resourceLinks for L8
  [sectionC] ARES DB not found (/dev/null/lesson3-no-ares-content-db); keeping existing resourceLinks for L9
  [sectionC] ARES DB not found (/dev/null/lesson3-no-ares-content-db); keeping existing resourceLinks for L10
  [sectionC] ARES DB not found (/dev/null/lesson3-no-ares-content-db); keeping existing resourceLinks for L1
  [sectionC] ARES DB not found (/dev/null/lesson3-no-ares-content-db); keeping existing resourceLinks for L2
  [sectionC] ARES DB not found (/dev/null/lesson3-no-ares-content-db); keeping existing resourceLinks for L3
  [sectionC] ARES DB not found (/dev/null/lesson3-no-ares-content-db); keeping existing resourceLinks for L4
  [sectionC] ARES DB not found (/dev/null/lesson3-no-ares-content-db); keeping existing resourceLinks for L5
  [sectionC] ARES DB not found (/dev/null/lesson3-no-ares-content-db); keeping existing resourceLinks for L6
  [sectionC] ARES DB not found (/dev/null/lesson3-no-ares-content-db); keeping existing resourceLinks for L7
  [sectionC] ARES DB not found (/dev/null/lesson3-no-ares-content-db); keeping existing resourceLinks for L8
  [sectionC] ARES DB not found (/dev/null/lesson3-no-ares-content-db); keeping existing resourceLinks for L9
  [sectionC] ARES DB not found (/dev/null/lesson3-no-ares-content-db); keeping existing resourceLinks for L10
  [sectionC] ARES DB not found (/dev/null/lesson3-no-ares-content-db); keeping existing resourceLinks for L1
  [sectionC] ARES DB not found (/dev/null/lesson3-no-ares-content-db); keeping existing resourceLinks for L2
  [sectionC] ARES DB not found (/dev/null/lesson3-no-ares-content-db); keeping existing resourceLinks for L3
  [sectionC] ARES DB not found (/dev/null/lesson3-no-ares-content-db); keeping existing resourceLinks for L4
  [sectionC] ARES DB not found (/dev/null/lesson3-no-ares-content-db); keeping existing resourceLinks for L5
  [sectionC] ARES DB not found (/dev/null/lesson3-no-ares-content-db); keeping existing resourceLinks for L6
  [sectionC] ARES DB not found (/dev/null/lesson3-no-ares-content-db); keeping existing resourceLinks for L7
  [sectionC] ARES DB not found (/dev/null/lesson3-no-ares-content-db); keeping existing resourceLinks for L8
  [sectionC] ARES DB not found (/dev/null/lesson3-no-ares-content-db); keeping existing resourceLinks for L1
  [sectionC] ARES DB not found (/dev/null/lesson3-no-ares-content-db); keeping existing resourceLinks for L2
  [sectionC] ARES DB not found (/dev/null/lesson3-no-ares-content-db); keeping existing resourceLinks for L3
  [sectionC] ARES DB not found (/dev/null/lesson3-no-ares-content-db); keeping existing resourceLinks for L4
  [sectionC] ARES DB not found (/dev/null/lesson3-no-ares-content-db); keeping existing resourceLinks for L5
  [sectionC] ARES DB not found (/dev/null/lesson3-no-ares-content-db); keeping existing resourceLinks for L6
  [sectionC] ARES DB not found (/dev/null/lesson3-no-ares-content-db); keeping existing resourceLinks for L7
  [sectionC] ARES DB not found (/dev/null/lesson3-no-ares-content-db); keeping existing resourceLinks for L8
  [sectionC] ARES DB not found (/dev/null/lesson3-no-ares-content-db); keeping existing resourceLinks for L9
  [sectionC] ARES DB not found (/dev/null/lesson3-no-ares-content-db); keeping existing resourceLinks for L10
  [sectionC] ARES DB not found (/dev/null/lesson3-no-ares-content-db); keeping existing resourceLinks for L11
  [sectionC] ARES DB not found (/dev/null/lesson3-no-ares-content-db); keeping existing resourceLinks for L12
  [sectionC] ARES DB not found (/dev/null/lesson3-no-ares-content-db); keeping existing resourceLinks for L1
  [sectionC] ARES DB not found (/dev/null/lesson3-no-ares-content-db); keeping existing resourceLinks for L2
  [sectionC] ARES DB not found (/dev/null/lesson3-no-ares-content-db); keeping existing resourceLinks for L3
  [sectionC] ARES DB not found (/dev/null/lesson3-no-ares-content-db); keeping existing resourceLinks for L4
  [sectionC] ARES DB not found (/dev/null/lesson3-no-ares-content-db); keeping existing resourceLinks for L5
  [sectionC] ARES DB not found (/dev/null/lesson3-no-ares-content-db); keeping existing resourceLinks for L6
  [sectionC] ARES DB not found (/dev/null/lesson3-no-ares-content-db); keeping existing resourceLinks for L7
  [sectionC] ARES DB not found (/dev/null/lesson3-no-ares-content-db); keeping existing resourceLinks for L8
  [sectionC] ARES DB not found (/dev/null/lesson3-no-ares-content-db); keeping existing resourceLinks for L9
  [sectionC] ARES DB not found (/dev/null/lesson3-no-ares-content-db); keeping existing resourceLinks for L1
  [sectionC] ARES DB not found (/dev/null/lesson3-no-ares-content-db); keeping existing resourceLinks for L2
  [sectionC] ARES DB not found (/dev/null/lesson3-no-ares-content-db); keeping existing resourceLinks for L3
  [sectionC] ARES DB not found (/dev/null/lesson3-no-ares-content-db); keeping existing resourceLinks for L4
  [sectionC] ARES DB not found (/dev/null/lesson3-no-ares-content-db); keeping existing resourceLinks for L5
  [sectionC] ARES DB not found (/dev/null/lesson3-no-ares-content-db); keeping existing resourceLinks for L6
  [sectionC] ARES DB not found (/dev/null/lesson3-no-ares-content-db); keeping existing resourceLinks for L7
  [sectionC] ARES DB not found (/dev/null/lesson3-no-ares-content-db); keeping existing resourceLinks for L8
  [sectionC] ARES DB not found (/dev/null/lesson3-no-ares-content-db); keeping existing resourceLinks for L1
  [sectionC] ARES DB not found (/dev/null/lesson3-no-ares-content-db); keeping existing resourceLinks for L2
  [sectionC] ARES DB not found (/dev/null/lesson3-no-ares-content-db); keeping existing resourceLinks for L3
  [sectionC] ARES DB not found (/dev/null/lesson3-no-ares-content-db); keeping existing resourceLinks for L4
  [sectionC] ARES DB not found (/dev/null/lesson3-no-ares-content-db); keeping existing resourceLinks for L5
  [sectionC] ARES DB not found (/dev/null/lesson3-no-ares-content-db); keeping existing resourceLinks for L6
  [sectionC] ARES DB not found (/dev/null/lesson3-no-ares-content-db); keeping existing resourceLinks for L7
  [sectionC] ARES DB not found (/dev/null/lesson3-no-ares-content-db); keeping existing resourceLinks for L1
  [sectionC] ARES DB not found (/dev/null/lesson3-no-ares-content-db); keeping existing resourceLinks for L2
  [sectionC] ARES DB not found (/dev/null/lesson3-no-ares-content-db); keeping existing resourceLinks for L3
  [sectionC] ARES DB not found (/dev/null/lesson3-no-ares-content-db); keeping existing resourceLinks for L4
  [sectionC] ARES DB not found (/dev/null/lesson3-no-ares-content-db); keeping existing resourceLinks for L5
  [sectionC] ARES DB not found (/dev/null/lesson3-no-ares-content-db); keeping existing resourceLinks for L6
  [sectionC] ARES DB not found (/dev/null/lesson3-no-ares-content-db); keeping existing resourceLinks for L7
  [sectionC] ARES DB not found (/dev/null/lesson3-no-ares-content-db); keeping existing resourceLinks for L1
  [sectionC] ARES DB not found (/dev/null/lesson3-no-ares-content-db); keeping existing resourceLinks for L2
  [sectionC] ARES DB not found (/dev/null/lesson3-no-ares-content-db); keeping existing resourceLinks for L3
  [sectionC] ARES DB not found (/dev/null/lesson3-no-ares-content-db); keeping existing resourceLinks for L4
  [sectionC] ARES DB not found (/dev/null/lesson3-no-ares-content-db); keeping existing resourceLinks for L5
  [sectionC] ARES DB not found (/dev/null/lesson3-no-ares-content-db); keeping existing resourceLinks for L6
  [sectionC] ARES DB not found (/dev/null/lesson3-no-ares-content-db); keeping existing resourceLinks for L7
  [sectionC] ARES DB not found (/dev/null/lesson3-no-ares-content-db); keeping existing resourceLinks for L8
  [sectionC] ARES DB not found (/dev/null/lesson3-no-ares-content-db); keeping existing resourceLinks for L9
  [sectionC] ARES DB not found (/dev/null/lesson3-no-ares-content-db); keeping existing resourceLinks for L10
  [sectionC] ARES DB not found (/dev/null/lesson3-no-ares-content-db); keeping existing resourceLinks for L11
  [sectionC] ARES DB not found (/dev/null/lesson3-no-ares-content-db); keeping existing resourceLinks for L12
  [sectionC] ARES DB not found (/dev/null/lesson3-no-ares-content-db); keeping existing resourceLinks for L1
  [sectionC] ARES DB not found (/dev/null/lesson3-no-ares-content-db); keeping existing resourceLinks for L2
  [sectionC] ARES DB not found (/dev/null/lesson3-no-ares-content-db); keeping existing resourceLinks for L3
  [sectionC] ARES DB not found (/dev/null/lesson3-no-ares-content-db); keeping existing resourceLinks for L4
  [sectionC] ARES DB not found (/dev/null/lesson3-no-ares-content-db); keeping existing resourceLinks for L5
  [sectionC] ARES DB not found (/dev/null/lesson3-no-ares-content-db); keeping existing resourceLinks for L6
  [sectionC] ARES DB not found (/dev/null/lesson3-no-ares-content-db); keeping existing resourceLinks for L1
  [sectionC] ARES DB not found (/dev/null/lesson3-no-ares-content-db); keeping existing resourceLinks for L2
  [sectionC] ARES DB not found (/dev/null/lesson3-no-ares-content-db); keeping existing resourceLinks for L3
  [sectionC] ARES DB not found (/dev/null/lesson3-no-ares-content-db); keeping existing resourceLinks for L4
  [sectionC] ARES DB not found (/dev/null/lesson3-no-ares-content-db); keeping existing resourceLinks for L5
  [sectionC] ARES DB not found (/dev/null/lesson3-no-ares-content-db); keeping existing resourceLinks for L6
  [sectionC] ARES DB not found (/dev/null/lesson3-no-ares-content-db); keeping existing resourceLinks for L1
  [sectionC] ARES DB not found (/dev/null/lesson3-no-ares-content-db); keeping existing resourceLinks for L2
  [sectionC] ARES DB not found (/dev/null/lesson3-no-ares-content-db); keeping existing resourceLinks for L3
  [sectionC] ARES DB not found (/dev/null/lesson3-no-ares-content-db); keeping existing resourceLinks for L4
  [sectionC] ARES DB not found (/dev/null/lesson3-no-ares-content-db); keeping existing resourceLinks for L5
  [sectionC] ARES DB not found (/dev/null/lesson3-no-ares-content-db); keeping existing resourceLinks for L6
  [sectionC] ARES DB not found (/dev/null/lesson3-no-ares-content-db); keeping existing resourceLinks for L7
  [sectionC] ARES DB not found (/dev/null/lesson3-no-ares-content-db); keeping existing resourceLinks for L8
  [sectionC] ARES DB not found (/dev/null/lesson3-no-ares-content-db); keeping existing resourceLinks for L9
  [sectionC] ARES DB not found (/dev/null/lesson3-no-ares-content-db); keeping existing resourceLinks for L1
  [sectionC] ARES DB not found (/dev/null/lesson3-no-ares-content-db); keeping existing resourceLinks for L2
  [sectionC] ARES DB not found (/dev/null/lesson3-no-ares-content-db); keeping existing resourceLinks for L3
  [sectionC] ARES DB not found (/dev/null/lesson3-no-ares-content-db); keeping existing resourceLinks for L4
  [sectionC] ARES DB not found (/dev/null/lesson3-no-ares-content-db); keeping existing resourceLinks for L5
  [sectionC] ARES DB not found (/dev/null/lesson3-no-ares-content-db); keeping existing resourceLinks for L6
  [sectionC] ARES DB not found (/dev/null/lesson3-no-ares-content-db); keeping existing resourceLinks for L7
  [sectionC] ARES DB not found (/dev/null/lesson3-no-ares-content-db); keeping existing resourceLinks for L8
  [sectionC] ARES DB not found (/dev/null/lesson3-no-ares-content-db); keeping existing resourceLinks for L9
  [sectionC] ARES DB not found (/dev/null/lesson3-no-ares-content-db); keeping existing resourceLinks for L10
  [sectionC] ARES DB not found (/dev/null/lesson3-no-ares-content-db); keeping existing resourceLinks for L11
  [sectionC] ARES DB not found (/dev/null/lesson3-no-ares-content-db); keeping existing resourceLinks for L12
  [sectionC] ARES DB not found (/dev/null/lesson3-no-ares-content-db); keeping existing resourceLinks for L1
  [sectionC] ARES DB not found (/dev/null/lesson3-no-ares-content-db); keeping existing resourceLinks for L2
  [sectionC] ARES DB not found (/dev/null/lesson3-no-ares-content-db); keeping existing resourceLinks for L3
  [sectionC] ARES DB not found (/dev/null/lesson3-no-ares-content-db); keeping existing resourceLinks for L4
  [sectionC] ARES DB not found (/dev/null/lesson3-no-ares-content-db); keeping existing resourceLinks for L5
  [sectionC] ARES DB not found (/dev/null/lesson3-no-ares-content-db); keeping existing resourceLinks for L6
  [sectionC] ARES DB not found (/dev/null/lesson3-no-ares-content-db); keeping existing resourceLinks for L7
  [sectionC] ARES DB not found (/dev/null/lesson3-no-ares-content-db); keeping existing resourceLinks for L1
  [sectionC] ARES DB not found (/dev/null/lesson3-no-ares-content-db); keeping existing resourceLinks for L2
  [sectionC] ARES DB not found (/dev/null/lesson3-no-ares-content-db); keeping existing resourceLinks for L3
  [sectionC] ARES DB not found (/dev/null/lesson3-no-ares-content-db); keeping existing resourceLinks for L4
  [sectionC] ARES DB not found (/dev/null/lesson3-no-ares-content-db); keeping existing resourceLinks for L5
  [sectionC] ARES DB not found (/dev/null/lesson3-no-ares-content-db); keeping existing resourceLinks for L6
corpus: /tmp/tmp.FYCVuUxiOB
bundles checked: 95  (valid JSON skipped as not a bundle: 0)
framework tables extracted to a full-width row: 2 in 2 bundle(s)
lone "|" lines (read each — maths is fine, a header-only table is not): 2
  Essential_Mathematics_Quadratic_Equations_data.json [lessonSequence] | Expression | Expanded Form | Highest Power of x |
  Essential_Mathematics_Quadratic_Equations_data.json [lessonSequence] | Expression | a | b | c |

✓ 95 bundle(s) generated, previewed and grouped; no unrendered multi-row table
⚠ 2 lone line(s) look like header-only tables and print literally — NOT a pass for those;
  fix the source (add a `|---|` separator row), get upstream to handle it, or accept it in DECISIONS.
    PASS
--- ingest-extract-check (informational)
Phase 3 ingest extraction gate:
  ✗ parity: extract(bio_1_4) deep-equals require(bio_1_4)
      extracted JSON differs from executed module
+ actual - expected
... Skipped lines

  {
    FINAL_EXPLANATION: {
      instructions: "Driving Question: Why do the cells in my body, and in the sukuma wiki on my plate, look so different from each other, and how does each cell's structure allow it to do its specific job? Remember the Kisumu blood smear: red blood cells with no nucleus next to white blood cells with large nuclei, and the sukuma wiki leaf cell that is rectangular, has chloroplasts and a large central vacuole. Answer every section in the space under each prompt. Write in full sentences and use the scientific words you learned in Lessons 1 to 8. Use evidence from the images, practicals and activities we did. Where a prompt asks for a Claim, Evidence and Reasoning (CER) answer, state your claim, back it with evidence, and then explain why the evidence supports your claim. Work on your own.",
      rubric: [
        {
...
    },
+   schemaVersion: '1.0.0'
  }

  ✓ safety: benign top-level statement is never executed (canary unset)
  ✓ reject: require() call in data
  ✓ reject: member access (process.env) in data
  ✓ reject: template literal with expression
  ✓ reject: bare identifier reference in data
  ✓ reject: IIFE / arrow call in data
  ✓ reject: binary `+` with a non-literal operand
  ✓ reject: non-`+` binary operator
  ✓ reject: __proto__ key (prototype pollution)
  ✓ reject: __proto__ key in module.exports (export layer)
  ✓ reject: module.exports references an undefined identifier
  ✓ reject: no module.exports
  ✓ fold: constant string concatenation (+) folds to one string
  ✓ json parity: extractAresJson(JSON of bio_1_4) deep-equals extractAresData(bio_1_4)
  ✓ json: a well-formed ARES bundle is accepted
  ✓ json reject: invalid JSON syntax
  ✓ json reject: non-object root (array)
  ✓ json reject: __proto__ key (prototype pollution)
  ✓ json reject: missing required group(s)
  ✓ completeness: former fixture without resourceLinks is rejected
  ✓ completeness: required resourceLinks shape is generatable (0 problems)
  ✓ completeness: missing slo + bad phase are flagged
  ✓ deliverables: bio_1_4 produces all three documents (no warnings)
  ✓ deliverables: empty FE/ST produce warn-only warnings

24 passed, 1 failed
    not clean (his gate; see log, not counted)
--- contract-check
Contract validator gate
  ✓ a fully conforming bundle reports zero drift
  ✓ null FINAL_EXPLANATION / SUMMARY_TABLE conform (intentional-empty)
  ✓ explicit null video/reading recommendations conform
  ✓ former 1.0.0 shape without resourceLinks is rejected
  ✓ unsafe resource hyperlink scheme is rejected at its exact path
  ✓ unexpected nested resource field is rejected
  ✓ UNIT.duration flagged as alias of totalDuration
  ✓ missing canonical UNIT.totalDuration reported
  ✓ UNIT.storyline flagged as alias of storylineThread
  ✓ slo.safety3otes flagged as a corrupted safetyNotes
  ✓ unknown framework phase rejected by enum
  ✓ META.grade as string flagged (expected integer)
  ✓ missing schemaVersion reported
  ✓ non-baseline schemaVersion is rejected
  ✓ empty UNIT object reports missing required fields
  ✓ LESSONS[].number as string flagged (expected integer)

==================================================
CONTRACT GATE: 16 passed, 0 failed
✓ CONTRACT CHECK PASSED
    PASS
--- adapter-fidelity SS4.1_Greenhouse_Effect_and_Climate_Change
Payload adapter fidelity gate — Physics_Greenhouse_Effect_and_Climate_Change
  ✓ all resourceLinks maps round-trip exactly
  ✓ Payload row ids removed
  [sectionC] ARES DB not found (/dev/null/lesson3-no-ares-content-db); keeping existing resourceLinks for L1
  [sectionC] ARES DB not found (/dev/null/lesson3-no-ares-content-db); keeping existing resourceLinks for L2
  [sectionC] ARES DB not found (/dev/null/lesson3-no-ares-content-db); keeping existing resourceLinks for L3
  [sectionC] ARES DB not found (/dev/null/lesson3-no-ares-content-db); keeping existing resourceLinks for L4
  [sectionC] ARES DB not found (/dev/null/lesson3-no-ares-content-db); keeping existing resourceLinks for L5
  [sectionC] ARES DB not found (/dev/null/lesson3-no-ares-content-db); keeping existing resourceLinks for L6
  [sectionC] ARES DB not found (/dev/null/lesson3-no-ares-content-db); keeping existing resourceLinks for L7

── LessonSequence (resources included) ─────
  ⓘ excluded 43 oracle-only "Related topic" partial-match note(s) (judge data is outside the JSON)
  generated bytes: 100912  | blocks gen=482 approved=482
  ✓ CONTENT IDENTICAL — 482 blocks

── LessonSequence package structure ────────────
  ✓ 7 Section-C tables use exact 1520/3040×4 widths
  ✓ Section-C fills/striping match upstream
  ✓ page-break count matches upstream (8)
  ✓ resource hyperlink targets match upstream (142)
  ✓ all hyperlink targets match supplied resources + linkable prose + attribution (125 + 1 + 17)
  ✓ every emitted hyperlink is http(s)

── FinalExplanation ────────────────────────
  generated bytes: 13311  | blocks gen=57 approved=57
  ✓ CONTENT IDENTICAL — 57 blocks

── TeacherKey ──────────────────────────────
  generated bytes: 15156  | blocks gen=51 approved=51
  ✓ CONTENT IDENTICAL — 51 blocks

── SummaryTable ────────────────────────────
  generated bytes: 15730  | blocks gen=46 approved=46
  ✓ CONTENT IDENTICAL — 46 blocks

==================================================
GATE: 7/7 adapter/fidelity checks passed
✓ PAYLOAD ADAPTER FIDELITY GATE PASSED
    PASS
--- adapter-fidelity SS1.2_Indices
Payload adapter fidelity gate — Essential_Mathematics_Indices
  ✓ all resourceLinks maps round-trip exactly
  ✓ Payload row ids removed
  [sectionC] ARES DB not found (/dev/null/lesson3-no-ares-content-db); keeping existing resourceLinks for L1
  [sectionC] ARES DB not found (/dev/null/lesson3-no-ares-content-db); keeping existing resourceLinks for L2
  [sectionC] ARES DB not found (/dev/null/lesson3-no-ares-content-db); keeping existing resourceLinks for L3
  [sectionC] ARES DB not found (/dev/null/lesson3-no-ares-content-db); keeping existing resourceLinks for L4
  [sectionC] ARES DB not found (/dev/null/lesson3-no-ares-content-db); keeping existing resourceLinks for L5
  [sectionC] ARES DB not found (/dev/null/lesson3-no-ares-content-db); keeping existing resourceLinks for L6
  [sectionC] ARES DB not found (/dev/null/lesson3-no-ares-content-db); keeping existing resourceLinks for L7
  [sectionC] ARES DB not found (/dev/null/lesson3-no-ares-content-db); keeping existing resourceLinks for L8

── LessonSequence (resources included) ─────
  ⓘ excluded 23 oracle-only "Related topic" partial-match note(s) (judge data is outside the JSON)
  generated bytes: 114127  | blocks gen=574 approved=574
  ✓ CONTENT IDENTICAL — 574 blocks

── LessonSequence package structure ────────────
  ✓ 8 Section-C tables use exact 1520/3040×4 widths
  ✓ Section-C fills/striping match upstream
  ✓ page-break count matches upstream (9)
  ✓ resource hyperlink targets match upstream (179)
  ✓ all hyperlink targets match supplied resources + linkable prose + attribution (160 + 0 + 19)
  ✓ every emitted hyperlink is http(s)

── FinalExplanation ────────────────────────
  generated bytes: 13064  | blocks gen=53 approved=53
  ✓ CONTENT IDENTICAL — 53 blocks

── TeacherKey ──────────────────────────────
  generated bytes: 14445  | blocks gen=47 approved=47
  ✓ CONTENT IDENTICAL — 47 blocks

── SummaryTable ────────────────────────────
  generated bytes: 15733  | blocks gen=50 approved=50
  ✓ CONTENT IDENTICAL — 50 blocks

==================================================
GATE: 7/7 adapter/fidelity checks passed
✓ PAYLOAD ADAPTER FIDELITY GATE PASSED
    PASS
--- adapter-fidelity SS3.1_Trigonometry_I
Payload adapter fidelity gate — Mathematics_Trigonometry_I
  ✓ all resourceLinks maps round-trip exactly
  ✓ Payload row ids removed
  [sectionC] ARES DB not found (/dev/null/lesson3-no-ares-content-db); keeping existing resourceLinks for L1
  [sectionC] ARES DB not found (/dev/null/lesson3-no-ares-content-db); keeping existing resourceLinks for L2
  [sectionC] ARES DB not found (/dev/null/lesson3-no-ares-content-db); keeping existing resourceLinks for L3
  [sectionC] ARES DB not found (/dev/null/lesson3-no-ares-content-db); keeping existing resourceLinks for L4
  [sectionC] ARES DB not found (/dev/null/lesson3-no-ares-content-db); keeping existing resourceLinks for L5
  [sectionC] ARES DB not found (/dev/null/lesson3-no-ares-content-db); keeping existing resourceLinks for L6
  [sectionC] ARES DB not found (/dev/null/lesson3-no-ares-content-db); keeping existing resourceLinks for L7
  [sectionC] ARES DB not found (/dev/null/lesson3-no-ares-content-db); keeping existing resourceLinks for L8
  [sectionC] ARES DB not found (/dev/null/lesson3-no-ares-content-db); keeping existing resourceLinks for L9
  [sectionC] ARES DB not found (/dev/null/lesson3-no-ares-content-db); keeping existing resourceLinks for L10

── LessonSequence (resources included) ─────
  ⓘ excluded 26 oracle-only "Related topic" partial-match note(s) (judge data is outside the JSON)
  generated bytes: 132265  | blocks gen=678 approved=678
  ✓ CONTENT IDENTICAL — 678 blocks

── LessonSequence package structure ────────────
  ✓ 10 Section-C tables use exact 1520/3040×4 widths
  ✓ Section-C fills/striping match upstream
  ✓ page-break count matches upstream (11)
  ✓ resource hyperlink targets match upstream (223)
  ✓ all hyperlink targets match supplied resources + linkable prose + attribution (200 + 0 + 23)
  ✓ every emitted hyperlink is http(s)

── FinalExplanation ────────────────────────
  generated bytes: 12879  | blocks gen=53 approved=53
  ✓ CONTENT IDENTICAL — 53 blocks

── TeacherKey ──────────────────────────────
  generated bytes: 14091  | blocks gen=47 approved=47
  ✓ CONTENT IDENTICAL — 47 blocks

── SummaryTable ────────────────────────────
  generated bytes: 16274  | blocks gen=58 approved=58
  ✓ CONTENT IDENTICAL — 58 blocks

==================================================
GATE: 7/7 adapter/fidelity checks passed
✓ PAYLOAD ADAPTER FIDELITY GATE PASSED
    PASS

ALL LESSON3 CHECKS PASSED
