Found 590 docx/pptx file(s) matching /\.(docx|pptx)$/i
Converting batch of 150 file(s)...
convert /home/markk/ares/cbe-generation-system/data/outputs/v2/Biology/SS1.1_Cell_Structure/Biology_Cell_Structure_CBE_LessonSequence.docx as a Writer document -> /tmp/pdfgen-WCkt4f/Biology_Cell_Structure_CBE_LessonSequence.pdf using filter : writer_pdf_Export
convert /home/markk/ares/cbe-generation-system/data/outputs/v2/Biology/SS1.1_Cell_Structure/Biology_Cell_Structure_FinalExplanation.docx as a Writer document -> /tmp/pdfgen-WCkt4f/Biology_Cell_Structure_FinalExplanation.pdf using filter : writer_pdf_Export
convert /home/markk/ares/cbe-generation-system/data/outputs/v2/Biology/SS1.1_Cell_Structure/Biology_Cell_Structure_FinalExplanation_TeacherKey.docx as a Writer document -> /tmp/pdfgen-WCkt4f/Biology_Cell_Structure_FinalExplanation_TeacherKey.pdf using filter : writer_pdf_Export
convert /home/markk/ares/cbe-generation-system/data/outputs/v2/Biology/SS1.1_Cell_Structure/Biology_Cell_Structure_SummaryTable.docx as a Writer document -> /tmp/pdfgen-WCkt4f/Biology_Cell_Structure_SummaryTable.pdf using filter : writer_pdf_Export
convert /home/markk/ares/cbe-generation-system/data/outputs/v2/Biology/SS1.2_Chemicals_of_Life/Biology_Chemicals_of_Life_CBE_LessonSequence.docx as a Writer document -> /tmp/pdfgen-WCkt4f/Biology_Chemicals_of_Life_CBE_LessonSequence.pdf using filter : writer_pdf_Export
convert /home/markk/ares/cbe-generation-system/data/outputs/v2/Biology/SS1.2_Chemicals_of_Life/Biology_Chemicals_of_Life_FinalExplanation.docx as a Writer document -> /tmp/pdfgen-WCkt4f/Biology_Chemicals_of_Life_FinalExplanation.pdf using filter : writer_pdf_Export
convert /home/markk/ares/cbe-generation-system/data/outputs/v2/Biology/SS1.2_Chemicals_of_Life/Biology_Chemicals_of_Life_FinalExplanation_TeacherKey.docx as a Writer document -> /tmp/pdfgen-WCkt4f/Biology_Chemicals_of_Life_FinalExplanation_TeacherKey.pdf using filter : writer_pdf_Export
convert /home/markk/ares/cbe-generation-system/data/outputs/v2/Biology/SS1.2_Chemicals_of_Life/Biology_Chemicals_of_Life_SummaryTable.docx as a Writer document -> /tmp/pdfgen-WCkt4f/Biology_Chemicals_of_Life_SummaryTable.pdf using filter : writer_pdf_Export
convert /home/markk/ares/cbe-generation-system/data/outputs/v2/Biology/SS1.2_Chemicals_of_Life/quiz/Biology_G10_SS1.2_Chemicals_of_Life_L1_AnswerKey.docx as a Writer document -> /tmp/pdfgen-WCkt4f/Biology_G10_SS1.2_Chemicals_of_Life_L1_AnswerKey.pdf using filter : writer_pdf_Export
convert /home/markk/ares/cbe-generation-system/data/outputs/v2/Biology/SS1.2_Chemicals_of_Life/quiz/Biology_G10_SS1.2_Chemicals_of_Life_L1_QuickCheck.pptx as a Impress document -> /tmp/pdfgen-WCkt4f/Biology_G10_SS1.2_Chemicals_of_Life_L1_QuickCheck.pdf using filter : impress_pdf_Export
convert /home/markk/ares/cbe-generation-system/data/outputs/v2/Biology/SS1.2_Chemicals_of_Life/quiz/Biology_G10_SS1.2_Chemicals_of_Life_L2_AnswerKey.docx as a Writer document -> /tmp/pdfgen-WCkt4f/Biology_G10_SS1.2_Chemicals_of_Life_L2_AnswerKey.pdf using filter : writer_pdf_Export
convert /home/markk/ares/cbe-generation-system/data/outputs/v2/Biology/SS1.2_Chemicals_of_Life/quiz/Biology_G10_SS1.2_Chemicals_of_Life_L2_QuickCheck.pptx as a Impress document -> /tmp/pdfgen-WCkt4f/Biology_G10_SS1.2_Chemicals_of_Life_L2_QuickCheck.pdf using filter : impress_pdf_Export
convert /home/markk/ares/cbe-generation-system/data/outputs/v2/Biology/SS1.2_Chemicals_of_Life/quiz/Biology_G10_SS1.2_Chemicals_of_Life_L3_AnswerKey.docx as a Writer document -> /tmp/pdfgen-WCkt4f/Biology_G10_SS1.2_Chemicals_of_Life_L3_AnswerKey.pdf using filter : writer_pdf_Export
convert /home/markk/ares/cbe-generation-system/data/outputs/v2/Biology/SS1.2_Chemicals_of_Life/quiz/Biology_G10_SS1.2_Chemicals_of_Life_L3_QuickCheck.pptx as a Impress document -> /tmp/pdfgen-WCkt4f/Biology_G10_SS1.2_Chemicals_of_Life_L3_QuickCheck.pdf using filter : impress_pdf_Export
convert /home/markk/ares/cbe-generation-system/data/outputs/v2/Biology/SS1.2_Chemicals_of_Life/quiz/Biology_G10_SS1.2_Chemicals_of_Life_L4_AnswerKey.docx as a Writer document -> /tmp/pdfgen-WCkt4f/Biology_G10_SS1.2_Chemicals_of_Life_L4_AnswerKey.pdf using filter : writer_pdf_Export
convert /home/markk/ares/cbe-generation-system/data/outputs/v2/Biology/SS1.2_Chemicals_of_Life/quiz/Biology_G10_SS1.2_Chemicals_of_Life_L4_QuickCheck.pptx as a Impress document -> /tmp/pdfgen-WCkt4f/Biology_G10_SS1.2_Chemicals_of_Life_L4_QuickCheck.pdf using filter : impress_pdf_Export
convert /home/markk/ares/cbe-generation-system/data/outputs/v2/Biology/SS1.2_Chemicals_of_Life/quiz/Biology_G10_SS1.2_Chemicals_of_Life_L5_AnswerKey.docx as a Writer document -> /tmp/pdfgen-WCkt4f/Biology_G10_SS1.2_Chemicals_of_Life_L5_AnswerKey.pdf using filter : writer_pdf_Export
convert /home/markk/ares/cbe-generation-system/data/outputs/v2/Biology/SS1.2_Chemicals_of_Life/quiz/Biology_G10_SS1.2_Chemicals_of_Life_L5_QuickCheck.pptx as a Impress document -> /tmp/pdfgen-WCkt4f/Biology_G10_SS1.2_Chemicals_of_Life_L5_QuickCheck.pdf using filter : impress_pdf_Export
convert /home/markk/ares/cbe-generation-system/data/outputs/v2/Biology/SS1.2_Chemicals_of_Life/quiz/Biology_G10_SS1.2_Chemicals_of_Life_L6_AnswerKey.docx as a Writer document -> /tmp/pdfgen-WCkt4f/Biology_G10_SS1.2_Chemicals_of_Life_L6_AnswerKey.pdf using filter : writer_pdf_Export
convert /home/markk/ares/cbe-generation-system/data/outputs/v2/Biology/SS1.2_Chemicals_of_Life/quiz/Biology_G10_SS1.2_Chemicals_of_Life_L6_QuickCheck.pptx as a Impress document -> /tmp/pdfgen-WCkt4f/Biology_G10_SS1.2_Chemicals_of_Life_L6_QuickCheck.pdf using filter : impress_pdf_Export
convert /home/markk/ares/cbe-generation-system/data/outputs/v2/Biology/SS1.3_Cell_Biology/Biology_Cell_Biology_CBE_LessonSequence.docx as a Writer document -> /tmp/pdfgen-WCkt4f/Biology_Cell_Biology_CBE_LessonSequence.pdf using filter : writer_pdf_Export
convert /home/markk/ares/cbe-generation-system/data/outputs/v2/Biology/SS1.3_Cell_Biology/Biology_Cell_Biology_FinalExplanation.docx as a Writer document -> /tmp/pdfgen-WCkt4f/Biology_Cell_Biology_FinalExplanation.pdf using filter : writer_pdf_Export
convert /home/markk/ares/cbe-generation-system/data/outputs/v2/Biology/SS1.3_Cell_Biology/Biology_Cell_Biology_FinalExplanation_TeacherKey.docx as a Writer document -> /tmp/pdfgen-WCkt4f/Biology_Cell_Biology_FinalExplanation_TeacherKey.pdf using filter : writer_pdf_Export
convert /home/markk/ares/cbe-generation-system/data/outputs/v2/Biology/SS1.3_Cell_Biology/Biology_Cell_Biology_SummaryTable.docx as a Writer document -> /tmp/pdfgen-WCkt4f/Biology_Cell_Biology_SummaryTable.pdf using filter : writer_pdf_Export
convert /home/markk/ares/cbe-generation-system/data/outputs/v2/Biology/SS2.1_Plant_Nutrition/Biology_Plant_Nutrition_CBE_LessonSequence.docx as a Writer document -> /tmp/pdfgen-WCkt4f/Biology_Plant_Nutrition_CBE_LessonSequence.pdf using filter : writer_pdf_Export
convert /home/markk/ares/cbe-generation-system/data/outputs/v2/Biology/SS2.1_Plant_Nutrition/Biology_Plant_Nutrition_FinalExplanation.docx as a Writer document -> /tmp/pdfgen-WCkt4f/Biology_Plant_Nutrition_FinalExplanation.pdf using filter : writer_pdf_Export
convert /home/markk/ares/cbe-generation-system/data/outputs/v2/Biology/SS2.1_Plant_Nutrition/Biology_Plant_Nutrition_FinalExplanation_TeacherKey.docx as a Writer document -> /tmp/pdfgen-WCkt4f/Biology_Plant_Nutrition_FinalExplanation_TeacherKey.pdf using filter : writer_pdf_Export
convert /home/markk/ares/cbe-generation-system/data/outputs/v2/Biology/SS2.1_Plant_Nutrition/Biology_Plant_Nutrition_SummaryTable.docx as a Writer document -> /tmp/pdfgen-WCkt4f/Biology_Plant_Nutrition_SummaryTable.pdf using filter : writer_pdf_Export
convert /home/markk/ares/cbe-generation-system/data/outputs/v2/Biology/SS2.1_Plant_Nutrition/quiz/Biology_G10_SS2.1_Plant_Nutrition_L2_AnswerKey.docx as a Writer document -> /tmp/pdfgen-WCkt4f/Biology_G10_SS2.1_Plant_Nutrition_L2_AnswerKey.pdf using filter : writer_pdf_Export
convert /home/markk/ares/cbe-generation-system/data/outputs/v2/Biology/SS2.1_Plant_Nutrition/quiz/Biology_G10_SS2.1_Plant_Nutrition_L2_QuickCheck.pptx as a Impress document -> /tmp/pdfgen-WCkt4f/Biology_G10_SS2.1_Plant_Nutrition_L2_QuickCheck.pdf using filter : impress_pdf_Export
convert /home/markk/ares/cbe-generation-system/data/outputs/v2/Biology/SS2.2_Plant_Transport/Biology_Plant_Transport_CBE_LessonSequence.docx as a Writer document -> /tmp/pdfgen-WCkt4f/Biology_Plant_Transport_CBE_LessonSequence.pdf using filter : writer_pdf_Export
convert /home/markk/ares/cbe-generation-system/data/outputs/v2/Biology/SS2.2_Plant_Transport/Biology_Plant_Transport_FinalExplanation.docx as a Writer document -> /tmp/pdfgen-WCkt4f/Biology_Plant_Transport_FinalExplanation.pdf using filter : writer_pdf_Export
convert /home/markk/ares/cbe-generation-system/data/outputs/v2/Biology/SS2.2_Plant_Transport/Biology_Plant_Transport_FinalExplanation_TeacherKey.docx as a Writer document -> /tmp/pdfgen-WCkt4f/Biology_Plant_Transport_FinalExplanation_TeacherKey.pdf using filter : writer_pdf_Export
convert /home/markk/ares/cbe-generation-system/data/outputs/v2/Biology/SS2.2_Plant_Transport/Biology_Plant_Transport_SummaryTable.docx as a Writer document -> /tmp/pdfgen-WCkt4f/Biology_Plant_Transport_SummaryTable.pdf using filter : writer_pdf_Export
convert /home/markk/ares/cbe-generation-system/data/outputs/v2/Biology/SS2.3_Plant_Gaseous_Exchange_and_Respiration/Biology_Plant_Gaseous_Exchange_and_Respiration_CBE_LessonSequence.docx as a Writer document -> /tmp/pdfgen-WCkt4f/Biology_Plant_Gaseous_Exchange_and_Respiration_CBE_LessonSequence.pdf using filter : writer_pdf_Export
convert /home/markk/ares/cbe-generation-system/data/outputs/v2/Biology/SS2.3_Plant_Gaseous_Exchange_and_Respiration/Biology_Plant_Gaseous_Exchange_and_Respiration_FinalExplanation.docx as a Writer document -> /tmp/pdfgen-WCkt4f/Biology_Plant_Gaseous_Exchange_and_Respiration_FinalExplanation.pdf using filter : writer_pdf_Export
convert /home/markk/ares/cbe-generation-system/data/outputs/v2/Biology/SS2.3_Plant_Gaseous_Exchange_and_Respiration/Biology_Plant_Gaseous_Exchange_and_Respiration_FinalExplanation_TeacherKey.docx as a Writer document -> /tmp/pdfgen-WCkt4f/Biology_Plant_Gaseous_Exchange_and_Respiration_FinalExplanation_TeacherKey.pdf using filter : writer_pdf_Export
convert /home/markk/ares/cbe-generation-system/data/outputs/v2/Biology/SS2.3_Plant_Gaseous_Exchange_and_Respiration/Biology_Plant_Gaseous_Exchange_and_Respiration_SummaryTable.docx as a Writer document -> /tmp/pdfgen-WCkt4f/Biology_Plant_Gaseous_Exchange_and_Respiration_SummaryTable.pdf using filter : writer_pdf_Export
convert /home/markk/ares/cbe-generation-system/data/outputs/v2/Biology/SS3.1_Animal_Nutrition/Biology_Animal_Nutrition_CBE_LessonSequence.docx as a Writer document -> /tmp/pdfgen-WCkt4f/Biology_Animal_Nutrition_CBE_LessonSequence.pdf using filter : writer_pdf_Export
convert /home/markk/ares/cbe-generation-system/data/outputs/v2/Biology/SS3.1_Animal_Nutrition/Biology_Animal_Nutrition_FinalExplanation.docx as a Writer document -> /tmp/pdfgen-WCkt4f/Biology_Animal_Nutrition_FinalExplanation.pdf using filter : writer_pdf_Export
convert /home/markk/ares/cbe-generation-system/data/outputs/v2/Biology/SS3.1_Animal_Nutrition/Biology_Animal_Nutrition_FinalExplanation_TeacherKey.docx as a Writer document -> /tmp/pdfgen-WCkt4f/Biology_Animal_Nutrition_FinalExplanation_TeacherKey.pdf using filter : writer_pdf_Export
convert /home/markk/ares/cbe-generation-system/data/outputs/v2/Biology/SS3.1_Animal_Nutrition/Biology_Animal_Nutrition_SummaryTable.docx as a Writer document -> /tmp/pdfgen-WCkt4f/Biology_Animal_Nutrition_SummaryTable.pdf using filter : writer_pdf_Export
convert /home/markk/ares/cbe-generation-system/data/outputs/v2/Biology/SS3.2_Animal_Transport/Biology_Animal_Transport_CBE_LessonSequence.docx as a Writer document -> /tmp/pdfgen-WCkt4f/Biology_Animal_Transport_CBE_LessonSequence.pdf using filter : writer_pdf_Export
convert /home/markk/ares/cbe-generation-system/data/outputs/v2/Biology/SS3.2_Animal_Transport/Biology_Animal_Transport_FinalExplanation.docx as a Writer document -> /tmp/pdfgen-WCkt4f/Biology_Animal_Transport_FinalExplanation.pdf using filter : writer_pdf_Export
convert /home/markk/ares/cbe-generation-system/data/outputs/v2/Biology/SS3.2_Animal_Transport/Biology_Animal_Transport_FinalExplanation_TeacherKey.docx as a Writer document -> /tmp/pdfgen-WCkt4f/Biology_Animal_Transport_FinalExplanation_TeacherKey.pdf using filter : writer_pdf_Export
convert /home/markk/ares/cbe-generation-system/data/outputs/v2/Biology/SS3.2_Animal_Transport/Biology_Animal_Transport_SummaryTable.docx as a Writer document -> /tmp/pdfgen-WCkt4f/Biology_Animal_Transport_SummaryTable.pdf using filter : writer_pdf_Export
convert /home/markk/ares/cbe-generation-system/data/outputs/v2/Biology/SS3.3_Animal_Gaseous_Exchange_and_Respiration/Biology_Animal_Gaseous_Exchange_and_Respiration_CBE_LessonSequence.docx as a Writer document -> /tmp/pdfgen-WCkt4f/Biology_Animal_Gaseous_Exchange_and_Respiration_CBE_LessonSequence.pdf using filter : writer_pdf_Export
convert /home/markk/ares/cbe-generation-system/data/outputs/v2/Biology/SS3.3_Animal_Gaseous_Exchange_and_Respiration/Biology_Animal_Gaseous_Exchange_and_Respiration_FinalExplanation.docx as a Writer document -> /tmp/pdfgen-WCkt4f/Biology_Animal_Gaseous_Exchange_and_Respiration_FinalExplanation.pdf using filter : writer_pdf_Export
convert /home/markk/ares/cbe-generation-system/data/outputs/v2/Biology/SS3.3_Animal_Gaseous_Exchange_and_Respiration/Biology_Animal_Gaseous_Exchange_and_Respiration_FinalExplanation_TeacherKey.docx as a Writer document -> /tmp/pdfgen-WCkt4f/Biology_Animal_Gaseous_Exchange_and_Respiration_FinalExplanation_TeacherKey.pdf using filter : writer_pdf_Export
convert /home/markk/ares/cbe-generation-system/data/outputs/v2/Biology/SS3.3_Animal_Gaseous_Exchange_and_Respiration/Biology_Animal_Gaseous_Exchange_and_Respiration_SummaryTable.docx as a Writer document -> /tmp/pdfgen-WCkt4f/Biology_Animal_Gaseous_Exchange_and_Respiration_SummaryTable.pdf using filter : writer_pdf_Export
convert /home/markk/ares/cbe-generation-system/data/outputs/v2/Chemistry/SS1.1_Introduction_to_Chemistry/Chemistry_Introduction_to_Chemistry_CBE_LessonSequence.docx as a Writer document -> /tmp/pdfgen-WCkt4f/Chemistry_Introduction_to_Chemistry_CBE_LessonSequence.pdf using filter : writer_pdf_Export
convert /home/markk/ares/cbe-generation-system/data/outputs/v2/Chemistry/SS1.1_Introduction_to_Chemistry/Chemistry_Introduction_to_Chemistry_FinalExplanation.docx as a Writer document -> /tmp/pdfgen-WCkt4f/Chemistry_Introduction_to_Chemistry_FinalExplanation.pdf using filter : writer_pdf_Export
convert /home/markk/ares/cbe-generation-system/data/outputs/v2/Chemistry/SS1.1_Introduction_to_Chemistry/Chemistry_Introduction_to_Chemistry_FinalExplanation_TeacherKey.docx as a Writer document -> /tmp/pdfgen-WCkt4f/Chemistry_Introduction_to_Chemistry_FinalExplanation_TeacherKey.pdf using filter : writer_pdf_Export
convert /home/markk/ares/cbe-generation-system/data/outputs/v2/Chemistry/SS1.1_Introduction_to_Chemistry/Chemistry_Introduction_to_Chemistry_SummaryTable.docx as a Writer document -> /tmp/pdfgen-WCkt4f/Chemistry_Introduction_to_Chemistry_SummaryTable.pdf using filter : writer_pdf_Export
convert /home/markk/ares/cbe-generation-system/data/outputs/v2/Chemistry/SS1.2_The_Atom/Chemistry_The_Atom_CBE_LessonSequence.docx as a Writer document -> /tmp/pdfgen-WCkt4f/Chemistry_The_Atom_CBE_LessonSequence.pdf using filter : writer_pdf_Export
convert /home/markk/ares/cbe-generation-system/data/outputs/v2/Chemistry/SS1.2_The_Atom/Chemistry_The_Atom_FinalExplanation.docx as a Writer document -> /tmp/pdfgen-WCkt4f/Chemistry_The_Atom_FinalExplanation.pdf using filter : writer_pdf_Export
convert /home/markk/ares/cbe-generation-system/data/outputs/v2/Chemistry/SS1.2_The_Atom/Chemistry_The_Atom_FinalExplanation_TeacherKey.docx as a Writer document -> /tmp/pdfgen-WCkt4f/Chemistry_The_Atom_FinalExplanation_TeacherKey.pdf using filter : writer_pdf_Export
convert /home/markk/ares/cbe-generation-system/data/outputs/v2/Chemistry/SS1.2_The_Atom/Chemistry_The_Atom_SummaryTable.docx as a Writer document -> /tmp/pdfgen-WCkt4f/Chemistry_The_Atom_SummaryTable.pdf using filter : writer_pdf_Export
convert /home/markk/ares/cbe-generation-system/data/outputs/v2/Chemistry/SS1.3_The_Periodic_Table/Chemistry_The_Periodic_Table_CBE_LessonSequence.docx as a Writer document -> /tmp/pdfgen-WCkt4f/Chemistry_The_Periodic_Table_CBE_LessonSequence.pdf using filter : writer_pdf_Export
convert /home/markk/ares/cbe-generation-system/data/outputs/v2/Chemistry/SS1.3_The_Periodic_Table/Chemistry_The_Periodic_Table_FinalExplanation.docx as a Writer document -> /tmp/pdfgen-WCkt4f/Chemistry_The_Periodic_Table_FinalExplanation.pdf using filter : writer_pdf_Export
convert /home/markk/ares/cbe-generation-system/data/outputs/v2/Chemistry/SS1.3_The_Periodic_Table/Chemistry_The_Periodic_Table_FinalExplanation_TeacherKey.docx as a Writer document -> /tmp/pdfgen-WCkt4f/Chemistry_The_Periodic_Table_FinalExplanation_TeacherKey.pdf using filter : writer_pdf_Export
convert /home/markk/ares/cbe-generation-system/data/outputs/v2/Chemistry/SS1.3_The_Periodic_Table/Chemistry_The_Periodic_Table_SummaryTable.docx as a Writer document -> /tmp/pdfgen-WCkt4f/Chemistry_The_Periodic_Table_SummaryTable.pdf using filter : writer_pdf_Export
convert /home/markk/ares/cbe-generation-system/data/outputs/v2/Chemistry/SS1.4_Chemical_Bonding/Chemistry_Chemical_Bonding_CBE_LessonSequence.docx as a Writer document -> /tmp/pdfgen-WCkt4f/Chemistry_Chemical_Bonding_CBE_LessonSequence.pdf using filter : writer_pdf_Export
convert /home/markk/ares/cbe-generation-system/data/outputs/v2/Chemistry/SS1.4_Chemical_Bonding/Chemistry_Chemical_Bonding_FinalExplanation.docx as a Writer document -> /tmp/pdfgen-WCkt4f/Chemistry_Chemical_Bonding_FinalExplanation.pdf using filter : writer_pdf_Export
convert /home/markk/ares/cbe-generation-system/data/outputs/v2/Chemistry/SS1.4_Chemical_Bonding/Chemistry_Chemical_Bonding_FinalExplanation_TeacherKey.docx as a Writer document -> /tmp/pdfgen-WCkt4f/Chemistry_Chemical_Bonding_FinalExplanation_TeacherKey.pdf using filter : writer_pdf_Export
convert /home/markk/ares/cbe-generation-system/data/outputs/v2/Chemistry/SS1.4_Chemical_Bonding/Chemistry_Chemical_Bonding_SummaryTable.docx as a Writer document -> /tmp/pdfgen-WCkt4f/Chemistry_Chemical_Bonding_SummaryTable.pdf using filter : writer_pdf_Export
convert /home/markk/ares/cbe-generation-system/data/outputs/v2/Chemistry/SS1.5_Periodicity/Chemistry_Periodicity_CBE_LessonSequence.docx as a Writer document -> /tmp/pdfgen-WCkt4f/Chemistry_Periodicity_CBE_LessonSequence.pdf using filter : writer_pdf_Export
convert /home/markk/ares/cbe-generation-system/data/outputs/v2/Chemistry/SS1.5_Periodicity/Chemistry_Periodicity_FinalExplanation.docx as a Writer document -> /tmp/pdfgen-WCkt4f/Chemistry_Periodicity_FinalExplanation.pdf using filter : writer_pdf_Export
convert /home/markk/ares/cbe-generation-system/data/outputs/v2/Chemistry/SS1.5_Periodicity/Chemistry_Periodicity_FinalExplanation_TeacherKey.docx as a Writer document -> /tmp/pdfgen-WCkt4f/Chemistry_Periodicity_FinalExplanation_TeacherKey.pdf using filter : writer_pdf_Export
convert /home/markk/ares/cbe-generation-system/data/outputs/v2/Chemistry/SS1.5_Periodicity/Chemistry_Periodicity_SummaryTable.docx as a Writer document -> /tmp/pdfgen-WCkt4f/Chemistry_Periodicity_SummaryTable.pdf using filter : writer_pdf_Export
convert /home/markk/ares/cbe-generation-system/data/outputs/v2/Chemistry/SS2.1_Introduction_to_Salts/Chemistry_Introduction_to_Salts_CBE_LessonSequence.docx as a Writer document -> /tmp/pdfgen-WCkt4f/Chemistry_Introduction_to_Salts_CBE_LessonSequence.pdf using filter : writer_pdf_Export
convert /home/markk/ares/cbe-generation-system/data/outputs/v2/Chemistry/SS2.1_Introduction_to_Salts/Chemistry_Introduction_to_Salts_FinalExplanation.docx as a Writer document -> /tmp/pdfgen-WCkt4f/Chemistry_Introduction_to_Salts_FinalExplanation.pdf using filter : writer_pdf_Export
convert /home/markk/ares/cbe-generation-system/data/outputs/v2/Chemistry/SS2.1_Introduction_to_Salts/Chemistry_Introduction_to_Salts_FinalExplanation_TeacherKey.docx as a Writer document -> /tmp/pdfgen-WCkt4f/Chemistry_Introduction_to_Salts_FinalExplanation_TeacherKey.pdf using filter : writer_pdf_Export
convert /home/markk/ares/cbe-generation-system/data/outputs/v2/Chemistry/SS2.1_Introduction_to_Salts/Chemistry_Introduction_to_Salts_SummaryTable.docx as a Writer document -> /tmp/pdfgen-WCkt4f/Chemistry_Introduction_to_Salts_SummaryTable.pdf using filter : writer_pdf_Export
convert /home/markk/ares/cbe-generation-system/data/outputs/v2/Chemistry/SS3.1_Acids_and_Bases/Chemistry_Acids_and_Bases_CBE_LessonSequence.docx as a Writer document -> /tmp/pdfgen-WCkt4f/Chemistry_Acids_and_Bases_CBE_LessonSequence.pdf using filter : writer_pdf_Export
convert /home/markk/ares/cbe-generation-system/data/outputs/v2/Chemistry/SS3.1_Acids_and_Bases/Chemistry_Acids_and_Bases_FinalExplanation.docx as a Writer document -> /tmp/pdfgen-WCkt4f/Chemistry_Acids_and_Bases_FinalExplanation.pdf using filter : writer_pdf_Export
convert /home/markk/ares/cbe-generation-system/data/outputs/v2/Chemistry/SS3.1_Acids_and_Bases/Chemistry_Acids_and_Bases_FinalExplanation_TeacherKey.docx as a Writer document -> /tmp/pdfgen-WCkt4f/Chemistry_Acids_and_Bases_FinalExplanation_TeacherKey.pdf using filter : writer_pdf_Export
convert /home/markk/ares/cbe-generation-system/data/outputs/v2/Chemistry/SS3.1_Acids_and_Bases/Chemistry_Acids_and_Bases_SummaryTable.docx as a Writer document -> /tmp/pdfgen-WCkt4f/Chemistry_Acids_and_Bases_SummaryTable.pdf using filter : writer_pdf_Export
convert /home/markk/ares/cbe-generation-system/data/outputs/v2/Chemistry/SS3.1_Acids_and_Bases/quiz/Chemistry_G10_SS3.1_Acids_and_Bases_L4_AnswerKey.docx as a Writer document -> /tmp/pdfgen-WCkt4f/Chemistry_G10_SS3.1_Acids_and_Bases_L4_AnswerKey.pdf using filter : writer_pdf_Export
convert /home/markk/ares/cbe-generation-system/data/outputs/v2/Chemistry/SS3.1_Acids_and_Bases/quiz/Chemistry_G10_SS3.1_Acids_and_Bases_L4_QuickCheck.pptx as a Impress document -> /tmp/pdfgen-WCkt4f/Chemistry_G10_SS3.1_Acids_and_Bases_L4_QuickCheck.pdf using filter : impress_pdf_Export
convert /home/markk/ares/cbe-generation-system/data/outputs/v2/Core_Mathematics/SS1.1_Real_Numbers/Core_Mathematics_Real_Numbers_CBE_LessonSequence.docx as a Writer document -> /tmp/pdfgen-WCkt4f/Core_Mathematics_Real_Numbers_CBE_LessonSequence.pdf using filter : writer_pdf_Export
convert /home/markk/ares/cbe-generation-system/data/outputs/v2/Core_Mathematics/SS1.1_Real_Numbers/Core_Mathematics_Real_Numbers_FinalExplanation.docx as a Writer document -> /tmp/pdfgen-WCkt4f/Core_Mathematics_Real_Numbers_FinalExplanation.pdf using filter : writer_pdf_Export
convert /home/markk/ares/cbe-generation-system/data/outputs/v2/Core_Mathematics/SS1.1_Real_Numbers/Core_Mathematics_Real_Numbers_FinalExplanation_TeacherKey.docx as a Writer document -> /tmp/pdfgen-WCkt4f/Core_Mathematics_Real_Numbers_FinalExplanation_TeacherKey.pdf using filter : writer_pdf_Export
convert /home/markk/ares/cbe-generation-system/data/outputs/v2/Core_Mathematics/SS1.1_Real_Numbers/Core_Mathematics_Real_Numbers_SummaryTable.docx as a Writer document -> /tmp/pdfgen-WCkt4f/Core_Mathematics_Real_Numbers_SummaryTable.pdf using filter : writer_pdf_Export
convert /home/markk/ares/cbe-generation-system/data/outputs/v2/Core_Mathematics/SS1.2_Indices_and_Logarithms/Core_Mathematics_Indices_and_Logarithms_CBE_LessonSequence.docx as a Writer document -> /tmp/pdfgen-WCkt4f/Core_Mathematics_Indices_and_Logarithms_CBE_LessonSequence.pdf using filter : writer_pdf_Export
convert /home/markk/ares/cbe-generation-system/data/outputs/v2/Core_Mathematics/SS1.2_Indices_and_Logarithms/Core_Mathematics_Indices_and_Logarithms_FinalExplanation.docx as a Writer document -> /tmp/pdfgen-WCkt4f/Core_Mathematics_Indices_and_Logarithms_FinalExplanation.pdf using filter : writer_pdf_Export
convert /home/markk/ares/cbe-generation-system/data/outputs/v2/Core_Mathematics/SS1.2_Indices_and_Logarithms/Core_Mathematics_Indices_and_Logarithms_FinalExplanation_TeacherKey.docx as a Writer document -> /tmp/pdfgen-WCkt4f/Core_Mathematics_Indices_and_Logarithms_FinalExplanation_TeacherKey.pdf using filter : writer_pdf_Export
convert /home/markk/ares/cbe-generation-system/data/outputs/v2/Core_Mathematics/SS1.2_Indices_and_Logarithms/Core_Mathematics_Indices_and_Logarithms_SummaryTable.docx as a Writer document -> /tmp/pdfgen-WCkt4f/Core_Mathematics_Indices_and_Logarithms_SummaryTable.pdf using filter : writer_pdf_Export
convert /home/markk/ares/cbe-generation-system/data/outputs/v2/Core_Mathematics/SS1.3_Quadratic_Expressions_and_Equations/Core_Mathematics_Quadratic_Expressions_and_Equations_CBE_LessonSequence.docx as a Writer document -> /tmp/pdfgen-WCkt4f/Core_Mathematics_Quadratic_Expressions_and_Equations_CBE_LessonSequence.pdf using filter : writer_pdf_Export
convert /home/markk/ares/cbe-generation-system/data/outputs/v2/Core_Mathematics/SS1.3_Quadratic_Expressions_and_Equations/Core_Mathematics_Quadratic_Expressions_and_Equations_FinalExplanation.docx as a Writer document -> /tmp/pdfgen-WCkt4f/Core_Mathematics_Quadratic_Expressions_and_Equations_FinalExplanation.pdf using filter : writer_pdf_Export
convert /home/markk/ares/cbe-generation-system/data/outputs/v2/Core_Mathematics/SS1.3_Quadratic_Expressions_and_Equations/Core_Mathematics_Quadratic_Expressions_and_Equations_FinalExplanation_TeacherKey.docx as a Writer document -> /tmp/pdfgen-WCkt4f/Core_Mathematics_Quadratic_Expressions_and_Equations_FinalExplanation_TeacherKey.pdf using filter : writer_pdf_Export
convert /home/markk/ares/cbe-generation-system/data/outputs/v2/Core_Mathematics/SS1.3_Quadratic_Expressions_and_Equations/Core_Mathematics_Quadratic_Expressions_and_Equations_SummaryTable.docx as a Writer document -> /tmp/pdfgen-WCkt4f/Core_Mathematics_Quadratic_Expressions_and_Equations_SummaryTable.pdf using filter : writer_pdf_Export
convert /home/markk/ares/cbe-generation-system/data/outputs/v2/Core_Mathematics/SS2.1_Similarity_and_Enlargement/Core_Mathematics_Similarity_and_Enlargement_CBE_LessonSequence.docx as a Writer document -> /tmp/pdfgen-WCkt4f/Core_Mathematics_Similarity_and_Enlargement_CBE_LessonSequence.pdf using filter : writer_pdf_Export
convert /home/markk/ares/cbe-generation-system/data/outputs/v2/Core_Mathematics/SS2.1_Similarity_and_Enlargement/Core_Mathematics_Similarity_and_Enlargement_FinalExplanation.docx as a Writer document -> /tmp/pdfgen-WCkt4f/Core_Mathematics_Similarity_and_Enlargement_FinalExplanation.pdf using filter : writer_pdf_Export
convert /home/markk/ares/cbe-generation-system/data/outputs/v2/Core_Mathematics/SS2.1_Similarity_and_Enlargement/Core_Mathematics_Similarity_and_Enlargement_FinalExplanation_TeacherKey.docx as a Writer document -> /tmp/pdfgen-WCkt4f/Core_Mathematics_Similarity_and_Enlargement_FinalExplanation_TeacherKey.pdf using filter : writer_pdf_Export
convert /home/markk/ares/cbe-generation-system/data/outputs/v2/Core_Mathematics/SS2.1_Similarity_and_Enlargement/Core_Mathematics_Similarity_and_Enlargement_SummaryTable.docx as a Writer document -> /tmp/pdfgen-WCkt4f/Core_Mathematics_Similarity_and_Enlargement_SummaryTable.pdf using filter : writer_pdf_Export
convert /home/markk/ares/cbe-generation-system/data/outputs/v2/Core_Mathematics/SS2.2_Reflection_and_Congruence/Core_Mathematics_Reflection_and_Congruence_CBE_LessonSequence.docx as a Writer document -> /tmp/pdfgen-WCkt4f/Core_Mathematics_Reflection_and_Congruence_CBE_LessonSequence.pdf using filter : writer_pdf_Export
convert /home/markk/ares/cbe-generation-system/data/outputs/v2/Core_Mathematics/SS2.2_Reflection_and_Congruence/Core_Mathematics_Reflection_and_Congruence_FinalExplanation.docx as a Writer document -> /tmp/pdfgen-WCkt4f/Core_Mathematics_Reflection_and_Congruence_FinalExplanation.pdf using filter : writer_pdf_Export
convert /home/markk/ares/cbe-generation-system/data/outputs/v2/Core_Mathematics/SS2.2_Reflection_and_Congruence/Core_Mathematics_Reflection_and_Congruence_FinalExplanation_TeacherKey.docx as a Writer document -> /tmp/pdfgen-WCkt4f/Core_Mathematics_Reflection_and_Congruence_FinalExplanation_TeacherKey.pdf using filter : writer_pdf_Export
convert /home/markk/ares/cbe-generation-system/data/outputs/v2/Core_Mathematics/SS2.2_Reflection_and_Congruence/Core_Mathematics_Reflection_and_Congruence_SummaryTable.docx as a Writer document -> /tmp/pdfgen-WCkt4f/Core_Mathematics_Reflection_and_Congruence_SummaryTable.pdf using filter : writer_pdf_Export
convert /home/markk/ares/cbe-generation-system/data/outputs/v2/Core_Mathematics/SS2.3_Rotation/Core_Mathematics_Rotation_CBE_LessonSequence.docx as a Writer document -> /tmp/pdfgen-WCkt4f/Core_Mathematics_Rotation_CBE_LessonSequence.pdf using filter : writer_pdf_Export
convert /home/markk/ares/cbe-generation-system/data/outputs/v2/Core_Mathematics/SS2.3_Rotation/Core_Mathematics_Rotation_FinalExplanation.docx as a Writer document -> /tmp/pdfgen-WCkt4f/Core_Mathematics_Rotation_FinalExplanation.pdf using filter : writer_pdf_Export
convert /home/markk/ares/cbe-generation-system/data/outputs/v2/Core_Mathematics/SS2.3_Rotation/Core_Mathematics_Rotation_FinalExplanation_TeacherKey.docx as a Writer document -> /tmp/pdfgen-WCkt4f/Core_Mathematics_Rotation_FinalExplanation_TeacherKey.pdf using filter : writer_pdf_Export
convert /home/markk/ares/cbe-generation-system/data/outputs/v2/Core_Mathematics/SS2.3_Rotation/Core_Mathematics_Rotation_SummaryTable.docx as a Writer document -> /tmp/pdfgen-WCkt4f/Core_Mathematics_Rotation_SummaryTable.pdf using filter : writer_pdf_Export
convert /home/markk/ares/cbe-generation-system/data/outputs/v2/Core_Mathematics/SS2.4_Trigonometry_1/Core_Mathematics_Trigonometry_1_CBE_LessonSequence.docx as a Writer document -> /tmp/pdfgen-WCkt4f/Core_Mathematics_Trigonometry_1_CBE_LessonSequence.pdf using filter : writer_pdf_Export
convert /home/markk/ares/cbe-generation-system/data/outputs/v2/Core_Mathematics/SS2.4_Trigonometry_1/Core_Mathematics_Trigonometry_1_FinalExplanation.docx as a Writer document -> /tmp/pdfgen-WCkt4f/Core_Mathematics_Trigonometry_1_FinalExplanation.pdf using filter : writer_pdf_Export
convert /home/markk/ares/cbe-generation-system/data/outputs/v2/Core_Mathematics/SS2.4_Trigonometry_1/Core_Mathematics_Trigonometry_1_FinalExplanation_TeacherKey.docx as a Writer document -> /tmp/pdfgen-WCkt4f/Core_Mathematics_Trigonometry_1_FinalExplanation_TeacherKey.pdf using filter : writer_pdf_Export
convert /home/markk/ares/cbe-generation-system/data/outputs/v2/Core_Mathematics/SS2.4_Trigonometry_1/Core_Mathematics_Trigonometry_1_SummaryTable.docx as a Writer document -> /tmp/pdfgen-WCkt4f/Core_Mathematics_Trigonometry_1_SummaryTable.pdf using filter : writer_pdf_Export
convert /home/markk/ares/cbe-generation-system/data/outputs/v2/Core_Mathematics/SS2.4_Trigonometry_1/quiz/Core_Mathematics_G10_SS2.4_Trigonometry_1_L1_AnswerKey.docx as a Writer document -> /tmp/pdfgen-WCkt4f/Core_Mathematics_G10_SS2.4_Trigonometry_1_L1_AnswerKey.pdf using filter : writer_pdf_Export
convert /home/markk/ares/cbe-generation-system/data/outputs/v2/Core_Mathematics/SS2.4_Trigonometry_1/quiz/Core_Mathematics_G10_SS2.4_Trigonometry_1_L1_QuickCheck.pptx as a Impress document -> /tmp/pdfgen-WCkt4f/Core_Mathematics_G10_SS2.4_Trigonometry_1_L1_QuickCheck.pdf using filter : impress_pdf_Export
convert /home/markk/ares/cbe-generation-system/data/outputs/v2/Core_Mathematics/SS2.4_Trigonometry_1/quiz/Core_Mathematics_G10_SS2.4_Trigonometry_1_L2_AnswerKey.docx as a Writer document -> /tmp/pdfgen-WCkt4f/Core_Mathematics_G10_SS2.4_Trigonometry_1_L2_AnswerKey.pdf using filter : writer_pdf_Export
convert /home/markk/ares/cbe-generation-system/data/outputs/v2/Core_Mathematics/SS2.4_Trigonometry_1/quiz/Core_Mathematics_G10_SS2.4_Trigonometry_1_L2_QuickCheck.pptx as a Impress document -> /tmp/pdfgen-WCkt4f/Core_Mathematics_G10_SS2.4_Trigonometry_1_L2_QuickCheck.pdf using filter : impress_pdf_Export
convert /home/markk/ares/cbe-generation-system/data/outputs/v2/Core_Mathematics/SS2.4_Trigonometry_1/quiz/Core_Mathematics_G10_SS2.4_Trigonometry_1_L3_AnswerKey.docx as a Writer document -> /tmp/pdfgen-WCkt4f/Core_Mathematics_G10_SS2.4_Trigonometry_1_L3_AnswerKey.pdf using filter : writer_pdf_Export
convert /home/markk/ares/cbe-generation-system/data/outputs/v2/Core_Mathematics/SS2.4_Trigonometry_1/quiz/Core_Mathematics_G10_SS2.4_Trigonometry_1_L3_QuickCheck.pptx as a Impress document -> /tmp/pdfgen-WCkt4f/Core_Mathematics_G10_SS2.4_Trigonometry_1_L3_QuickCheck.pdf using filter : impress_pdf_Export
convert /home/markk/ares/cbe-generation-system/data/outputs/v2/Core_Mathematics/SS2.4_Trigonometry_1/quiz/Core_Mathematics_G10_SS2.4_Trigonometry_1_L4_AnswerKey.docx as a Writer document -> /tmp/pdfgen-WCkt4f/Core_Mathematics_G10_SS2.4_Trigonometry_1_L4_AnswerKey.pdf using filter : writer_pdf_Export
convert /home/markk/ares/cbe-generation-system/data/outputs/v2/Core_Mathematics/SS2.4_Trigonometry_1/quiz/Core_Mathematics_G10_SS2.4_Trigonometry_1_L4_QuickCheck.pptx as a Impress document -> /tmp/pdfgen-WCkt4f/Core_Mathematics_G10_SS2.4_Trigonometry_1_L4_QuickCheck.pdf using filter : impress_pdf_Export
convert /home/markk/ares/cbe-generation-system/data/outputs/v2/Core_Mathematics/SS2.4_Trigonometry_1/quiz/Core_Mathematics_G10_SS2.4_Trigonometry_1_L5_AnswerKey.docx as a Writer document -> /tmp/pdfgen-WCkt4f/Core_Mathematics_G10_SS2.4_Trigonometry_1_L5_AnswerKey.pdf using filter : writer_pdf_Export
convert /home/markk/ares/cbe-generation-system/data/outputs/v2/Core_Mathematics/SS2.4_Trigonometry_1/quiz/Core_Mathematics_G10_SS2.4_Trigonometry_1_L5_QuickCheck.pptx as a Impress document -> /tmp/pdfgen-WCkt4f/Core_Mathematics_G10_SS2.4_Trigonometry_1_L5_QuickCheck.pdf using filter : impress_pdf_Export
convert /home/markk/ares/cbe-generation-system/data/outputs/v2/Core_Mathematics/SS2.4_Trigonometry_1/quiz/Core_Mathematics_G10_SS2.4_Trigonometry_1_L6_AnswerKey.docx as a Writer document -> /tmp/pdfgen-WCkt4f/Core_Mathematics_G10_SS2.4_Trigonometry_1_L6_AnswerKey.pdf using filter : writer_pdf_Export
convert /home/markk/ares/cbe-generation-system/data/outputs/v2/Core_Mathematics/SS2.4_Trigonometry_1/quiz/Core_Mathematics_G10_SS2.4_Trigonometry_1_L6_QuickCheck.pptx as a Impress document -> /tmp/pdfgen-WCkt4f/Core_Mathematics_G10_SS2.4_Trigonometry_1_L6_QuickCheck.pdf using filter : impress_pdf_Export
convert /home/markk/ares/cbe-generation-system/data/outputs/v2/Core_Mathematics/SS2.4_Trigonometry_1/quiz/Core_Mathematics_G10_SS2.4_Trigonometry_1_L7_AnswerKey.docx as a Writer document -> /tmp/pdfgen-WCkt4f/Core_Mathematics_G10_SS2.4_Trigonometry_1_L7_AnswerKey.pdf using filter : writer_pdf_Export
convert /home/markk/ares/cbe-generation-system/data/outputs/v2/Core_Mathematics/SS2.4_Trigonometry_1/quiz/Core_Mathematics_G10_SS2.4_Trigonometry_1_L7_QuickCheck.pptx as a Impress document -> /tmp/pdfgen-WCkt4f/Core_Mathematics_G10_SS2.4_Trigonometry_1_L7_QuickCheck.pdf using filter : impress_pdf_Export
convert /home/markk/ares/cbe-generation-system/data/outputs/v2/Core_Mathematics/SS2.4_Trigonometry_1/quiz/Core_Mathematics_G10_SS2.4_Trigonometry_1_L8_AnswerKey.docx as a Writer document -> /tmp/pdfgen-WCkt4f/Core_Mathematics_G10_SS2.4_Trigonometry_1_L8_AnswerKey.pdf using filter : writer_pdf_Export
convert /home/markk/ares/cbe-generation-system/data/outputs/v2/Core_Mathematics/SS2.4_Trigonometry_1/quiz/Core_Mathematics_G10_SS2.4_Trigonometry_1_L8_QuickCheck.pptx as a Impress document -> /tmp/pdfgen-WCkt4f/Core_Mathematics_G10_SS2.4_Trigonometry_1_L8_QuickCheck.pdf using filter : impress_pdf_Export
convert /home/markk/ares/cbe-generation-system/data/outputs/v2/Core_Mathematics/SS2.5_Area_of_Polygons/Core_Mathematics_Area_of_Polygons_CBE_LessonSequence.docx as a Writer document -> /tmp/pdfgen-WCkt4f/Core_Mathematics_Area_of_Polygons_CBE_LessonSequence.pdf using filter : writer_pdf_Export
convert /home/markk/ares/cbe-generation-system/data/outputs/v2/Core_Mathematics/SS2.5_Area_of_Polygons/Core_Mathematics_Area_of_Polygons_FinalExplanation.docx as a Writer document -> /tmp/pdfgen-WCkt4f/Core_Mathematics_Area_of_Polygons_FinalExplanation.pdf using filter : writer_pdf_Export
convert /home/markk/ares/cbe-generation-system/data/outputs/v2/Core_Mathematics/SS2.5_Area_of_Polygons/Core_Mathematics_Area_of_Polygons_FinalExplanation_TeacherKey.docx as a Writer document -> /tmp/pdfgen-WCkt4f/Core_Mathematics_Area_of_Polygons_FinalExplanation_TeacherKey.pdf using filter : writer_pdf_Export
convert /home/markk/ares/cbe-generation-system/data/outputs/v2/Core_Mathematics/SS2.5_Area_of_Polygons/Core_Mathematics_Area_of_Polygons_SummaryTable.docx as a Writer document -> /tmp/pdfgen-WCkt4f/Core_Mathematics_Area_of_Polygons_SummaryTable.pdf using filter : writer_pdf_Export
convert /home/markk/ares/cbe-generation-system/data/outputs/v2/Core_Mathematics/SS2.6_Area_of_a_Part_of_a_Circle/Core_Mathematics_Area_of_a_Part_of_a_Circle_CBE_LessonSequence.docx as a Writer document -> /tmp/pdfgen-WCkt4f/Core_Mathematics_Area_of_a_Part_of_a_Circle_CBE_LessonSequence.pdf using filter : writer_pdf_Export
convert /home/markk/ares/cbe-generation-system/data/outputs/v2/Core_Mathematics/SS2.6_Area_of_a_Part_of_a_Circle/Core_Mathematics_Area_of_a_Part_of_a_Circle_FinalExplanation.docx as a Writer document -> /tmp/pdfgen-WCkt4f/Core_Mathematics_Area_of_a_Part_of_a_Circle_FinalExplanation.pdf using filter : writer_pdf_Export
convert /home/markk/ares/cbe-generation-system/data/outputs/v2/Core_Mathematics/SS2.6_Area_of_a_Part_of_a_Circle/Core_Mathematics_Area_of_a_Part_of_a_Circle_FinalExplanation_TeacherKey.docx as a Writer document -> /tmp/pdfgen-WCkt4f/Core_Mathematics_Area_of_a_Part_of_a_Circle_FinalExplanation_TeacherKey.pdf using filter : writer_pdf_Export
convert /home/markk/ares/cbe-generation-system/data/outputs/v2/Core_Mathematics/SS2.6_Area_of_a_Part_of_a_Circle/Core_Mathematics_Area_of_a_Part_of_a_Circle_SummaryTable.docx as a Writer document -> /tmp/pdfgen-WCkt4f/Core_Mathematics_Area_of_a_Part_of_a_Circle_SummaryTable.pdf using filter : writer_pdf_Export
convert /home/markk/ares/cbe-generation-system/data/outputs/v2/Core_Mathematics/SS2.7_Surface_Area_and_Volume_of_Solids/Core_Mathematics_Surface_Area_and_Volume_of_Solids_CBE_LessonSequence.docx as a Writer document -> /tmp/pdfgen-WCkt4f/Core_Mathematics_Surface_Area_and_Volume_of_Solids_CBE_LessonSequence.pdf using filter : writer_pdf_Export
convert /home/markk/ares/cbe-generation-system/data/outputs/v2/Core_Mathematics/SS2.7_Surface_Area_and_Volume_of_Solids/Core_Mathematics_Surface_Area_and_Volume_of_Solids_FinalExplanation.docx as a Writer document -> /tmp/pdfgen-WCkt4f/Core_Mathematics_Surface_Area_and_Volume_of_Solids_FinalExplanation.pdf using filter : writer_pdf_Export
convert /home/markk/ares/cbe-generation-system/data/outputs/v2/Core_Mathematics/SS2.7_Surface_Area_and_Volume_of_Solids/Core_Mathematics_Surface_Area_and_Volume_of_Solids_FinalExplanation_TeacherKey.docx as a Writer document -> /tmp/pdfgen-WCkt4f/Core_Mathematics_Surface_Area_and_Volume_of_Solids_FinalExplanation_TeacherKey.pdf using filter : writer_pdf_Export
convert /home/markk/ares/cbe-generation-system/data/outputs/v2/Core_Mathematics/SS2.7_Surface_Area_and_Volume_of_Solids/Core_Mathematics_Surface_Area_and_Volume_of_Solids_SummaryTable.docx as a Writer document -> /tmp/pdfgen-WCkt4f/Core_Mathematics_Surface_Area_and_Volume_of_Solids_SummaryTable.pdf using filter : writer_pdf_Export
convert /home/markk/ares/cbe-generation-system/data/outputs/v2/Core_Mathematics/SS2.8_Vectors/Core_Mathematics_Vectors_CBE_LessonSequence.docx as a Writer document -> /tmp/pdfgen-WCkt4f/Core_Mathematics_Vectors_CBE_LessonSequence.pdf using filter : writer_pdf_Export
convert /home/markk/ares/cbe-generation-system/data/outputs/v2/Core_Mathematics/SS2.8_Vectors/Core_Mathematics_Vectors_FinalExplanation.docx as a Writer document -> /tmp/pdfgen-WCkt4f/Core_Mathematics_Vectors_FinalExplanation.pdf using filter : writer_pdf_Export
convert /home/markk/ares/cbe-generation-system/data/outputs/v2/Core_Mathematics/SS2.8_Vectors/Core_Mathematics_Vectors_FinalExplanation_TeacherKey.docx as a Writer document -> /tmp/pdfgen-WCkt4f/Core_Mathematics_Vectors_FinalExplanation_TeacherKey.pdf using filter : writer_pdf_Export
convert /home/markk/ares/cbe-generation-system/data/outputs/v2/Core_Mathematics/SS2.8_Vectors/Core_Mathematics_Vectors_SummaryTable.docx as a Writer document -> /tmp/pdfgen-WCkt4f/Core_Mathematics_Vectors_SummaryTable.pdf using filter : writer_pdf_Export
convert /home/markk/ares/cbe-generation-system/data/outputs/v2/Core_Mathematics/SS2.9_Linear_Motion/Core_Mathematics_Linear_Motion_CBE_LessonSequence.docx as a Writer document -> /tmp/pdfgen-WCkt4f/Core_Mathematics_Linear_Motion_CBE_LessonSequence.pdf using filter : writer_pdf_Export
convert /home/markk/ares/cbe-generation-system/data/outputs/v2/Core_Mathematics/SS2.9_Linear_Motion/Core_Mathematics_Linear_Motion_FinalExplanation.docx as a Writer document -> /tmp/pdfgen-WCkt4f/Core_Mathematics_Linear_Motion_FinalExplanation.pdf using filter : writer_pdf_Export
convert /home/markk/ares/cbe-generation-system/data/outputs/v2/Core_Mathematics/SS2.9_Linear_Motion/Core_Mathematics_Linear_Motion_FinalExplanation_TeacherKey.docx as a Writer document -> /tmp/pdfgen-WCkt4f/Core_Mathematics_Linear_Motion_FinalExplanation_TeacherKey.pdf using filter : writer_pdf_Export
convert /home/markk/ares/cbe-generation-system/data/outputs/v2/Core_Mathematics/SS2.9_Linear_Motion/Core_Mathematics_Linear_Motion_SummaryTable.docx as a Writer document -> /tmp/pdfgen-WCkt4f/Core_Mathematics_Linear_Motion_SummaryTable.pdf using filter : writer_pdf_Export
convert /home/markk/ares/cbe-generation-system/data/outputs/v2/Core_Mathematics/SS3.1_Statistics_I/Core_Mathematics_Statistics_I_CBE_LessonSequence.docx as a Writer document -> /tmp/pdfgen-WCkt4f/Core_Mathematics_Statistics_I_CBE_LessonSequence.pdf using filter : writer_pdf_Export
convert /home/markk/ares/cbe-generation-system/data/outputs/v2/Core_Mathematics/SS3.1_Statistics_I/Core_Mathematics_Statistics_I_FinalExplanation.docx as a Writer document -> /tmp/pdfgen-WCkt4f/Core_Mathematics_Statistics_I_FinalExplanation.pdf using filter : writer_pdf_Export
convert /home/markk/ares/cbe-generation-system/data/outputs/v2/Core_Mathematics/SS3.1_Statistics_I/Core_Mathematics_Statistics_I_FinalExplanation_TeacherKey.docx as a Writer document -> /tmp/pdfgen-WCkt4f/Core_Mathematics_Statistics_I_FinalExplanation_TeacherKey.pdf using filter : writer_pdf_Export
convert /home/markk/ares/cbe-generation-system/data/outputs/v2/Core_Mathematics/SS3.1_Statistics_I/Core_Mathematics_Statistics_I_SummaryTable.docx as a Writer document -> /tmp/pdfgen-WCkt4f/Core_Mathematics_Statistics_I_SummaryTable.pdf using filter : writer_pdf_Export
convert /home/markk/ares/cbe-generation-system/data/outputs/v2/Core_Mathematics/SS3.2_Probability_I/Core_Mathematics_Probability_I_CBE_LessonSequence.docx as a Writer document -> /tmp/pdfgen-WCkt4f/Core_Mathematics_Probability_I_CBE_LessonSequence.pdf using filter : writer_pdf_Export
convert /home/markk/ares/cbe-generation-system/data/outputs/v2/Core_Mathematics/SS3.2_Probability_I/Core_Mathematics_Probability_I_FinalExplanation.docx as a Writer document -> /tmp/pdfgen-WCkt4f/Core_Mathematics_Probability_I_FinalExplanation.pdf using filter : writer_pdf_Export
Converting batch of 150 file(s)...
convert /home/markk/ares/cbe-generation-system/data/outputs/v2/Core_Mathematics/SS3.2_Probability_I/Core_Mathematics_Probability_I_FinalExplanation_TeacherKey.docx as a Writer document -> /tmp/pdfgen-89JJD2/Core_Mathematics_Probability_I_FinalExplanation_TeacherKey.pdf using filter : writer_pdf_Export
convert /home/markk/ares/cbe-generation-system/data/outputs/v2/Core_Mathematics/SS3.2_Probability_I/Core_Mathematics_Probability_I_SummaryTable.docx as a Writer document -> /tmp/pdfgen-89JJD2/Core_Mathematics_Probability_I_SummaryTable.pdf using filter : writer_pdf_Export
convert /home/markk/ares/cbe-generation-system/data/outputs/v2/Essential_Mathematics/SS1.1_Real_Numbers/Essential_Mathematics_Real_Numbers_CBE_LessonSequence.docx as a Writer document -> /tmp/pdfgen-89JJD2/Essential_Mathematics_Real_Numbers_CBE_LessonSequence.pdf using filter : writer_pdf_Export
convert /home/markk/ares/cbe-generation-system/data/outputs/v2/Essential_Mathematics/SS1.1_Real_Numbers/Essential_Mathematics_Real_Numbers_FinalExplanation.docx as a Writer document -> /tmp/pdfgen-89JJD2/Essential_Mathematics_Real_Numbers_FinalExplanation.pdf using filter : writer_pdf_Export
convert /home/markk/ares/cbe-generation-system/data/outputs/v2/Essential_Mathematics/SS1.1_Real_Numbers/Essential_Mathematics_Real_Numbers_FinalExplanation_TeacherKey.docx as a Writer document -> /tmp/pdfgen-89JJD2/Essential_Mathematics_Real_Numbers_FinalExplanation_TeacherKey.pdf using filter : writer_pdf_Export
convert /home/markk/ares/cbe-generation-system/data/outputs/v2/Essential_Mathematics/SS1.1_Real_Numbers/Essential_Mathematics_Real_Numbers_SummaryTable.docx as a Writer document -> /tmp/pdfgen-89JJD2/Essential_Mathematics_Real_Numbers_SummaryTable.pdf using filter : writer_pdf_Export
convert /home/markk/ares/cbe-generation-system/data/outputs/v2/Essential_Mathematics/SS1.2_Indices/Essential_Mathematics_Indices_CBE_LessonSequence.docx as a Writer document -> /tmp/pdfgen-89JJD2/Essential_Mathematics_Indices_CBE_LessonSequence.pdf using filter : writer_pdf_Export
convert /home/markk/ares/cbe-generation-system/data/outputs/v2/Essential_Mathematics/SS1.2_Indices/Essential_Mathematics_Indices_FinalExplanation.docx as a Writer document -> /tmp/pdfgen-89JJD2/Essential_Mathematics_Indices_FinalExplanation.pdf using filter : writer_pdf_Export
convert /home/markk/ares/cbe-generation-system/data/outputs/v2/Essential_Mathematics/SS1.2_Indices/Essential_Mathematics_Indices_FinalExplanation_TeacherKey.docx as a Writer document -> /tmp/pdfgen-89JJD2/Essential_Mathematics_Indices_FinalExplanation_TeacherKey.pdf using filter : writer_pdf_Export
convert /home/markk/ares/cbe-generation-system/data/outputs/v2/Essential_Mathematics/SS1.2_Indices/Essential_Mathematics_Indices_SummaryTable.docx as a Writer document -> /tmp/pdfgen-89JJD2/Essential_Mathematics_Indices_SummaryTable.pdf using filter : writer_pdf_Export
convert /home/markk/ares/cbe-generation-system/data/outputs/v2/Essential_Mathematics/SS1.3_Quadratic_Equations/Essential_Mathematics_Quadratic_Equations_CBE_LessonSequence.docx as a Writer document -> /tmp/pdfgen-89JJD2/Essential_Mathematics_Quadratic_Equations_CBE_LessonSequence.pdf using filter : writer_pdf_Export
convert /home/markk/ares/cbe-generation-system/data/outputs/v2/Essential_Mathematics/SS1.3_Quadratic_Equations/Essential_Mathematics_Quadratic_Equations_FinalExplanation.docx as a Writer document -> /tmp/pdfgen-89JJD2/Essential_Mathematics_Quadratic_Equations_FinalExplanation.pdf using filter : writer_pdf_Export
convert /home/markk/ares/cbe-generation-system/data/outputs/v2/Essential_Mathematics/SS1.3_Quadratic_Equations/Essential_Mathematics_Quadratic_Equations_FinalExplanation_TeacherKey.docx as a Writer document -> /tmp/pdfgen-89JJD2/Essential_Mathematics_Quadratic_Equations_FinalExplanation_TeacherKey.pdf using filter : writer_pdf_Export
convert /home/markk/ares/cbe-generation-system/data/outputs/v2/Essential_Mathematics/SS1.3_Quadratic_Equations/Essential_Mathematics_Quadratic_Equations_SummaryTable.docx as a Writer document -> /tmp/pdfgen-89JJD2/Essential_Mathematics_Quadratic_Equations_SummaryTable.pdf using filter : writer_pdf_Export
convert /home/markk/ares/cbe-generation-system/data/outputs/v2/Essential_Mathematics/SS2.1_Similarity_and_Enlargement/Essential_Mathematics_Similarity_and_Enlargement_CBE_LessonSequence.docx as a Writer document -> /tmp/pdfgen-89JJD2/Essential_Mathematics_Similarity_and_Enlargement_CBE_LessonSequence.pdf using filter : writer_pdf_Export
convert /home/markk/ares/cbe-generation-system/data/outputs/v2/Essential_Mathematics/SS2.1_Similarity_and_Enlargement/Essential_Mathematics_Similarity_and_Enlargement_FinalExplanation.docx as a Writer document -> /tmp/pdfgen-89JJD2/Essential_Mathematics_Similarity_and_Enlargement_FinalExplanation.pdf using filter : writer_pdf_Export
convert /home/markk/ares/cbe-generation-system/data/outputs/v2/Essential_Mathematics/SS2.1_Similarity_and_Enlargement/Essential_Mathematics_Similarity_and_Enlargement_FinalExplanation_TeacherKey.docx as a Writer document -> /tmp/pdfgen-89JJD2/Essential_Mathematics_Similarity_and_Enlargement_FinalExplanation_TeacherKey.pdf using filter : writer_pdf_Export
convert /home/markk/ares/cbe-generation-system/data/outputs/v2/Essential_Mathematics/SS2.1_Similarity_and_Enlargement/Essential_Mathematics_Similarity_and_Enlargement_SummaryTable.docx as a Writer document -> /tmp/pdfgen-89JJD2/Essential_Mathematics_Similarity_and_Enlargement_SummaryTable.pdf using filter : writer_pdf_Export
convert /home/markk/ares/cbe-generation-system/data/outputs/v2/Essential_Mathematics/SS2.2_Reflection/Essential_Mathematics_Reflection_CBE_LessonSequence.docx as a Writer document -> /tmp/pdfgen-89JJD2/Essential_Mathematics_Reflection_CBE_LessonSequence.pdf using filter : writer_pdf_Export
convert /home/markk/ares/cbe-generation-system/data/outputs/v2/Essential_Mathematics/SS2.2_Reflection/Essential_Mathematics_Reflection_FinalExplanation.docx as a Writer document -> /tmp/pdfgen-89JJD2/Essential_Mathematics_Reflection_FinalExplanation.pdf using filter : writer_pdf_Export
convert /home/markk/ares/cbe-generation-system/data/outputs/v2/Essential_Mathematics/SS2.2_Reflection/Essential_Mathematics_Reflection_FinalExplanation_TeacherKey.docx as a Writer document -> /tmp/pdfgen-89JJD2/Essential_Mathematics_Reflection_FinalExplanation_TeacherKey.pdf using filter : writer_pdf_Export
convert /home/markk/ares/cbe-generation-system/data/outputs/v2/Essential_Mathematics/SS2.2_Reflection/Essential_Mathematics_Reflection_SummaryTable.docx as a Writer document -> /tmp/pdfgen-89JJD2/Essential_Mathematics_Reflection_SummaryTable.pdf using filter : writer_pdf_Export
convert /home/markk/ares/cbe-generation-system/data/outputs/v2/Essential_Mathematics/SS2.3_Trigonometry/Essential_Mathematics_Trigonometry_CBE_LessonSequence.docx as a Writer document -> /tmp/pdfgen-89JJD2/Essential_Mathematics_Trigonometry_CBE_LessonSequence.pdf using filter : writer_pdf_Export
convert /home/markk/ares/cbe-generation-system/data/outputs/v2/Essential_Mathematics/SS2.3_Trigonometry/Essential_Mathematics_Trigonometry_FinalExplanation.docx as a Writer document -> /tmp/pdfgen-89JJD2/Essential_Mathematics_Trigonometry_FinalExplanation.pdf using filter : writer_pdf_Export
convert /home/markk/ares/cbe-generation-system/data/outputs/v2/Essential_Mathematics/SS2.3_Trigonometry/Essential_Mathematics_Trigonometry_FinalExplanation_TeacherKey.docx as a Writer document -> /tmp/pdfgen-89JJD2/Essential_Mathematics_Trigonometry_FinalExplanation_TeacherKey.pdf using filter : writer_pdf_Export
convert /home/markk/ares/cbe-generation-system/data/outputs/v2/Essential_Mathematics/SS2.3_Trigonometry/Essential_Mathematics_Trigonometry_SummaryTable.docx as a Writer document -> /tmp/pdfgen-89JJD2/Essential_Mathematics_Trigonometry_SummaryTable.pdf using filter : writer_pdf_Export
convert /home/markk/ares/cbe-generation-system/data/outputs/v2/Essential_Mathematics/SS2.4_Area_of_Polygons/Essential_Mathematics_Area_of_Polygons_CBE_LessonSequence.docx as a Writer document -> /tmp/pdfgen-89JJD2/Essential_Mathematics_Area_of_Polygons_CBE_LessonSequence.pdf using filter : writer_pdf_Export
convert /home/markk/ares/cbe-generation-system/data/outputs/v2/Essential_Mathematics/SS2.4_Area_of_Polygons/Essential_Mathematics_Area_of_Polygons_FinalExplanation.docx as a Writer document -> /tmp/pdfgen-89JJD2/Essential_Mathematics_Area_of_Polygons_FinalExplanation.pdf using filter : writer_pdf_Export
convert /home/markk/ares/cbe-generation-system/data/outputs/v2/Essential_Mathematics/SS2.4_Area_of_Polygons/Essential_Mathematics_Area_of_Polygons_FinalExplanation_TeacherKey.docx as a Writer document -> /tmp/pdfgen-89JJD2/Essential_Mathematics_Area_of_Polygons_FinalExplanation_TeacherKey.pdf using filter : writer_pdf_Export
convert /home/markk/ares/cbe-generation-system/data/outputs/v2/Essential_Mathematics/SS2.4_Area_of_Polygons/Essential_Mathematics_Area_of_Polygons_SummaryTable.docx as a Writer document -> /tmp/pdfgen-89JJD2/Essential_Mathematics_Area_of_Polygons_SummaryTable.pdf using filter : writer_pdf_Export
convert /home/markk/ares/cbe-generation-system/data/outputs/v2/Essential_Mathematics/SS2.5_Area_of_Part_of_a_Circle/Essential_Mathematics_Area_of_Part_of_a_Circle_CBE_LessonSequence.docx as a Writer document -> /tmp/pdfgen-89JJD2/Essential_Mathematics_Area_of_Part_of_a_Circle_CBE_LessonSequence.pdf using filter : writer_pdf_Export
convert /home/markk/ares/cbe-generation-system/data/outputs/v2/Essential_Mathematics/SS2.5_Area_of_Part_of_a_Circle/Essential_Mathematics_Area_of_Part_of_a_Circle_FinalExplanation.docx as a Writer document -> /tmp/pdfgen-89JJD2/Essential_Mathematics_Area_of_Part_of_a_Circle_FinalExplanation.pdf using filter : writer_pdf_Export
convert /home/markk/ares/cbe-generation-system/data/outputs/v2/Essential_Mathematics/SS2.5_Area_of_Part_of_a_Circle/Essential_Mathematics_Area_of_Part_of_a_Circle_FinalExplanation_TeacherKey.docx as a Writer document -> /tmp/pdfgen-89JJD2/Essential_Mathematics_Area_of_Part_of_a_Circle_FinalExplanation_TeacherKey.pdf using filter : writer_pdf_Export
convert /home/markk/ares/cbe-generation-system/data/outputs/v2/Essential_Mathematics/SS2.5_Area_of_Part_of_a_Circle/Essential_Mathematics_Area_of_Part_of_a_Circle_SummaryTable.docx as a Writer document -> /tmp/pdfgen-89JJD2/Essential_Mathematics_Area_of_Part_of_a_Circle_SummaryTable.pdf using filter : writer_pdf_Export
convert /home/markk/ares/cbe-generation-system/data/outputs/v2/Essential_Mathematics/SS2.6_Surface_Area_of_Solids/Essential_Mathematics_Surface_Area_of_Solids_CBE_LessonSequence.docx as a Writer document -> /tmp/pdfgen-89JJD2/Essential_Mathematics_Surface_Area_of_Solids_CBE_LessonSequence.pdf using filter : writer_pdf_Export
convert /home/markk/ares/cbe-generation-system/data/outputs/v2/Essential_Mathematics/SS2.6_Surface_Area_of_Solids/Essential_Mathematics_Surface_Area_of_Solids_FinalExplanation.docx as a Writer document -> /tmp/pdfgen-89JJD2/Essential_Mathematics_Surface_Area_of_Solids_FinalExplanation.pdf using filter : writer_pdf_Export
convert /home/markk/ares/cbe-generation-system/data/outputs/v2/Essential_Mathematics/SS2.6_Surface_Area_of_Solids/Essential_Mathematics_Surface_Area_of_Solids_FinalExplanation_TeacherKey.docx as a Writer document -> /tmp/pdfgen-89JJD2/Essential_Mathematics_Surface_Area_of_Solids_FinalExplanation_TeacherKey.pdf using filter : writer_pdf_Export
convert /home/markk/ares/cbe-generation-system/data/outputs/v2/Essential_Mathematics/SS2.6_Surface_Area_of_Solids/Essential_Mathematics_Surface_Area_of_Solids_SummaryTable.docx as a Writer document -> /tmp/pdfgen-89JJD2/Essential_Mathematics_Surface_Area_of_Solids_SummaryTable.pdf using filter : writer_pdf_Export
convert /home/markk/ares/cbe-generation-system/data/outputs/v2/Essential_Mathematics/SS2.7_Volume_and_Capacity/Essential_Mathematics_Volume_and_Capacity_CBE_LessonSequence.docx as a Writer document -> /tmp/pdfgen-89JJD2/Essential_Mathematics_Volume_and_Capacity_CBE_LessonSequence.pdf using filter : writer_pdf_Export
convert /home/markk/ares/cbe-generation-system/data/outputs/v2/Essential_Mathematics/SS2.7_Volume_and_Capacity/Essential_Mathematics_Volume_and_Capacity_FinalExplanation.docx as a Writer document -> /tmp/pdfgen-89JJD2/Essential_Mathematics_Volume_and_Capacity_FinalExplanation.pdf using filter : writer_pdf_Export
convert /home/markk/ares/cbe-generation-system/data/outputs/v2/Essential_Mathematics/SS2.7_Volume_and_Capacity/Essential_Mathematics_Volume_and_Capacity_FinalExplanation_TeacherKey.docx as a Writer document -> /tmp/pdfgen-89JJD2/Essential_Mathematics_Volume_and_Capacity_FinalExplanation_TeacherKey.pdf using filter : writer_pdf_Export
convert /home/markk/ares/cbe-generation-system/data/outputs/v2/Essential_Mathematics/SS2.7_Volume_and_Capacity/Essential_Mathematics_Volume_and_Capacity_SummaryTable.docx as a Writer document -> /tmp/pdfgen-89JJD2/Essential_Mathematics_Volume_and_Capacity_SummaryTable.pdf using filter : writer_pdf_Export
convert /home/markk/ares/cbe-generation-system/data/outputs/v2/Essential_Mathematics/SS2.8_Commercial_Arithmetic_1/Essential_Mathematics_Commercial_Arithmetic_1_CBE_LessonSequence.docx as a Writer document -> /tmp/pdfgen-89JJD2/Essential_Mathematics_Commercial_Arithmetic_1_CBE_LessonSequence.pdf using filter : writer_pdf_Export
convert /home/markk/ares/cbe-generation-system/data/outputs/v2/Essential_Mathematics/SS2.8_Commercial_Arithmetic_1/Essential_Mathematics_Commercial_Arithmetic_1_FinalExplanation.docx as a Writer document -> /tmp/pdfgen-89JJD2/Essential_Mathematics_Commercial_Arithmetic_1_FinalExplanation.pdf using filter : writer_pdf_Export
convert /home/markk/ares/cbe-generation-system/data/outputs/v2/Essential_Mathematics/SS2.8_Commercial_Arithmetic_1/Essential_Mathematics_Commercial_Arithmetic_1_FinalExplanation_TeacherKey.docx as a Writer document -> /tmp/pdfgen-89JJD2/Essential_Mathematics_Commercial_Arithmetic_1_FinalExplanation_TeacherKey.pdf using filter : writer_pdf_Export
convert /home/markk/ares/cbe-generation-system/data/outputs/v2/Essential_Mathematics/SS2.8_Commercial_Arithmetic_1/Essential_Mathematics_Commercial_Arithmetic_1_SummaryTable.docx as a Writer document -> /tmp/pdfgen-89JJD2/Essential_Mathematics_Commercial_Arithmetic_1_SummaryTable.pdf using filter : writer_pdf_Export
convert /home/markk/ares/cbe-generation-system/data/outputs/v2/Essential_Mathematics/SS3.1_Statistics_1/Essential_Mathematics_Statistics_1_CBE_LessonSequence.docx as a Writer document -> /tmp/pdfgen-89JJD2/Essential_Mathematics_Statistics_1_CBE_LessonSequence.pdf using filter : writer_pdf_Export
convert /home/markk/ares/cbe-generation-system/data/outputs/v2/Essential_Mathematics/SS3.1_Statistics_1/Essential_Mathematics_Statistics_1_FinalExplanation.docx as a Writer document -> /tmp/pdfgen-89JJD2/Essential_Mathematics_Statistics_1_FinalExplanation.pdf using filter : writer_pdf_Export
convert /home/markk/ares/cbe-generation-system/data/outputs/v2/Essential_Mathematics/SS3.1_Statistics_1/Essential_Mathematics_Statistics_1_FinalExplanation_TeacherKey.docx as a Writer document -> /tmp/pdfgen-89JJD2/Essential_Mathematics_Statistics_1_FinalExplanation_TeacherKey.pdf using filter : writer_pdf_Export
convert /home/markk/ares/cbe-generation-system/data/outputs/v2/Essential_Mathematics/SS3.1_Statistics_1/Essential_Mathematics_Statistics_1_SummaryTable.docx as a Writer document -> /tmp/pdfgen-89JJD2/Essential_Mathematics_Statistics_1_SummaryTable.pdf using filter : writer_pdf_Export
convert /home/markk/ares/cbe-generation-system/data/outputs/v2/Essential_Mathematics/SS3.2_Probability_I/Essential_Mathematics_Probability_I_CBE_LessonSequence.docx as a Writer document -> /tmp/pdfgen-89JJD2/Essential_Mathematics_Probability_I_CBE_LessonSequence.pdf using filter : writer_pdf_Export
convert /home/markk/ares/cbe-generation-system/data/outputs/v2/Essential_Mathematics/SS3.2_Probability_I/Essential_Mathematics_Probability_I_FinalExplanation.docx as a Writer document -> /tmp/pdfgen-89JJD2/Essential_Mathematics_Probability_I_FinalExplanation.pdf using filter : writer_pdf_Export
convert /home/markk/ares/cbe-generation-system/data/outputs/v2/Essential_Mathematics/SS3.2_Probability_I/Essential_Mathematics_Probability_I_FinalExplanation_TeacherKey.docx as a Writer document -> /tmp/pdfgen-89JJD2/Essential_Mathematics_Probability_I_FinalExplanation_TeacherKey.pdf using filter : writer_pdf_Export
convert /home/markk/ares/cbe-generation-system/data/outputs/v2/Essential_Mathematics/SS3.2_Probability_I/Essential_Mathematics_Probability_I_SummaryTable.docx as a Writer document -> /tmp/pdfgen-89JJD2/Essential_Mathematics_Probability_I_SummaryTable.pdf using filter : writer_pdf_Export
convert /home/markk/ares/cbe-generation-system/data/outputs/v2/General_Science/SS1.1_Introduction_to_General_Science/General_Science_Introduction_to_General_Science_CBE_LessonSequence.docx as a Writer document -> /tmp/pdfgen-89JJD2/General_Science_Introduction_to_General_Science_CBE_LessonSequence.pdf using filter : writer_pdf_Export
convert /home/markk/ares/cbe-generation-system/data/outputs/v2/General_Science/SS1.1_Introduction_to_General_Science/General_Science_Introduction_to_General_Science_FinalExplanation.docx as a Writer document -> /tmp/pdfgen-89JJD2/General_Science_Introduction_to_General_Science_FinalExplanation.pdf using filter : writer_pdf_Export
convert /home/markk/ares/cbe-generation-system/data/outputs/v2/General_Science/SS1.1_Introduction_to_General_Science/General_Science_Introduction_to_General_Science_FinalExplanation_TeacherKey.docx as a Writer document -> /tmp/pdfgen-89JJD2/General_Science_Introduction_to_General_Science_FinalExplanation_TeacherKey.pdf using filter : writer_pdf_Export
convert /home/markk/ares/cbe-generation-system/data/outputs/v2/General_Science/SS1.1_Introduction_to_General_Science/General_Science_Introduction_to_General_Science_SummaryTable.docx as a Writer document -> /tmp/pdfgen-89JJD2/General_Science_Introduction_to_General_Science_SummaryTable.pdf using filter : writer_pdf_Export
convert /home/markk/ares/cbe-generation-system/data/outputs/v2/General_Science/SS1.2_The_Cell/General_Science_The_Cell_CBE_LessonSequence.docx as a Writer document -> /tmp/pdfgen-89JJD2/General_Science_The_Cell_CBE_LessonSequence.pdf using filter : writer_pdf_Export
convert /home/markk/ares/cbe-generation-system/data/outputs/v2/General_Science/SS1.2_The_Cell/General_Science_The_Cell_FinalExplanation.docx as a Writer document -> /tmp/pdfgen-89JJD2/General_Science_The_Cell_FinalExplanation.pdf using filter : writer_pdf_Export
convert /home/markk/ares/cbe-generation-system/data/outputs/v2/General_Science/SS1.2_The_Cell/General_Science_The_Cell_FinalExplanation_TeacherKey.docx as a Writer document -> /tmp/pdfgen-89JJD2/General_Science_The_Cell_FinalExplanation_TeacherKey.pdf using filter : writer_pdf_Export
convert /home/markk/ares/cbe-generation-system/data/outputs/v2/General_Science/SS1.2_The_Cell/General_Science_The_Cell_SummaryTable.docx as a Writer document -> /tmp/pdfgen-89JJD2/General_Science_The_Cell_SummaryTable.pdf using filter : writer_pdf_Export
convert /home/markk/ares/cbe-generation-system/data/outputs/v2/General_Science/SS1.3_Nutrition_in_Animals/General_Science_Nutrition_in_Animals_CBE_LessonSequence.docx as a Writer document -> /tmp/pdfgen-89JJD2/General_Science_Nutrition_in_Animals_CBE_LessonSequence.pdf using filter : writer_pdf_Export
convert /home/markk/ares/cbe-generation-system/data/outputs/v2/General_Science/SS1.3_Nutrition_in_Animals/General_Science_Nutrition_in_Animals_FinalExplanation.docx as a Writer document -> /tmp/pdfgen-89JJD2/General_Science_Nutrition_in_Animals_FinalExplanation.pdf using filter : writer_pdf_Export
convert /home/markk/ares/cbe-generation-system/data/outputs/v2/General_Science/SS1.3_Nutrition_in_Animals/General_Science_Nutrition_in_Animals_FinalExplanation_TeacherKey.docx as a Writer document -> /tmp/pdfgen-89JJD2/General_Science_Nutrition_in_Animals_FinalExplanation_TeacherKey.pdf using filter : writer_pdf_Export
convert /home/markk/ares/cbe-generation-system/data/outputs/v2/General_Science/SS1.3_Nutrition_in_Animals/General_Science_Nutrition_in_Animals_SummaryTable.docx as a Writer document -> /tmp/pdfgen-89JJD2/General_Science_Nutrition_in_Animals_SummaryTable.pdf using filter : writer_pdf_Export
convert /home/markk/ares/cbe-generation-system/data/outputs/v2/General_Science/SS1.3_Nutrition_in_Animals/quiz/General_Science_G10_SS1.3_Nutrition_in_Animals_L1_AnswerKey.docx as a Writer document -> /tmp/pdfgen-89JJD2/General_Science_G10_SS1.3_Nutrition_in_Animals_L1_AnswerKey.pdf using filter : writer_pdf_Export
convert /home/markk/ares/cbe-generation-system/data/outputs/v2/General_Science/SS1.3_Nutrition_in_Animals/quiz/General_Science_G10_SS1.3_Nutrition_in_Animals_L1_QuickCheck.pptx as a Impress document -> /tmp/pdfgen-89JJD2/General_Science_G10_SS1.3_Nutrition_in_Animals_L1_QuickCheck.pdf using filter : impress_pdf_Export
convert /home/markk/ares/cbe-generation-system/data/outputs/v2/General_Science/SS1.3_Nutrition_in_Animals/quiz/General_Science_G10_SS1.3_Nutrition_in_Animals_L2_AnswerKey.docx as a Writer document -> /tmp/pdfgen-89JJD2/General_Science_G10_SS1.3_Nutrition_in_Animals_L2_AnswerKey.pdf using filter : writer_pdf_Export
convert /home/markk/ares/cbe-generation-system/data/outputs/v2/General_Science/SS1.3_Nutrition_in_Animals/quiz/General_Science_G10_SS1.3_Nutrition_in_Animals_L2_QuickCheck.pptx as a Impress document -> /tmp/pdfgen-89JJD2/General_Science_G10_SS1.3_Nutrition_in_Animals_L2_QuickCheck.pdf using filter : impress_pdf_Export
convert /home/markk/ares/cbe-generation-system/data/outputs/v2/General_Science/SS1.3_Nutrition_in_Animals/quiz/General_Science_G10_SS1.3_Nutrition_in_Animals_L3_AnswerKey.docx as a Writer document -> /tmp/pdfgen-89JJD2/General_Science_G10_SS1.3_Nutrition_in_Animals_L3_AnswerKey.pdf using filter : writer_pdf_Export
convert /home/markk/ares/cbe-generation-system/data/outputs/v2/General_Science/SS1.3_Nutrition_in_Animals/quiz/General_Science_G10_SS1.3_Nutrition_in_Animals_L3_QuickCheck.pptx as a Impress document -> /tmp/pdfgen-89JJD2/General_Science_G10_SS1.3_Nutrition_in_Animals_L3_QuickCheck.pdf using filter : impress_pdf_Export
convert /home/markk/ares/cbe-generation-system/data/outputs/v2/General_Science/SS1.3_Nutrition_in_Animals/quiz/General_Science_G10_SS1.3_Nutrition_in_Animals_L4_AnswerKey.docx as a Writer document -> /tmp/pdfgen-89JJD2/General_Science_G10_SS1.3_Nutrition_in_Animals_L4_AnswerKey.pdf using filter : writer_pdf_Export
convert /home/markk/ares/cbe-generation-system/data/outputs/v2/General_Science/SS1.3_Nutrition_in_Animals/quiz/General_Science_G10_SS1.3_Nutrition_in_Animals_L4_QuickCheck.pptx as a Impress document -> /tmp/pdfgen-89JJD2/General_Science_G10_SS1.3_Nutrition_in_Animals_L4_QuickCheck.pdf using filter : impress_pdf_Export
convert /home/markk/ares/cbe-generation-system/data/outputs/v2/General_Science/SS1.3_Nutrition_in_Animals/quiz/General_Science_G10_SS1.3_Nutrition_in_Animals_L5_AnswerKey.docx as a Writer document -> /tmp/pdfgen-89JJD2/General_Science_G10_SS1.3_Nutrition_in_Animals_L5_AnswerKey.pdf using filter : writer_pdf_Export
convert /home/markk/ares/cbe-generation-system/data/outputs/v2/General_Science/SS1.3_Nutrition_in_Animals/quiz/General_Science_G10_SS1.3_Nutrition_in_Animals_L5_QuickCheck.pptx as a Impress document -> /tmp/pdfgen-89JJD2/General_Science_G10_SS1.3_Nutrition_in_Animals_L5_QuickCheck.pdf using filter : impress_pdf_Export
convert /home/markk/ares/cbe-generation-system/data/outputs/v2/General_Science/SS1.3_Nutrition_in_Animals/quiz/General_Science_G10_SS1.3_Nutrition_in_Animals_L6_AnswerKey.docx as a Writer document -> /tmp/pdfgen-89JJD2/General_Science_G10_SS1.3_Nutrition_in_Animals_L6_AnswerKey.pdf using filter : writer_pdf_Export
convert /home/markk/ares/cbe-generation-system/data/outputs/v2/General_Science/SS1.3_Nutrition_in_Animals/quiz/General_Science_G10_SS1.3_Nutrition_in_Animals_L6_QuickCheck.pptx as a Impress document -> /tmp/pdfgen-89JJD2/General_Science_G10_SS1.3_Nutrition_in_Animals_L6_QuickCheck.pdf using filter : impress_pdf_Export
convert /home/markk/ares/cbe-generation-system/data/outputs/v2/General_Science/SS1.3_Nutrition_in_Animals/quiz/General_Science_G10_SS1.3_Nutrition_in_Animals_L7_AnswerKey.docx as a Writer document -> /tmp/pdfgen-89JJD2/General_Science_G10_SS1.3_Nutrition_in_Animals_L7_AnswerKey.pdf using filter : writer_pdf_Export
convert /home/markk/ares/cbe-generation-system/data/outputs/v2/General_Science/SS1.3_Nutrition_in_Animals/quiz/General_Science_G10_SS1.3_Nutrition_in_Animals_L7_QuickCheck.pptx as a Impress document -> /tmp/pdfgen-89JJD2/General_Science_G10_SS1.3_Nutrition_in_Animals_L7_QuickCheck.pdf using filter : impress_pdf_Export
convert /home/markk/ares/cbe-generation-system/data/outputs/v2/General_Science/SS1.3_Nutrition_in_Animals/quiz/General_Science_G10_SS1.3_Nutrition_in_Animals_L8_AnswerKey.docx as a Writer document -> /tmp/pdfgen-89JJD2/General_Science_G10_SS1.3_Nutrition_in_Animals_L8_AnswerKey.pdf using filter : writer_pdf_Export
convert /home/markk/ares/cbe-generation-system/data/outputs/v2/General_Science/SS1.3_Nutrition_in_Animals/quiz/General_Science_G10_SS1.3_Nutrition_in_Animals_L8_QuickCheck.pptx as a Impress document -> /tmp/pdfgen-89JJD2/General_Science_G10_SS1.3_Nutrition_in_Animals_L8_QuickCheck.pdf using filter : impress_pdf_Export
convert /home/markk/ares/cbe-generation-system/data/outputs/v2/General_Science/SS1.4_Transport_in_Plants/General_Science_Transport_in_Plants_CBE_LessonSequence.docx as a Writer document -> /tmp/pdfgen-89JJD2/General_Science_Transport_in_Plants_CBE_LessonSequence.pdf using filter : writer_pdf_Export
convert /home/markk/ares/cbe-generation-system/data/outputs/v2/General_Science/SS1.4_Transport_in_Plants/General_Science_Transport_in_Plants_FinalExplanation.docx as a Writer document -> /tmp/pdfgen-89JJD2/General_Science_Transport_in_Plants_FinalExplanation.pdf using filter : writer_pdf_Export
convert /home/markk/ares/cbe-generation-system/data/outputs/v2/General_Science/SS1.4_Transport_in_Plants/General_Science_Transport_in_Plants_FinalExplanation_TeacherKey.docx as a Writer document -> /tmp/pdfgen-89JJD2/General_Science_Transport_in_Plants_FinalExplanation_TeacherKey.pdf using filter : writer_pdf_Export
convert /home/markk/ares/cbe-generation-system/data/outputs/v2/General_Science/SS1.4_Transport_in_Plants/General_Science_Transport_in_Plants_SummaryTable.docx as a Writer document -> /tmp/pdfgen-89JJD2/General_Science_Transport_in_Plants_SummaryTable.pdf using filter : writer_pdf_Export
convert /home/markk/ares/cbe-generation-system/data/outputs/v2/General_Science/SS1.5_Respiration/General_Science_Respiration_CBE_LessonSequence.docx as a Writer document -> /tmp/pdfgen-89JJD2/General_Science_Respiration_CBE_LessonSequence.pdf using filter : writer_pdf_Export
convert /home/markk/ares/cbe-generation-system/data/outputs/v2/General_Science/SS1.5_Respiration/General_Science_Respiration_FinalExplanation.docx as a Writer document -> /tmp/pdfgen-89JJD2/General_Science_Respiration_FinalExplanation.pdf using filter : writer_pdf_Export
convert /home/markk/ares/cbe-generation-system/data/outputs/v2/General_Science/SS1.5_Respiration/General_Science_Respiration_FinalExplanation_TeacherKey.docx as a Writer document -> /tmp/pdfgen-89JJD2/General_Science_Respiration_FinalExplanation_TeacherKey.pdf using filter : writer_pdf_Export
convert /home/markk/ares/cbe-generation-system/data/outputs/v2/General_Science/SS1.5_Respiration/General_Science_Respiration_SummaryTable.docx as a Writer document -> /tmp/pdfgen-89JJD2/General_Science_Respiration_SummaryTable.pdf using filter : writer_pdf_Export
convert /home/markk/ares/cbe-generation-system/data/outputs/v2/General_Science/SS1.6_Plant_Growth_and_Development/General_Science_Plant_Growth_and_Development_CBE_LessonSequence.docx as a Writer document -> /tmp/pdfgen-89JJD2/General_Science_Plant_Growth_and_Development_CBE_LessonSequence.pdf using filter : writer_pdf_Export
convert /home/markk/ares/cbe-generation-system/data/outputs/v2/General_Science/SS1.6_Plant_Growth_and_Development/General_Science_Plant_Growth_and_Development_FinalExplanation.docx as a Writer document -> /tmp/pdfgen-89JJD2/General_Science_Plant_Growth_and_Development_FinalExplanation.pdf using filter : writer_pdf_Export
convert /home/markk/ares/cbe-generation-system/data/outputs/v2/General_Science/SS1.6_Plant_Growth_and_Development/General_Science_Plant_Growth_and_Development_FinalExplanation_TeacherKey.docx as a Writer document -> /tmp/pdfgen-89JJD2/General_Science_Plant_Growth_and_Development_FinalExplanation_TeacherKey.pdf using filter : writer_pdf_Export
convert /home/markk/ares/cbe-generation-system/data/outputs/v2/General_Science/SS1.6_Plant_Growth_and_Development/General_Science_Plant_Growth_and_Development_SummaryTable.docx as a Writer document -> /tmp/pdfgen-89JJD2/General_Science_Plant_Growth_and_Development_SummaryTable.pdf using filter : writer_pdf_Export
convert /home/markk/ares/cbe-generation-system/data/outputs/v2/General_Science/SS1.7_Microorganisms/General_Science_Microorganisms_CBE_LessonSequence.docx as a Writer document -> /tmp/pdfgen-89JJD2/General_Science_Microorganisms_CBE_LessonSequence.pdf using filter : writer_pdf_Export
convert /home/markk/ares/cbe-generation-system/data/outputs/v2/General_Science/SS1.7_Microorganisms/General_Science_Microorganisms_FinalExplanation.docx as a Writer document -> /tmp/pdfgen-89JJD2/General_Science_Microorganisms_FinalExplanation.pdf using filter : writer_pdf_Export
convert /home/markk/ares/cbe-generation-system/data/outputs/v2/General_Science/SS1.7_Microorganisms/General_Science_Microorganisms_FinalExplanation_TeacherKey.docx as a Writer document -> /tmp/pdfgen-89JJD2/General_Science_Microorganisms_FinalExplanation_TeacherKey.pdf using filter : writer_pdf_Export
convert /home/markk/ares/cbe-generation-system/data/outputs/v2/General_Science/SS1.7_Microorganisms/General_Science_Microorganisms_SummaryTable.docx as a Writer document -> /tmp/pdfgen-89JJD2/General_Science_Microorganisms_SummaryTable.pdf using filter : writer_pdf_Export
convert /home/markk/ares/cbe-generation-system/data/outputs/v2/General_Science/SS2.1_The_Periodic_Table/General_Science_The_Periodic_Table_CBE_LessonSequence.docx as a Writer document -> /tmp/pdfgen-89JJD2/General_Science_The_Periodic_Table_CBE_LessonSequence.pdf using filter : writer_pdf_Export
convert /home/markk/ares/cbe-generation-system/data/outputs/v2/General_Science/SS2.1_The_Periodic_Table/General_Science_The_Periodic_Table_FinalExplanation.docx as a Writer document -> /tmp/pdfgen-89JJD2/General_Science_The_Periodic_Table_FinalExplanation.pdf using filter : writer_pdf_Export
convert /home/markk/ares/cbe-generation-system/data/outputs/v2/General_Science/SS2.1_The_Periodic_Table/General_Science_The_Periodic_Table_FinalExplanation_TeacherKey.docx as a Writer document -> /tmp/pdfgen-89JJD2/General_Science_The_Periodic_Table_FinalExplanation_TeacherKey.pdf using filter : writer_pdf_Export
convert /home/markk/ares/cbe-generation-system/data/outputs/v2/General_Science/SS2.1_The_Periodic_Table/General_Science_The_Periodic_Table_SummaryTable.docx as a Writer document -> /tmp/pdfgen-89JJD2/General_Science_The_Periodic_Table_SummaryTable.pdf using filter : writer_pdf_Export
convert /home/markk/ares/cbe-generation-system/data/outputs/v2/General_Science/SS2.2_Chemical_Families/General_Science_Chemical_Families_CBE_LessonSequence.docx as a Writer document -> /tmp/pdfgen-89JJD2/General_Science_Chemical_Families_CBE_LessonSequence.pdf using filter : writer_pdf_Export
convert /home/markk/ares/cbe-generation-system/data/outputs/v2/General_Science/SS2.2_Chemical_Families/General_Science_Chemical_Families_FinalExplanation.docx as a Writer document -> /tmp/pdfgen-89JJD2/General_Science_Chemical_Families_FinalExplanation.pdf using filter : writer_pdf_Export
convert /home/markk/ares/cbe-generation-system/data/outputs/v2/General_Science/SS2.2_Chemical_Families/General_Science_Chemical_Families_FinalExplanation_TeacherKey.docx as a Writer document -> /tmp/pdfgen-89JJD2/General_Science_Chemical_Families_FinalExplanation_TeacherKey.pdf using filter : writer_pdf_Export
convert /home/markk/ares/cbe-generation-system/data/outputs/v2/General_Science/SS2.2_Chemical_Families/General_Science_Chemical_Families_SummaryTable.docx as a Writer document -> /tmp/pdfgen-89JJD2/General_Science_Chemical_Families_SummaryTable.pdf using filter : writer_pdf_Export
convert /home/markk/ares/cbe-generation-system/data/outputs/v2/General_Science/SS2.3_Chemical_Bonding/General_Science_Chemical_Bonding_CBE_LessonSequence.docx as a Writer document -> /tmp/pdfgen-89JJD2/General_Science_Chemical_Bonding_CBE_LessonSequence.pdf using filter : writer_pdf_Export
convert /home/markk/ares/cbe-generation-system/data/outputs/v2/General_Science/SS2.3_Chemical_Bonding/General_Science_Chemical_Bonding_FinalExplanation.docx as a Writer document -> /tmp/pdfgen-89JJD2/General_Science_Chemical_Bonding_FinalExplanation.pdf using filter : writer_pdf_Export
convert /home/markk/ares/cbe-generation-system/data/outputs/v2/General_Science/SS2.3_Chemical_Bonding/General_Science_Chemical_Bonding_FinalExplanation_TeacherKey.docx as a Writer document -> /tmp/pdfgen-89JJD2/General_Science_Chemical_Bonding_FinalExplanation_TeacherKey.pdf using filter : writer_pdf_Export
convert /home/markk/ares/cbe-generation-system/data/outputs/v2/General_Science/SS2.3_Chemical_Bonding/General_Science_Chemical_Bonding_SummaryTable.docx as a Writer document -> /tmp/pdfgen-89JJD2/General_Science_Chemical_Bonding_SummaryTable.pdf using filter : writer_pdf_Export
convert /home/markk/ares/cbe-generation-system/data/outputs/v2/General_Science/SS2.4_Acids,_Bases_and_Salts/General_Science_Acids,_Bases_and_Salts_CBE_LessonSequence.docx as a Writer document -> /tmp/pdfgen-89JJD2/General_Science_Acids,_Bases_and_Salts_CBE_LessonSequence.pdf using filter : writer_pdf_Export
convert /home/markk/ares/cbe-generation-system/data/outputs/v2/General_Science/SS2.4_Acids,_Bases_and_Salts/General_Science_Acids,_Bases_and_Salts_FinalExplanation.docx as a Writer document -> /tmp/pdfgen-89JJD2/General_Science_Acids,_Bases_and_Salts_FinalExplanation.pdf using filter : writer_pdf_Export
convert /home/markk/ares/cbe-generation-system/data/outputs/v2/General_Science/SS2.4_Acids,_Bases_and_Salts/General_Science_Acids,_Bases_and_Salts_FinalExplanation_TeacherKey.docx as a Writer document -> /tmp/pdfgen-89JJD2/General_Science_Acids,_Bases_and_Salts_FinalExplanation_TeacherKey.pdf using filter : writer_pdf_Export
convert /home/markk/ares/cbe-generation-system/data/outputs/v2/General_Science/SS2.4_Acids,_Bases_and_Salts/General_Science_Acids,_Bases_and_Salts_SummaryTable.docx as a Writer document -> /tmp/pdfgen-89JJD2/General_Science_Acids,_Bases_and_Salts_SummaryTable.pdf using filter : writer_pdf_Export
convert /home/markk/ares/cbe-generation-system/data/outputs/v2/General_Science/SS2.5_Rates_of_Reactions/General_Science_Rates_of_Reactions_CBE_LessonSequence.docx as a Writer document -> /tmp/pdfgen-89JJD2/General_Science_Rates_of_Reactions_CBE_LessonSequence.pdf using filter : writer_pdf_Export
convert /home/markk/ares/cbe-generation-system/data/outputs/v2/General_Science/SS2.5_Rates_of_Reactions/General_Science_Rates_of_Reactions_FinalExplanation.docx as a Writer document -> /tmp/pdfgen-89JJD2/General_Science_Rates_of_Reactions_FinalExplanation.pdf using filter : writer_pdf_Export
convert /home/markk/ares/cbe-generation-system/data/outputs/v2/General_Science/SS2.5_Rates_of_Reactions/General_Science_Rates_of_Reactions_FinalExplanation_TeacherKey.docx as a Writer document -> /tmp/pdfgen-89JJD2/General_Science_Rates_of_Reactions_FinalExplanation_TeacherKey.pdf using filter : writer_pdf_Export
convert /home/markk/ares/cbe-generation-system/data/outputs/v2/General_Science/SS2.5_Rates_of_Reactions/General_Science_Rates_of_Reactions_SummaryTable.docx as a Writer document -> /tmp/pdfgen-89JJD2/General_Science_Rates_of_Reactions_SummaryTable.pdf using filter : writer_pdf_Export
convert /home/markk/ares/cbe-generation-system/data/outputs/v2/General_Science/SS3.1_Turning_Effect_of_Force/General_Science_Turning_Effect_of_Force_CBE_LessonSequence.docx as a Writer document -> /tmp/pdfgen-89JJD2/General_Science_Turning_Effect_of_Force_CBE_LessonSequence.pdf using filter : writer_pdf_Export
convert /home/markk/ares/cbe-generation-system/data/outputs/v2/General_Science/SS3.1_Turning_Effect_of_Force/General_Science_Turning_Effect_of_Force_FinalExplanation.docx as a Writer document -> /tmp/pdfgen-89JJD2/General_Science_Turning_Effect_of_Force_FinalExplanation.pdf using filter : writer_pdf_Export
convert /home/markk/ares/cbe-generation-system/data/outputs/v2/General_Science/SS3.1_Turning_Effect_of_Force/General_Science_Turning_Effect_of_Force_FinalExplanation_TeacherKey.docx as a Writer document -> /tmp/pdfgen-89JJD2/General_Science_Turning_Effect_of_Force_FinalExplanation_TeacherKey.pdf using filter : writer_pdf_Export
convert /home/markk/ares/cbe-generation-system/data/outputs/v2/General_Science/SS3.1_Turning_Effect_of_Force/General_Science_Turning_Effect_of_Force_SummaryTable.docx as a Writer document -> /tmp/pdfgen-89JJD2/General_Science_Turning_Effect_of_Force_SummaryTable.pdf using filter : writer_pdf_Export
convert /home/markk/ares/cbe-generation-system/data/outputs/v2/General_Science/SS3.2_Linear_Motion/General_Science_Linear_Motion_CBE_LessonSequence.docx as a Writer document -> /tmp/pdfgen-89JJD2/General_Science_Linear_Motion_CBE_LessonSequence.pdf using filter : writer_pdf_Export
convert /home/markk/ares/cbe-generation-system/data/outputs/v2/General_Science/SS3.2_Linear_Motion/General_Science_Linear_Motion_FinalExplanation.docx as a Writer document -> /tmp/pdfgen-89JJD2/General_Science_Linear_Motion_FinalExplanation.pdf using filter : writer_pdf_Export
convert /home/markk/ares/cbe-generation-system/data/outputs/v2/General_Science/SS3.2_Linear_Motion/General_Science_Linear_Motion_FinalExplanation_TeacherKey.docx as a Writer document -> /tmp/pdfgen-89JJD2/General_Science_Linear_Motion_FinalExplanation_TeacherKey.pdf using filter : writer_pdf_Export
convert /home/markk/ares/cbe-generation-system/data/outputs/v2/General_Science/SS3.2_Linear_Motion/General_Science_Linear_Motion_SummaryTable.docx as a Writer document -> /tmp/pdfgen-89JJD2/General_Science_Linear_Motion_SummaryTable.pdf using filter : writer_pdf_Export
convert /home/markk/ares/cbe-generation-system/data/outputs/v2/General_Science/SS3.3_Waves/General_Science_Waves_CBE_LessonSequence.docx as a Writer document -> /tmp/pdfgen-89JJD2/General_Science_Waves_CBE_LessonSequence.pdf using filter : writer_pdf_Export
convert /home/markk/ares/cbe-generation-system/data/outputs/v2/General_Science/SS3.3_Waves/General_Science_Waves_FinalExplanation.docx as a Writer document -> /tmp/pdfgen-89JJD2/General_Science_Waves_FinalExplanation.pdf using filter : writer_pdf_Export
convert /home/markk/ares/cbe-generation-system/data/outputs/v2/General_Science/SS3.3_Waves/General_Science_Waves_FinalExplanation_TeacherKey.docx as a Writer document -> /tmp/pdfgen-89JJD2/General_Science_Waves_FinalExplanation_TeacherKey.pdf using filter : writer_pdf_Export
convert /home/markk/ares/cbe-generation-system/data/outputs/v2/General_Science/SS3.3_Waves/General_Science_Waves_SummaryTable.docx as a Writer document -> /tmp/pdfgen-89JJD2/General_Science_Waves_SummaryTable.pdf using filter : writer_pdf_Export
convert /home/markk/ares/cbe-generation-system/data/outputs/v2/General_Science/SS3.4_Magnetism_and_Electromagnetic_Induction/General_Science_Magnetism_and_Electromagnetic_Induction_CBE_LessonSequence.docx as a Writer document -> /tmp/pdfgen-89JJD2/General_Science_Magnetism_and_Electromagnetic_Induction_CBE_LessonSequence.pdf using filter : writer_pdf_Export
convert /home/markk/ares/cbe-generation-system/data/outputs/v2/General_Science/SS3.4_Magnetism_and_Electromagnetic_Induction/General_Science_Magnetism_and_Electromagnetic_Induction_FinalExplanation.docx as a Writer document -> /tmp/pdfgen-89JJD2/General_Science_Magnetism_and_Electromagnetic_Induction_FinalExplanation.pdf using filter : writer_pdf_Export
convert /home/markk/ares/cbe-generation-system/data/outputs/v2/General_Science/SS3.4_Magnetism_and_Electromagnetic_Induction/General_Science_Magnetism_and_Electromagnetic_Induction_FinalExplanation_TeacherKey.docx as a Writer document -> /tmp/pdfgen-89JJD2/General_Science_Magnetism_and_Electromagnetic_Induction_FinalExplanation_TeacherKey.pdf using filter : writer_pdf_Export
convert /home/markk/ares/cbe-generation-system/data/outputs/v2/General_Science/SS3.4_Magnetism_and_Electromagnetic_Induction/General_Science_Magnetism_and_Electromagnetic_Induction_SummaryTable.docx as a Writer document -> /tmp/pdfgen-89JJD2/General_Science_Magnetism_and_Electromagnetic_Induction_SummaryTable.pdf using filter : writer_pdf_Export
convert /home/markk/ares/cbe-generation-system/data/outputs/v2/Grade11/Biology/Lesson_Plans/SS1.1_Taxonomy_I/Biology_Taxonomy_I_CBE_LessonSequence.docx as a Writer document -> /tmp/pdfgen-89JJD2/Biology_Taxonomy_I_CBE_LessonSequence.pdf using filter : writer_pdf_Export
convert /home/markk/ares/cbe-generation-system/data/outputs/v2/Grade11/Biology/Lesson_Plans/SS1.1_Taxonomy_I/Biology_Taxonomy_I_FinalExplanation.docx as a Writer document -> /tmp/pdfgen-89JJD2/Biology_Taxonomy_I_FinalExplanation.pdf using filter : writer_pdf_Export
convert /home/markk/ares/cbe-generation-system/data/outputs/v2/Grade11/Biology/Lesson_Plans/SS1.1_Taxonomy_I/Biology_Taxonomy_I_FinalExplanation_TeacherKey.docx as a Writer document -> /tmp/pdfgen-89JJD2/Biology_Taxonomy_I_FinalExplanation_TeacherKey.pdf using filter : writer_pdf_Export
convert /home/markk/ares/cbe-generation-system/data/outputs/v2/Grade11/Biology/Lesson_Plans/SS1.1_Taxonomy_I/Biology_Taxonomy_I_SummaryTable.docx as a Writer document -> /tmp/pdfgen-89JJD2/Biology_Taxonomy_I_SummaryTable.pdf using filter : writer_pdf_Export
convert /home/markk/ares/cbe-generation-system/data/outputs/v2/Grade11/Biology/Lesson_Plans/SS1.2_Ecology/Biology_Ecology_CBE_LessonSequence.docx as a Writer document -> /tmp/pdfgen-89JJD2/Biology_Ecology_CBE_LessonSequence.pdf using filter : writer_pdf_Export
convert /home/markk/ares/cbe-generation-system/data/outputs/v2/Grade11/Biology/Lesson_Plans/SS1.2_Ecology/Biology_Ecology_FinalExplanation.docx as a Writer document -> /tmp/pdfgen-89JJD2/Biology_Ecology_FinalExplanation.pdf using filter : writer_pdf_Export
convert /home/markk/ares/cbe-generation-system/data/outputs/v2/Grade11/Biology/Lesson_Plans/SS1.2_Ecology/Biology_Ecology_FinalExplanation_TeacherKey.docx as a Writer document -> /tmp/pdfgen-89JJD2/Biology_Ecology_FinalExplanation_TeacherKey.pdf using filter : writer_pdf_Export
convert /home/markk/ares/cbe-generation-system/data/outputs/v2/Grade11/Biology/Lesson_Plans/SS1.2_Ecology/Biology_Ecology_SummaryTable.docx as a Writer document -> /tmp/pdfgen-89JJD2/Biology_Ecology_SummaryTable.pdf using filter : writer_pdf_Export
convert /home/markk/ares/cbe-generation-system/data/outputs/v2/Grade11/Biology/Lesson_Plans/SS1.3_Taxonomy_II/Biology_Taxonomy_II_CBE_LessonSequence.docx as a Writer document -> /tmp/pdfgen-89JJD2/Biology_Taxonomy_II_CBE_LessonSequence.pdf using filter : writer_pdf_Export
convert /home/markk/ares/cbe-generation-system/data/outputs/v2/Grade11/Biology/Lesson_Plans/SS1.3_Taxonomy_II/Biology_Taxonomy_II_FinalExplanation.docx as a Writer document -> /tmp/pdfgen-89JJD2/Biology_Taxonomy_II_FinalExplanation.pdf using filter : writer_pdf_Export
convert /home/markk/ares/cbe-generation-system/data/outputs/v2/Grade11/Biology/Lesson_Plans/SS1.3_Taxonomy_II/Biology_Taxonomy_II_FinalExplanation_TeacherKey.docx as a Writer document -> /tmp/pdfgen-89JJD2/Biology_Taxonomy_II_FinalExplanation_TeacherKey.pdf using filter : writer_pdf_Export
convert /home/markk/ares/cbe-generation-system/data/outputs/v2/Grade11/Biology/Lesson_Plans/SS1.3_Taxonomy_II/Biology_Taxonomy_II_SummaryTable.docx as a Writer document -> /tmp/pdfgen-89JJD2/Biology_Taxonomy_II_SummaryTable.pdf using filter : writer_pdf_Export
convert /home/markk/ares/cbe-generation-system/data/outputs/v2/Grade11/Biology/Lesson_Plans/SS1.4_Cell_Division/Biology_Cell_Division_CBE_LessonSequence.docx as a Writer document -> /tmp/pdfgen-89JJD2/Biology_Cell_Division_CBE_LessonSequence.pdf using filter : writer_pdf_Export
convert /home/markk/ares/cbe-generation-system/data/outputs/v2/Grade11/Biology/Lesson_Plans/SS1.4_Cell_Division/Biology_Cell_Division_FinalExplanation.docx as a Writer document -> /tmp/pdfgen-89JJD2/Biology_Cell_Division_FinalExplanation.pdf using filter : writer_pdf_Export
convert /home/markk/ares/cbe-generation-system/data/outputs/v2/Grade11/Biology/Lesson_Plans/SS1.4_Cell_Division/Biology_Cell_Division_FinalExplanation_TeacherKey.docx as a Writer document -> /tmp/pdfgen-89JJD2/Biology_Cell_Division_FinalExplanation_TeacherKey.pdf using filter : writer_pdf_Export
convert /home/markk/ares/cbe-generation-system/data/outputs/v2/Grade11/Biology/Lesson_Plans/SS1.4_Cell_Division/Biology_Cell_Division_SummaryTable.docx as a Writer document -> /tmp/pdfgen-89JJD2/Biology_Cell_Division_SummaryTable.pdf using filter : writer_pdf_Export
Converting batch of 150 file(s)...
convert /home/markk/ares/cbe-generation-system/data/outputs/v2/Grade11/Biology/Lesson_Plans/SS2.1_Reproduction_in_Plants/Biology_Reproduction_in_Plants_CBE_LessonSequence.docx as a Writer document -> /tmp/pdfgen-JbPpZm/Biology_Reproduction_in_Plants_CBE_LessonSequence.pdf using filter : writer_pdf_Export
convert /home/markk/ares/cbe-generation-system/data/outputs/v2/Grade11/Biology/Lesson_Plans/SS2.1_Reproduction_in_Plants/Biology_Reproduction_in_Plants_FinalExplanation.docx as a Writer document -> /tmp/pdfgen-JbPpZm/Biology_Reproduction_in_Plants_FinalExplanation.pdf using filter : writer_pdf_Export
convert /home/markk/ares/cbe-generation-system/data/outputs/v2/Grade11/Biology/Lesson_Plans/SS2.1_Reproduction_in_Plants/Biology_Reproduction_in_Plants_FinalExplanation_TeacherKey.docx as a Writer document -> /tmp/pdfgen-JbPpZm/Biology_Reproduction_in_Plants_FinalExplanation_TeacherKey.pdf using filter : writer_pdf_Export
convert /home/markk/ares/cbe-generation-system/data/outputs/v2/Grade11/Biology/Lesson_Plans/SS2.1_Reproduction_in_Plants/Biology_Reproduction_in_Plants_SummaryTable.docx as a Writer document -> /tmp/pdfgen-JbPpZm/Biology_Reproduction_in_Plants_SummaryTable.pdf using filter : writer_pdf_Export
convert /home/markk/ares/cbe-generation-system/data/outputs/v2/Grade11/Biology/Lesson_Plans/SS2.2_Growth_and_Development_in_Plants/Biology_Growth_and_Development_in_Plants_CBE_LessonSequence.docx as a Writer document -> /tmp/pdfgen-JbPpZm/Biology_Growth_and_Development_in_Plants_CBE_LessonSequence.pdf using filter : writer_pdf_Export
convert /home/markk/ares/cbe-generation-system/data/outputs/v2/Grade11/Biology/Lesson_Plans/SS2.2_Growth_and_Development_in_Plants/Biology_Growth_and_Development_in_Plants_FinalExplanation.docx as a Writer document -> /tmp/pdfgen-JbPpZm/Biology_Growth_and_Development_in_Plants_FinalExplanation.pdf using filter : writer_pdf_Export
convert /home/markk/ares/cbe-generation-system/data/outputs/v2/Grade11/Biology/Lesson_Plans/SS2.2_Growth_and_Development_in_Plants/Biology_Growth_and_Development_in_Plants_FinalExplanation_TeacherKey.docx as a Writer document -> /tmp/pdfgen-JbPpZm/Biology_Growth_and_Development_in_Plants_FinalExplanation_TeacherKey.pdf using filter : writer_pdf_Export
convert /home/markk/ares/cbe-generation-system/data/outputs/v2/Grade11/Biology/Lesson_Plans/SS2.2_Growth_and_Development_in_Plants/Biology_Growth_and_Development_in_Plants_SummaryTable.docx as a Writer document -> /tmp/pdfgen-JbPpZm/Biology_Growth_and_Development_in_Plants_SummaryTable.pdf using filter : writer_pdf_Export
convert /home/markk/ares/cbe-generation-system/data/outputs/v2/Grade11/Biology/Lesson_Plans/SS2.3_Excretion_in_Plants/Biology_Excretion_in_Plants_CBE_LessonSequence.docx as a Writer document -> /tmp/pdfgen-JbPpZm/Biology_Excretion_in_Plants_CBE_LessonSequence.pdf using filter : writer_pdf_Export
convert /home/markk/ares/cbe-generation-system/data/outputs/v2/Grade11/Biology/Lesson_Plans/SS2.3_Excretion_in_Plants/Biology_Excretion_in_Plants_FinalExplanation.docx as a Writer document -> /tmp/pdfgen-JbPpZm/Biology_Excretion_in_Plants_FinalExplanation.pdf using filter : writer_pdf_Export
convert /home/markk/ares/cbe-generation-system/data/outputs/v2/Grade11/Biology/Lesson_Plans/SS2.3_Excretion_in_Plants/Biology_Excretion_in_Plants_FinalExplanation_TeacherKey.docx as a Writer document -> /tmp/pdfgen-JbPpZm/Biology_Excretion_in_Plants_FinalExplanation_TeacherKey.pdf using filter : writer_pdf_Export
convert /home/markk/ares/cbe-generation-system/data/outputs/v2/Grade11/Biology/Lesson_Plans/SS2.3_Excretion_in_Plants/Biology_Excretion_in_Plants_SummaryTable.docx as a Writer document -> /tmp/pdfgen-JbPpZm/Biology_Excretion_in_Plants_SummaryTable.pdf using filter : writer_pdf_Export
convert /home/markk/ares/cbe-generation-system/data/outputs/v2/Grade11/Biology/Lesson_Plans/SS3.1_Reproduction_in_Animals/Biology_Reproduction_in_Animals_CBE_LessonSequence.docx as a Writer document -> /tmp/pdfgen-JbPpZm/Biology_Reproduction_in_Animals_CBE_LessonSequence.pdf using filter : writer_pdf_Export
convert /home/markk/ares/cbe-generation-system/data/outputs/v2/Grade11/Biology/Lesson_Plans/SS3.1_Reproduction_in_Animals/Biology_Reproduction_in_Animals_FinalExplanation.docx as a Writer document -> /tmp/pdfgen-JbPpZm/Biology_Reproduction_in_Animals_FinalExplanation.pdf using filter : writer_pdf_Export
convert /home/markk/ares/cbe-generation-system/data/outputs/v2/Grade11/Biology/Lesson_Plans/SS3.1_Reproduction_in_Animals/Biology_Reproduction_in_Animals_FinalExplanation_TeacherKey.docx as a Writer document -> /tmp/pdfgen-JbPpZm/Biology_Reproduction_in_Animals_FinalExplanation_TeacherKey.pdf using filter : writer_pdf_Export
convert /home/markk/ares/cbe-generation-system/data/outputs/v2/Grade11/Biology/Lesson_Plans/SS3.1_Reproduction_in_Animals/Biology_Reproduction_in_Animals_SummaryTable.docx as a Writer document -> /tmp/pdfgen-JbPpZm/Biology_Reproduction_in_Animals_SummaryTable.pdf using filter : writer_pdf_Export
convert /home/markk/ares/cbe-generation-system/data/outputs/v2/Grade11/Biology/Lesson_Plans/SS3.2_Growth_and_Development_in_Animals/Biology_Growth_and_Development_in_Animals_CBE_LessonSequence.docx as a Writer document -> /tmp/pdfgen-JbPpZm/Biology_Growth_and_Development_in_Animals_CBE_LessonSequence.pdf using filter : writer_pdf_Export
convert /home/markk/ares/cbe-generation-system/data/outputs/v2/Grade11/Biology/Lesson_Plans/SS3.2_Growth_and_Development_in_Animals/Biology_Growth_and_Development_in_Animals_FinalExplanation.docx as a Writer document -> /tmp/pdfgen-JbPpZm/Biology_Growth_and_Development_in_Animals_FinalExplanation.pdf using filter : writer_pdf_Export
convert /home/markk/ares/cbe-generation-system/data/outputs/v2/Grade11/Biology/Lesson_Plans/SS3.2_Growth_and_Development_in_Animals/Biology_Growth_and_Development_in_Animals_FinalExplanation_TeacherKey.docx as a Writer document -> /tmp/pdfgen-JbPpZm/Biology_Growth_and_Development_in_Animals_FinalExplanation_TeacherKey.pdf using filter : writer_pdf_Export
convert /home/markk/ares/cbe-generation-system/data/outputs/v2/Grade11/Biology/Lesson_Plans/SS3.2_Growth_and_Development_in_Animals/Biology_Growth_and_Development_in_Animals_SummaryTable.docx as a Writer document -> /tmp/pdfgen-JbPpZm/Biology_Growth_and_Development_in_Animals_SummaryTable.pdf using filter : writer_pdf_Export
convert /home/markk/ares/cbe-generation-system/data/outputs/v2/Grade11/Biology/Lesson_Plans/SS3.3_Excretion_and_Homeostasis_in_Animals/Biology_Excretion_and_Homeostasis_in_Animals_CBE_LessonSequence.docx as a Writer document -> /tmp/pdfgen-JbPpZm/Biology_Excretion_and_Homeostasis_in_Animals_CBE_LessonSequence.pdf using filter : writer_pdf_Export
convert /home/markk/ares/cbe-generation-system/data/outputs/v2/Grade11/Biology/Lesson_Plans/SS3.3_Excretion_and_Homeostasis_in_Animals/Biology_Excretion_and_Homeostasis_in_Animals_FinalExplanation.docx as a Writer document -> /tmp/pdfgen-JbPpZm/Biology_Excretion_and_Homeostasis_in_Animals_FinalExplanation.pdf using filter : writer_pdf_Export
convert /home/markk/ares/cbe-generation-system/data/outputs/v2/Grade11/Biology/Lesson_Plans/SS3.3_Excretion_and_Homeostasis_in_Animals/Biology_Excretion_and_Homeostasis_in_Animals_FinalExplanation_TeacherKey.docx as a Writer document -> /tmp/pdfgen-JbPpZm/Biology_Excretion_and_Homeostasis_in_Animals_FinalExplanation_TeacherKey.pdf using filter : writer_pdf_Export
convert /home/markk/ares/cbe-generation-system/data/outputs/v2/Grade11/Biology/Lesson_Plans/SS3.3_Excretion_and_Homeostasis_in_Animals/Biology_Excretion_and_Homeostasis_in_Animals_SummaryTable.docx as a Writer document -> /tmp/pdfgen-JbPpZm/Biology_Excretion_and_Homeostasis_in_Animals_SummaryTable.pdf using filter : writer_pdf_Export
convert /home/markk/ares/cbe-generation-system/data/outputs/v2/Grade11/Biology/Quizzes/SS1.1_Taxonomy_I/Biology_G11_SS1.1_Taxonomy_I_L1_AnswerKey.docx as a Writer document -> /tmp/pdfgen-JbPpZm/Biology_G11_SS1.1_Taxonomy_I_L1_AnswerKey.pdf using filter : writer_pdf_Export
convert /home/markk/ares/cbe-generation-system/data/outputs/v2/Grade11/Biology/Quizzes/SS1.1_Taxonomy_I/Biology_G11_SS1.1_Taxonomy_I_L1_QuickCheck.pptx as a Impress document -> /tmp/pdfgen-JbPpZm/Biology_G11_SS1.1_Taxonomy_I_L1_QuickCheck.pdf using filter : impress_pdf_Export
convert /home/markk/ares/cbe-generation-system/data/outputs/v2/Grade11/Biology/Quizzes/SS1.1_Taxonomy_I/Biology_G11_SS1.1_Taxonomy_I_L2_AnswerKey.docx as a Writer document -> /tmp/pdfgen-JbPpZm/Biology_G11_SS1.1_Taxonomy_I_L2_AnswerKey.pdf using filter : writer_pdf_Export
convert /home/markk/ares/cbe-generation-system/data/outputs/v2/Grade11/Biology/Quizzes/SS1.1_Taxonomy_I/Biology_G11_SS1.1_Taxonomy_I_L2_QuickCheck.pptx as a Impress document -> /tmp/pdfgen-JbPpZm/Biology_G11_SS1.1_Taxonomy_I_L2_QuickCheck.pdf using filter : impress_pdf_Export
convert /home/markk/ares/cbe-generation-system/data/outputs/v2/Grade11/Biology/Quizzes/SS1.1_Taxonomy_I/Biology_G11_SS1.1_Taxonomy_I_L3_AnswerKey.docx as a Writer document -> /tmp/pdfgen-JbPpZm/Biology_G11_SS1.1_Taxonomy_I_L3_AnswerKey.pdf using filter : writer_pdf_Export
convert /home/markk/ares/cbe-generation-system/data/outputs/v2/Grade11/Biology/Quizzes/SS1.1_Taxonomy_I/Biology_G11_SS1.1_Taxonomy_I_L3_QuickCheck.pptx as a Impress document -> /tmp/pdfgen-JbPpZm/Biology_G11_SS1.1_Taxonomy_I_L3_QuickCheck.pdf using filter : impress_pdf_Export
convert /home/markk/ares/cbe-generation-system/data/outputs/v2/Grade11/Biology/Quizzes/SS1.1_Taxonomy_I/Biology_G11_SS1.1_Taxonomy_I_L4_AnswerKey.docx as a Writer document -> /tmp/pdfgen-JbPpZm/Biology_G11_SS1.1_Taxonomy_I_L4_AnswerKey.pdf using filter : writer_pdf_Export
convert /home/markk/ares/cbe-generation-system/data/outputs/v2/Grade11/Biology/Quizzes/SS1.1_Taxonomy_I/Biology_G11_SS1.1_Taxonomy_I_L4_QuickCheck.pptx as a Impress document -> /tmp/pdfgen-JbPpZm/Biology_G11_SS1.1_Taxonomy_I_L4_QuickCheck.pdf using filter : impress_pdf_Export
convert /home/markk/ares/cbe-generation-system/data/outputs/v2/Grade11/Biology/Quizzes/SS1.1_Taxonomy_I/Biology_G11_SS1.1_Taxonomy_I_L5_AnswerKey.docx as a Writer document -> /tmp/pdfgen-JbPpZm/Biology_G11_SS1.1_Taxonomy_I_L5_AnswerKey.pdf using filter : writer_pdf_Export
convert /home/markk/ares/cbe-generation-system/data/outputs/v2/Grade11/Biology/Quizzes/SS1.1_Taxonomy_I/Biology_G11_SS1.1_Taxonomy_I_L5_QuickCheck.pptx as a Impress document -> /tmp/pdfgen-JbPpZm/Biology_G11_SS1.1_Taxonomy_I_L5_QuickCheck.pdf using filter : impress_pdf_Export
convert /home/markk/ares/cbe-generation-system/data/outputs/v2/Grade11/Biology/Quizzes/SS1.1_Taxonomy_I/Biology_G11_SS1.1_Taxonomy_I_L6_AnswerKey.docx as a Writer document -> /tmp/pdfgen-JbPpZm/Biology_G11_SS1.1_Taxonomy_I_L6_AnswerKey.pdf using filter : writer_pdf_Export
convert /home/markk/ares/cbe-generation-system/data/outputs/v2/Grade11/Biology/Quizzes/SS1.1_Taxonomy_I/Biology_G11_SS1.1_Taxonomy_I_L6_QuickCheck.pptx as a Impress document -> /tmp/pdfgen-JbPpZm/Biology_G11_SS1.1_Taxonomy_I_L6_QuickCheck.pdf using filter : impress_pdf_Export
convert /home/markk/ares/cbe-generation-system/data/outputs/v2/Grade11/Biology/Quizzes/SS1.1_Taxonomy_I/Biology_G11_SS1.1_Taxonomy_I_L7_AnswerKey.docx as a Writer document -> /tmp/pdfgen-JbPpZm/Biology_G11_SS1.1_Taxonomy_I_L7_AnswerKey.pdf using filter : writer_pdf_Export
convert /home/markk/ares/cbe-generation-system/data/outputs/v2/Grade11/Biology/Quizzes/SS1.1_Taxonomy_I/Biology_G11_SS1.1_Taxonomy_I_L7_QuickCheck.pptx as a Impress document -> /tmp/pdfgen-JbPpZm/Biology_G11_SS1.1_Taxonomy_I_L7_QuickCheck.pdf using filter : impress_pdf_Export
convert /home/markk/ares/cbe-generation-system/data/outputs/v2/Grade11/Biology/Quizzes/SS1.1_Taxonomy_I/Biology_G11_SS1.1_Taxonomy_I_L8_AnswerKey.docx as a Writer document -> /tmp/pdfgen-JbPpZm/Biology_G11_SS1.1_Taxonomy_I_L8_AnswerKey.pdf using filter : writer_pdf_Export
convert /home/markk/ares/cbe-generation-system/data/outputs/v2/Grade11/Biology/Quizzes/SS1.1_Taxonomy_I/Biology_G11_SS1.1_Taxonomy_I_L8_QuickCheck.pptx as a Impress document -> /tmp/pdfgen-JbPpZm/Biology_G11_SS1.1_Taxonomy_I_L8_QuickCheck.pdf using filter : impress_pdf_Export
convert /home/markk/ares/cbe-generation-system/data/outputs/v2/Grade11/Biology/Quizzes/SS1.2_Ecology/Biology_G11_SS1.2_Ecology_L1_AnswerKey.docx as a Writer document -> /tmp/pdfgen-JbPpZm/Biology_G11_SS1.2_Ecology_L1_AnswerKey.pdf using filter : writer_pdf_Export
convert /home/markk/ares/cbe-generation-system/data/outputs/v2/Grade11/Biology/Quizzes/SS1.2_Ecology/Biology_G11_SS1.2_Ecology_L1_QuickCheck.pptx as a Impress document -> /tmp/pdfgen-JbPpZm/Biology_G11_SS1.2_Ecology_L1_QuickCheck.pdf using filter : impress_pdf_Export
convert /home/markk/ares/cbe-generation-system/data/outputs/v2/Grade11/Biology/Quizzes/SS1.2_Ecology/Biology_G11_SS1.2_Ecology_L2_AnswerKey.docx as a Writer document -> /tmp/pdfgen-JbPpZm/Biology_G11_SS1.2_Ecology_L2_AnswerKey.pdf using filter : writer_pdf_Export
convert /home/markk/ares/cbe-generation-system/data/outputs/v2/Grade11/Biology/Quizzes/SS1.2_Ecology/Biology_G11_SS1.2_Ecology_L2_QuickCheck.pptx as a Impress document -> /tmp/pdfgen-JbPpZm/Biology_G11_SS1.2_Ecology_L2_QuickCheck.pdf using filter : impress_pdf_Export
convert /home/markk/ares/cbe-generation-system/data/outputs/v2/Grade11/Biology/Quizzes/SS1.2_Ecology/Biology_G11_SS1.2_Ecology_L3_AnswerKey.docx as a Writer document -> /tmp/pdfgen-JbPpZm/Biology_G11_SS1.2_Ecology_L3_AnswerKey.pdf using filter : writer_pdf_Export
convert /home/markk/ares/cbe-generation-system/data/outputs/v2/Grade11/Biology/Quizzes/SS1.2_Ecology/Biology_G11_SS1.2_Ecology_L3_QuickCheck.pptx as a Impress document -> /tmp/pdfgen-JbPpZm/Biology_G11_SS1.2_Ecology_L3_QuickCheck.pdf using filter : impress_pdf_Export
convert /home/markk/ares/cbe-generation-system/data/outputs/v2/Grade11/Biology/Quizzes/SS1.2_Ecology/Biology_G11_SS1.2_Ecology_L4_AnswerKey.docx as a Writer document -> /tmp/pdfgen-JbPpZm/Biology_G11_SS1.2_Ecology_L4_AnswerKey.pdf using filter : writer_pdf_Export
convert /home/markk/ares/cbe-generation-system/data/outputs/v2/Grade11/Biology/Quizzes/SS1.2_Ecology/Biology_G11_SS1.2_Ecology_L4_QuickCheck.pptx as a Impress document -> /tmp/pdfgen-JbPpZm/Biology_G11_SS1.2_Ecology_L4_QuickCheck.pdf using filter : impress_pdf_Export
convert /home/markk/ares/cbe-generation-system/data/outputs/v2/Grade11/Biology/Quizzes/SS1.2_Ecology/Biology_G11_SS1.2_Ecology_L5_AnswerKey.docx as a Writer document -> /tmp/pdfgen-JbPpZm/Biology_G11_SS1.2_Ecology_L5_AnswerKey.pdf using filter : writer_pdf_Export
convert /home/markk/ares/cbe-generation-system/data/outputs/v2/Grade11/Biology/Quizzes/SS1.2_Ecology/Biology_G11_SS1.2_Ecology_L5_QuickCheck.pptx as a Impress document -> /tmp/pdfgen-JbPpZm/Biology_G11_SS1.2_Ecology_L5_QuickCheck.pdf using filter : impress_pdf_Export
convert /home/markk/ares/cbe-generation-system/data/outputs/v2/Grade11/Biology/Quizzes/SS1.2_Ecology/Biology_G11_SS1.2_Ecology_L6_AnswerKey.docx as a Writer document -> /tmp/pdfgen-JbPpZm/Biology_G11_SS1.2_Ecology_L6_AnswerKey.pdf using filter : writer_pdf_Export
convert /home/markk/ares/cbe-generation-system/data/outputs/v2/Grade11/Biology/Quizzes/SS1.2_Ecology/Biology_G11_SS1.2_Ecology_L6_QuickCheck.pptx as a Impress document -> /tmp/pdfgen-JbPpZm/Biology_G11_SS1.2_Ecology_L6_QuickCheck.pdf using filter : impress_pdf_Export
convert /home/markk/ares/cbe-generation-system/data/outputs/v2/Grade11/Biology/Quizzes/SS1.2_Ecology/Biology_G11_SS1.2_Ecology_L7_AnswerKey.docx as a Writer document -> /tmp/pdfgen-JbPpZm/Biology_G11_SS1.2_Ecology_L7_AnswerKey.pdf using filter : writer_pdf_Export
convert /home/markk/ares/cbe-generation-system/data/outputs/v2/Grade11/Biology/Quizzes/SS1.2_Ecology/Biology_G11_SS1.2_Ecology_L7_QuickCheck.pptx as a Impress document -> /tmp/pdfgen-JbPpZm/Biology_G11_SS1.2_Ecology_L7_QuickCheck.pdf using filter : impress_pdf_Export
convert /home/markk/ares/cbe-generation-system/data/outputs/v2/Grade11/Biology/Quizzes/SS1.2_Ecology/Biology_G11_SS1.2_Ecology_L8_AnswerKey.docx as a Writer document -> /tmp/pdfgen-JbPpZm/Biology_G11_SS1.2_Ecology_L8_AnswerKey.pdf using filter : writer_pdf_Export
convert /home/markk/ares/cbe-generation-system/data/outputs/v2/Grade11/Biology/Quizzes/SS1.2_Ecology/Biology_G11_SS1.2_Ecology_L8_QuickCheck.pptx as a Impress document -> /tmp/pdfgen-JbPpZm/Biology_G11_SS1.2_Ecology_L8_QuickCheck.pdf using filter : impress_pdf_Export
convert /home/markk/ares/cbe-generation-system/data/outputs/v2/Grade11/Biology/Quizzes/SS1.2_Ecology/Biology_G11_SS1.2_Ecology_L9_AnswerKey.docx as a Writer document -> /tmp/pdfgen-JbPpZm/Biology_G11_SS1.2_Ecology_L9_AnswerKey.pdf using filter : writer_pdf_Export
convert /home/markk/ares/cbe-generation-system/data/outputs/v2/Grade11/Biology/Quizzes/SS1.2_Ecology/Biology_G11_SS1.2_Ecology_L9_QuickCheck.pptx as a Impress document -> /tmp/pdfgen-JbPpZm/Biology_G11_SS1.2_Ecology_L9_QuickCheck.pdf using filter : impress_pdf_Export
convert /home/markk/ares/cbe-generation-system/data/outputs/v2/Grade11/Biology/Quizzes/SS1.3_Taxonomy_II/Biology_G11_SS1.3_Taxonomy_II_L1_AnswerKey.docx as a Writer document -> /tmp/pdfgen-JbPpZm/Biology_G11_SS1.3_Taxonomy_II_L1_AnswerKey.pdf using filter : writer_pdf_Export
convert /home/markk/ares/cbe-generation-system/data/outputs/v2/Grade11/Biology/Quizzes/SS1.3_Taxonomy_II/Biology_G11_SS1.3_Taxonomy_II_L1_QuickCheck.pptx as a Impress document -> /tmp/pdfgen-JbPpZm/Biology_G11_SS1.3_Taxonomy_II_L1_QuickCheck.pdf using filter : impress_pdf_Export
convert /home/markk/ares/cbe-generation-system/data/outputs/v2/Grade11/Biology/Quizzes/SS1.3_Taxonomy_II/Biology_G11_SS1.3_Taxonomy_II_L2_AnswerKey.docx as a Writer document -> /tmp/pdfgen-JbPpZm/Biology_G11_SS1.3_Taxonomy_II_L2_AnswerKey.pdf using filter : writer_pdf_Export
convert /home/markk/ares/cbe-generation-system/data/outputs/v2/Grade11/Biology/Quizzes/SS1.3_Taxonomy_II/Biology_G11_SS1.3_Taxonomy_II_L2_QuickCheck.pptx as a Impress document -> /tmp/pdfgen-JbPpZm/Biology_G11_SS1.3_Taxonomy_II_L2_QuickCheck.pdf using filter : impress_pdf_Export
convert /home/markk/ares/cbe-generation-system/data/outputs/v2/Grade11/Biology/Quizzes/SS1.3_Taxonomy_II/Biology_G11_SS1.3_Taxonomy_II_L3_AnswerKey.docx as a Writer document -> /tmp/pdfgen-JbPpZm/Biology_G11_SS1.3_Taxonomy_II_L3_AnswerKey.pdf using filter : writer_pdf_Export
convert /home/markk/ares/cbe-generation-system/data/outputs/v2/Grade11/Biology/Quizzes/SS1.3_Taxonomy_II/Biology_G11_SS1.3_Taxonomy_II_L3_QuickCheck.pptx as a Impress document -> /tmp/pdfgen-JbPpZm/Biology_G11_SS1.3_Taxonomy_II_L3_QuickCheck.pdf using filter : impress_pdf_Export
convert /home/markk/ares/cbe-generation-system/data/outputs/v2/Grade11/Biology/Quizzes/SS1.3_Taxonomy_II/Biology_G11_SS1.3_Taxonomy_II_L4_AnswerKey.docx as a Writer document -> /tmp/pdfgen-JbPpZm/Biology_G11_SS1.3_Taxonomy_II_L4_AnswerKey.pdf using filter : writer_pdf_Export
convert /home/markk/ares/cbe-generation-system/data/outputs/v2/Grade11/Biology/Quizzes/SS1.3_Taxonomy_II/Biology_G11_SS1.3_Taxonomy_II_L4_QuickCheck.pptx as a Impress document -> /tmp/pdfgen-JbPpZm/Biology_G11_SS1.3_Taxonomy_II_L4_QuickCheck.pdf using filter : impress_pdf_Export
convert /home/markk/ares/cbe-generation-system/data/outputs/v2/Grade11/Biology/Quizzes/SS1.3_Taxonomy_II/Biology_G11_SS1.3_Taxonomy_II_L5_AnswerKey.docx as a Writer document -> /tmp/pdfgen-JbPpZm/Biology_G11_SS1.3_Taxonomy_II_L5_AnswerKey.pdf using filter : writer_pdf_Export
convert /home/markk/ares/cbe-generation-system/data/outputs/v2/Grade11/Biology/Quizzes/SS1.3_Taxonomy_II/Biology_G11_SS1.3_Taxonomy_II_L5_QuickCheck.pptx as a Impress document -> /tmp/pdfgen-JbPpZm/Biology_G11_SS1.3_Taxonomy_II_L5_QuickCheck.pdf using filter : impress_pdf_Export
convert /home/markk/ares/cbe-generation-system/data/outputs/v2/Grade11/Biology/Quizzes/SS1.3_Taxonomy_II/Biology_G11_SS1.3_Taxonomy_II_L6_AnswerKey.docx as a Writer document -> /tmp/pdfgen-JbPpZm/Biology_G11_SS1.3_Taxonomy_II_L6_AnswerKey.pdf using filter : writer_pdf_Export
convert /home/markk/ares/cbe-generation-system/data/outputs/v2/Grade11/Biology/Quizzes/SS1.3_Taxonomy_II/Biology_G11_SS1.3_Taxonomy_II_L6_QuickCheck.pptx as a Impress document -> /tmp/pdfgen-JbPpZm/Biology_G11_SS1.3_Taxonomy_II_L6_QuickCheck.pdf using filter : impress_pdf_Export
convert /home/markk/ares/cbe-generation-system/data/outputs/v2/Grade11/Biology/Quizzes/SS1.3_Taxonomy_II/Biology_G11_SS1.3_Taxonomy_II_L7_AnswerKey.docx as a Writer document -> /tmp/pdfgen-JbPpZm/Biology_G11_SS1.3_Taxonomy_II_L7_AnswerKey.pdf using filter : writer_pdf_Export
convert /home/markk/ares/cbe-generation-system/data/outputs/v2/Grade11/Biology/Quizzes/SS1.3_Taxonomy_II/Biology_G11_SS1.3_Taxonomy_II_L7_QuickCheck.pptx as a Impress document -> /tmp/pdfgen-JbPpZm/Biology_G11_SS1.3_Taxonomy_II_L7_QuickCheck.pdf using filter : impress_pdf_Export
convert /home/markk/ares/cbe-generation-system/data/outputs/v2/Grade11/Biology/Quizzes/SS1.3_Taxonomy_II/Biology_G11_SS1.3_Taxonomy_II_L8_AnswerKey.docx as a Writer document -> /tmp/pdfgen-JbPpZm/Biology_G11_SS1.3_Taxonomy_II_L8_AnswerKey.pdf using filter : writer_pdf_Export
convert /home/markk/ares/cbe-generation-system/data/outputs/v2/Grade11/Biology/Quizzes/SS1.3_Taxonomy_II/Biology_G11_SS1.3_Taxonomy_II_L8_QuickCheck.pptx as a Impress document -> /tmp/pdfgen-JbPpZm/Biology_G11_SS1.3_Taxonomy_II_L8_QuickCheck.pdf using filter : impress_pdf_Export
convert /home/markk/ares/cbe-generation-system/data/outputs/v2/Grade11/Biology/Quizzes/SS1.4_Cell_Division/Biology_G11_SS1.4_Cell_Division_L10_AnswerKey.docx as a Writer document -> /tmp/pdfgen-JbPpZm/Biology_G11_SS1.4_Cell_Division_L10_AnswerKey.pdf using filter : writer_pdf_Export
convert /home/markk/ares/cbe-generation-system/data/outputs/v2/Grade11/Biology/Quizzes/SS1.4_Cell_Division/Biology_G11_SS1.4_Cell_Division_L10_QuickCheck.pptx as a Impress document -> /tmp/pdfgen-JbPpZm/Biology_G11_SS1.4_Cell_Division_L10_QuickCheck.pdf using filter : impress_pdf_Export
convert /home/markk/ares/cbe-generation-system/data/outputs/v2/Grade11/Biology/Quizzes/SS1.4_Cell_Division/Biology_G11_SS1.4_Cell_Division_L1_AnswerKey.docx as a Writer document -> /tmp/pdfgen-JbPpZm/Biology_G11_SS1.4_Cell_Division_L1_AnswerKey.pdf using filter : writer_pdf_Export
convert /home/markk/ares/cbe-generation-system/data/outputs/v2/Grade11/Biology/Quizzes/SS1.4_Cell_Division/Biology_G11_SS1.4_Cell_Division_L1_QuickCheck.pptx as a Impress document -> /tmp/pdfgen-JbPpZm/Biology_G11_SS1.4_Cell_Division_L1_QuickCheck.pdf using filter : impress_pdf_Export
convert /home/markk/ares/cbe-generation-system/data/outputs/v2/Grade11/Biology/Quizzes/SS1.4_Cell_Division/Biology_G11_SS1.4_Cell_Division_L2_AnswerKey.docx as a Writer document -> /tmp/pdfgen-JbPpZm/Biology_G11_SS1.4_Cell_Division_L2_AnswerKey.pdf using filter : writer_pdf_Export
convert /home/markk/ares/cbe-generation-system/data/outputs/v2/Grade11/Biology/Quizzes/SS1.4_Cell_Division/Biology_G11_SS1.4_Cell_Division_L2_QuickCheck.pptx as a Impress document -> /tmp/pdfgen-JbPpZm/Biology_G11_SS1.4_Cell_Division_L2_QuickCheck.pdf using filter : impress_pdf_Export
convert /home/markk/ares/cbe-generation-system/data/outputs/v2/Grade11/Biology/Quizzes/SS1.4_Cell_Division/Biology_G11_SS1.4_Cell_Division_L3_AnswerKey.docx as a Writer document -> /tmp/pdfgen-JbPpZm/Biology_G11_SS1.4_Cell_Division_L3_AnswerKey.pdf using filter : writer_pdf_Export
convert /home/markk/ares/cbe-generation-system/data/outputs/v2/Grade11/Biology/Quizzes/SS1.4_Cell_Division/Biology_G11_SS1.4_Cell_Division_L3_QuickCheck.pptx as a Impress document -> /tmp/pdfgen-JbPpZm/Biology_G11_SS1.4_Cell_Division_L3_QuickCheck.pdf using filter : impress_pdf_Export
convert /home/markk/ares/cbe-generation-system/data/outputs/v2/Grade11/Biology/Quizzes/SS1.4_Cell_Division/Biology_G11_SS1.4_Cell_Division_L4_AnswerKey.docx as a Writer document -> /tmp/pdfgen-JbPpZm/Biology_G11_SS1.4_Cell_Division_L4_AnswerKey.pdf using filter : writer_pdf_Export
convert /home/markk/ares/cbe-generation-system/data/outputs/v2/Grade11/Biology/Quizzes/SS1.4_Cell_Division/Biology_G11_SS1.4_Cell_Division_L4_QuickCheck.pptx as a Impress document -> /tmp/pdfgen-JbPpZm/Biology_G11_SS1.4_Cell_Division_L4_QuickCheck.pdf using filter : impress_pdf_Export
convert /home/markk/ares/cbe-generation-system/data/outputs/v2/Grade11/Biology/Quizzes/SS1.4_Cell_Division/Biology_G11_SS1.4_Cell_Division_L5_AnswerKey.docx as a Writer document -> /tmp/pdfgen-JbPpZm/Biology_G11_SS1.4_Cell_Division_L5_AnswerKey.pdf using filter : writer_pdf_Export
convert /home/markk/ares/cbe-generation-system/data/outputs/v2/Grade11/Biology/Quizzes/SS1.4_Cell_Division/Biology_G11_SS1.4_Cell_Division_L5_QuickCheck.pptx as a Impress document -> /tmp/pdfgen-JbPpZm/Biology_G11_SS1.4_Cell_Division_L5_QuickCheck.pdf using filter : impress_pdf_Export
convert /home/markk/ares/cbe-generation-system/data/outputs/v2/Grade11/Biology/Quizzes/SS1.4_Cell_Division/Biology_G11_SS1.4_Cell_Division_L6_AnswerKey.docx as a Writer document -> /tmp/pdfgen-JbPpZm/Biology_G11_SS1.4_Cell_Division_L6_AnswerKey.pdf using filter : writer_pdf_Export
convert /home/markk/ares/cbe-generation-system/data/outputs/v2/Grade11/Biology/Quizzes/SS1.4_Cell_Division/Biology_G11_SS1.4_Cell_Division_L6_QuickCheck.pptx as a Impress document -> /tmp/pdfgen-JbPpZm/Biology_G11_SS1.4_Cell_Division_L6_QuickCheck.pdf using filter : impress_pdf_Export
convert /home/markk/ares/cbe-generation-system/data/outputs/v2/Grade11/Biology/Quizzes/SS1.4_Cell_Division/Biology_G11_SS1.4_Cell_Division_L7_AnswerKey.docx as a Writer document -> /tmp/pdfgen-JbPpZm/Biology_G11_SS1.4_Cell_Division_L7_AnswerKey.pdf using filter : writer_pdf_Export
convert /home/markk/ares/cbe-generation-system/data/outputs/v2/Grade11/Biology/Quizzes/SS1.4_Cell_Division/Biology_G11_SS1.4_Cell_Division_L7_QuickCheck.pptx as a Impress document -> /tmp/pdfgen-JbPpZm/Biology_G11_SS1.4_Cell_Division_L7_QuickCheck.pdf using filter : impress_pdf_Export
convert /home/markk/ares/cbe-generation-system/data/outputs/v2/Grade11/Biology/Quizzes/SS1.4_Cell_Division/Biology_G11_SS1.4_Cell_Division_L8_AnswerKey.docx as a Writer document -> /tmp/pdfgen-JbPpZm/Biology_G11_SS1.4_Cell_Division_L8_AnswerKey.pdf using filter : writer_pdf_Export
convert /home/markk/ares/cbe-generation-system/data/outputs/v2/Grade11/Biology/Quizzes/SS1.4_Cell_Division/Biology_G11_SS1.4_Cell_Division_L8_QuickCheck.pptx as a Impress document -> /tmp/pdfgen-JbPpZm/Biology_G11_SS1.4_Cell_Division_L8_QuickCheck.pdf using filter : impress_pdf_Export
convert /home/markk/ares/cbe-generation-system/data/outputs/v2/Grade11/Biology/Quizzes/SS1.4_Cell_Division/Biology_G11_SS1.4_Cell_Division_L9_AnswerKey.docx as a Writer document -> /tmp/pdfgen-JbPpZm/Biology_G11_SS1.4_Cell_Division_L9_AnswerKey.pdf using filter : writer_pdf_Export
convert /home/markk/ares/cbe-generation-system/data/outputs/v2/Grade11/Biology/Quizzes/SS1.4_Cell_Division/Biology_G11_SS1.4_Cell_Division_L9_QuickCheck.pptx as a Impress document -> /tmp/pdfgen-JbPpZm/Biology_G11_SS1.4_Cell_Division_L9_QuickCheck.pdf using filter : impress_pdf_Export
convert /home/markk/ares/cbe-generation-system/data/outputs/v2/Grade11/Biology/Quizzes/SS2.1_Reproduction_in_Plants/Biology_G11_SS2.1_Reproduction_in_Plants_L1_AnswerKey.docx as a Writer document -> /tmp/pdfgen-JbPpZm/Biology_G11_SS2.1_Reproduction_in_Plants_L1_AnswerKey.pdf using filter : writer_pdf_Export
convert /home/markk/ares/cbe-generation-system/data/outputs/v2/Grade11/Biology/Quizzes/SS2.1_Reproduction_in_Plants/Biology_G11_SS2.1_Reproduction_in_Plants_L1_QuickCheck.pptx as a Impress document -> /tmp/pdfgen-JbPpZm/Biology_G11_SS2.1_Reproduction_in_Plants_L1_QuickCheck.pdf using filter : impress_pdf_Export
convert /home/markk/ares/cbe-generation-system/data/outputs/v2/Grade11/Biology/Quizzes/SS2.1_Reproduction_in_Plants/Biology_G11_SS2.1_Reproduction_in_Plants_L2_AnswerKey.docx as a Writer document -> /tmp/pdfgen-JbPpZm/Biology_G11_SS2.1_Reproduction_in_Plants_L2_AnswerKey.pdf using filter : writer_pdf_Export
convert /home/markk/ares/cbe-generation-system/data/outputs/v2/Grade11/Biology/Quizzes/SS2.1_Reproduction_in_Plants/Biology_G11_SS2.1_Reproduction_in_Plants_L2_QuickCheck.pptx as a Impress document -> /tmp/pdfgen-JbPpZm/Biology_G11_SS2.1_Reproduction_in_Plants_L2_QuickCheck.pdf using filter : impress_pdf_Export
convert /home/markk/ares/cbe-generation-system/data/outputs/v2/Grade11/Biology/Quizzes/SS2.1_Reproduction_in_Plants/Biology_G11_SS2.1_Reproduction_in_Plants_L3_AnswerKey.docx as a Writer document -> /tmp/pdfgen-JbPpZm/Biology_G11_SS2.1_Reproduction_in_Plants_L3_AnswerKey.pdf using filter : writer_pdf_Export
convert /home/markk/ares/cbe-generation-system/data/outputs/v2/Grade11/Biology/Quizzes/SS2.1_Reproduction_in_Plants/Biology_G11_SS2.1_Reproduction_in_Plants_L3_QuickCheck.pptx as a Impress document -> /tmp/pdfgen-JbPpZm/Biology_G11_SS2.1_Reproduction_in_Plants_L3_QuickCheck.pdf using filter : impress_pdf_Export
convert /home/markk/ares/cbe-generation-system/data/outputs/v2/Grade11/Biology/Quizzes/SS2.1_Reproduction_in_Plants/Biology_G11_SS2.1_Reproduction_in_Plants_L4_AnswerKey.docx as a Writer document -> /tmp/pdfgen-JbPpZm/Biology_G11_SS2.1_Reproduction_in_Plants_L4_AnswerKey.pdf using filter : writer_pdf_Export
convert /home/markk/ares/cbe-generation-system/data/outputs/v2/Grade11/Biology/Quizzes/SS2.1_Reproduction_in_Plants/Biology_G11_SS2.1_Reproduction_in_Plants_L4_QuickCheck.pptx as a Impress document -> /tmp/pdfgen-JbPpZm/Biology_G11_SS2.1_Reproduction_in_Plants_L4_QuickCheck.pdf using filter : impress_pdf_Export
convert /home/markk/ares/cbe-generation-system/data/outputs/v2/Grade11/Biology/Quizzes/SS2.1_Reproduction_in_Plants/Biology_G11_SS2.1_Reproduction_in_Plants_L5_AnswerKey.docx as a Writer document -> /tmp/pdfgen-JbPpZm/Biology_G11_SS2.1_Reproduction_in_Plants_L5_AnswerKey.pdf using filter : writer_pdf_Export
convert /home/markk/ares/cbe-generation-system/data/outputs/v2/Grade11/Biology/Quizzes/SS2.1_Reproduction_in_Plants/Biology_G11_SS2.1_Reproduction_in_Plants_L5_QuickCheck.pptx as a Impress document -> /tmp/pdfgen-JbPpZm/Biology_G11_SS2.1_Reproduction_in_Plants_L5_QuickCheck.pdf using filter : impress_pdf_Export
convert /home/markk/ares/cbe-generation-system/data/outputs/v2/Grade11/Biology/Quizzes/SS2.1_Reproduction_in_Plants/Biology_G11_SS2.1_Reproduction_in_Plants_L6_AnswerKey.docx as a Writer document -> /tmp/pdfgen-JbPpZm/Biology_G11_SS2.1_Reproduction_in_Plants_L6_AnswerKey.pdf using filter : writer_pdf_Export
convert /home/markk/ares/cbe-generation-system/data/outputs/v2/Grade11/Biology/Quizzes/SS2.1_Reproduction_in_Plants/Biology_G11_SS2.1_Reproduction_in_Plants_L6_QuickCheck.pptx as a Impress document -> /tmp/pdfgen-JbPpZm/Biology_G11_SS2.1_Reproduction_in_Plants_L6_QuickCheck.pdf using filter : impress_pdf_Export
convert /home/markk/ares/cbe-generation-system/data/outputs/v2/Grade11/Biology/Quizzes/SS2.1_Reproduction_in_Plants/Biology_G11_SS2.1_Reproduction_in_Plants_L7_AnswerKey.docx as a Writer document -> /tmp/pdfgen-JbPpZm/Biology_G11_SS2.1_Reproduction_in_Plants_L7_AnswerKey.pdf using filter : writer_pdf_Export
convert /home/markk/ares/cbe-generation-system/data/outputs/v2/Grade11/Biology/Quizzes/SS2.1_Reproduction_in_Plants/Biology_G11_SS2.1_Reproduction_in_Plants_L7_QuickCheck.pptx as a Impress document -> /tmp/pdfgen-JbPpZm/Biology_G11_SS2.1_Reproduction_in_Plants_L7_QuickCheck.pdf using filter : impress_pdf_Export
convert /home/markk/ares/cbe-generation-system/data/outputs/v2/Grade11/Biology/Quizzes/SS2.1_Reproduction_in_Plants/Biology_G11_SS2.1_Reproduction_in_Plants_L8_AnswerKey.docx as a Writer document -> /tmp/pdfgen-JbPpZm/Biology_G11_SS2.1_Reproduction_in_Plants_L8_AnswerKey.pdf using filter : writer_pdf_Export
convert /home/markk/ares/cbe-generation-system/data/outputs/v2/Grade11/Biology/Quizzes/SS2.1_Reproduction_in_Plants/Biology_G11_SS2.1_Reproduction_in_Plants_L8_QuickCheck.pptx as a Impress document -> /tmp/pdfgen-JbPpZm/Biology_G11_SS2.1_Reproduction_in_Plants_L8_QuickCheck.pdf using filter : impress_pdf_Export
convert /home/markk/ares/cbe-generation-system/data/outputs/v2/Grade11/Biology/Quizzes/SS2.2_Growth_and_Development_in_Plants/Biology_G11_SS2.2_Growth_and_Development_in_Plants_L10_AnswerKey.docx as a Writer document -> /tmp/pdfgen-JbPpZm/Biology_G11_SS2.2_Growth_and_Development_in_Plants_L10_AnswerKey.pdf using filter : writer_pdf_Export
convert /home/markk/ares/cbe-generation-system/data/outputs/v2/Grade11/Biology/Quizzes/SS2.2_Growth_and_Development_in_Plants/Biology_G11_SS2.2_Growth_and_Development_in_Plants_L10_QuickCheck.pptx as a Impress document -> /tmp/pdfgen-JbPpZm/Biology_G11_SS2.2_Growth_and_Development_in_Plants_L10_QuickCheck.pdf using filter : impress_pdf_Export
convert /home/markk/ares/cbe-generation-system/data/outputs/v2/Grade11/Biology/Quizzes/SS2.2_Growth_and_Development_in_Plants/Biology_G11_SS2.2_Growth_and_Development_in_Plants_L1_AnswerKey.docx as a Writer document -> /tmp/pdfgen-JbPpZm/Biology_G11_SS2.2_Growth_and_Development_in_Plants_L1_AnswerKey.pdf using filter : writer_pdf_Export
convert /home/markk/ares/cbe-generation-system/data/outputs/v2/Grade11/Biology/Quizzes/SS2.2_Growth_and_Development_in_Plants/Biology_G11_SS2.2_Growth_and_Development_in_Plants_L1_QuickCheck.pptx as a Impress document -> /tmp/pdfgen-JbPpZm/Biology_G11_SS2.2_Growth_and_Development_in_Plants_L1_QuickCheck.pdf using filter : impress_pdf_Export
convert /home/markk/ares/cbe-generation-system/data/outputs/v2/Grade11/Biology/Quizzes/SS2.2_Growth_and_Development_in_Plants/Biology_G11_SS2.2_Growth_and_Development_in_Plants_L2_AnswerKey.docx as a Writer document -> /tmp/pdfgen-JbPpZm/Biology_G11_SS2.2_Growth_and_Development_in_Plants_L2_AnswerKey.pdf using filter : writer_pdf_Export
convert /home/markk/ares/cbe-generation-system/data/outputs/v2/Grade11/Biology/Quizzes/SS2.2_Growth_and_Development_in_Plants/Biology_G11_SS2.2_Growth_and_Development_in_Plants_L2_QuickCheck.pptx as a Impress document -> /tmp/pdfgen-JbPpZm/Biology_G11_SS2.2_Growth_and_Development_in_Plants_L2_QuickCheck.pdf using filter : impress_pdf_Export
convert /home/markk/ares/cbe-generation-system/data/outputs/v2/Grade11/Biology/Quizzes/SS2.2_Growth_and_Development_in_Plants/Biology_G11_SS2.2_Growth_and_Development_in_Plants_L3_AnswerKey.docx as a Writer document -> /tmp/pdfgen-JbPpZm/Biology_G11_SS2.2_Growth_and_Development_in_Plants_L3_AnswerKey.pdf using filter : writer_pdf_Export
convert /home/markk/ares/cbe-generation-system/data/outputs/v2/Grade11/Biology/Quizzes/SS2.2_Growth_and_Development_in_Plants/Biology_G11_SS2.2_Growth_and_Development_in_Plants_L3_QuickCheck.pptx as a Impress document -> /tmp/pdfgen-JbPpZm/Biology_G11_SS2.2_Growth_and_Development_in_Plants_L3_QuickCheck.pdf using filter : impress_pdf_Export
convert /home/markk/ares/cbe-generation-system/data/outputs/v2/Grade11/Biology/Quizzes/SS2.2_Growth_and_Development_in_Plants/Biology_G11_SS2.2_Growth_and_Development_in_Plants_L4_AnswerKey.docx as a Writer document -> /tmp/pdfgen-JbPpZm/Biology_G11_SS2.2_Growth_and_Development_in_Plants_L4_AnswerKey.pdf using filter : writer_pdf_Export
convert /home/markk/ares/cbe-generation-system/data/outputs/v2/Grade11/Biology/Quizzes/SS2.2_Growth_and_Development_in_Plants/Biology_G11_SS2.2_Growth_and_Development_in_Plants_L4_QuickCheck.pptx as a Impress document -> /tmp/pdfgen-JbPpZm/Biology_G11_SS2.2_Growth_and_Development_in_Plants_L4_QuickCheck.pdf using filter : impress_pdf_Export
convert /home/markk/ares/cbe-generation-system/data/outputs/v2/Grade11/Biology/Quizzes/SS2.2_Growth_and_Development_in_Plants/Biology_G11_SS2.2_Growth_and_Development_in_Plants_L5_AnswerKey.docx as a Writer document -> /tmp/pdfgen-JbPpZm/Biology_G11_SS2.2_Growth_and_Development_in_Plants_L5_AnswerKey.pdf using filter : writer_pdf_Export
convert /home/markk/ares/cbe-generation-system/data/outputs/v2/Grade11/Biology/Quizzes/SS2.2_Growth_and_Development_in_Plants/Biology_G11_SS2.2_Growth_and_Development_in_Plants_L5_QuickCheck.pptx as a Impress document -> /tmp/pdfgen-JbPpZm/Biology_G11_SS2.2_Growth_and_Development_in_Plants_L5_QuickCheck.pdf using filter : impress_pdf_Export
convert /home/markk/ares/cbe-generation-system/data/outputs/v2/Grade11/Biology/Quizzes/SS2.2_Growth_and_Development_in_Plants/Biology_G11_SS2.2_Growth_and_Development_in_Plants_L6_AnswerKey.docx as a Writer document -> /tmp/pdfgen-JbPpZm/Biology_G11_SS2.2_Growth_and_Development_in_Plants_L6_AnswerKey.pdf using filter : writer_pdf_Export
convert /home/markk/ares/cbe-generation-system/data/outputs/v2/Grade11/Biology/Quizzes/SS2.2_Growth_and_Development_in_Plants/Biology_G11_SS2.2_Growth_and_Development_in_Plants_L6_QuickCheck.pptx as a Impress document -> /tmp/pdfgen-JbPpZm/Biology_G11_SS2.2_Growth_and_Development_in_Plants_L6_QuickCheck.pdf using filter : impress_pdf_Export
convert /home/markk/ares/cbe-generation-system/data/outputs/v2/Grade11/Biology/Quizzes/SS2.2_Growth_and_Development_in_Plants/Biology_G11_SS2.2_Growth_and_Development_in_Plants_L7_AnswerKey.docx as a Writer document -> /tmp/pdfgen-JbPpZm/Biology_G11_SS2.2_Growth_and_Development_in_Plants_L7_AnswerKey.pdf using filter : writer_pdf_Export
convert /home/markk/ares/cbe-generation-system/data/outputs/v2/Grade11/Biology/Quizzes/SS2.2_Growth_and_Development_in_Plants/Biology_G11_SS2.2_Growth_and_Development_in_Plants_L7_QuickCheck.pptx as a Impress document -> /tmp/pdfgen-JbPpZm/Biology_G11_SS2.2_Growth_and_Development_in_Plants_L7_QuickCheck.pdf using filter : impress_pdf_Export
convert /home/markk/ares/cbe-generation-system/data/outputs/v2/Grade11/Biology/Quizzes/SS2.2_Growth_and_Development_in_Plants/Biology_G11_SS2.2_Growth_and_Development_in_Plants_L8_AnswerKey.docx as a Writer document -> /tmp/pdfgen-JbPpZm/Biology_G11_SS2.2_Growth_and_Development_in_Plants_L8_AnswerKey.pdf using filter : writer_pdf_Export
convert /home/markk/ares/cbe-generation-system/data/outputs/v2/Grade11/Biology/Quizzes/SS2.2_Growth_and_Development_in_Plants/Biology_G11_SS2.2_Growth_and_Development_in_Plants_L8_QuickCheck.pptx as a Impress document -> /tmp/pdfgen-JbPpZm/Biology_G11_SS2.2_Growth_and_Development_in_Plants_L8_QuickCheck.pdf using filter : impress_pdf_Export
convert /home/markk/ares/cbe-generation-system/data/outputs/v2/Grade11/Biology/Quizzes/SS2.2_Growth_and_Development_in_Plants/Biology_G11_SS2.2_Growth_and_Development_in_Plants_L9_AnswerKey.docx as a Writer document -> /tmp/pdfgen-JbPpZm/Biology_G11_SS2.2_Growth_and_Development_in_Plants_L9_AnswerKey.pdf using filter : writer_pdf_Export
convert /home/markk/ares/cbe-generation-system/data/outputs/v2/Grade11/Biology/Quizzes/SS2.2_Growth_and_Development_in_Plants/Biology_G11_SS2.2_Growth_and_Development_in_Plants_L9_QuickCheck.pptx as a Impress document -> /tmp/pdfgen-JbPpZm/Biology_G11_SS2.2_Growth_and_Development_in_Plants_L9_QuickCheck.pdf using filter : impress_pdf_Export
convert /home/markk/ares/cbe-generation-system/data/outputs/v2/Grade11/Biology/Quizzes/SS2.3_Excretion_in_Plants/Biology_G11_SS2.3_Excretion_in_Plants_L1_AnswerKey.docx as a Writer document -> /tmp/pdfgen-JbPpZm/Biology_G11_SS2.3_Excretion_in_Plants_L1_AnswerKey.pdf using filter : writer_pdf_Export
convert /home/markk/ares/cbe-generation-system/data/outputs/v2/Grade11/Biology/Quizzes/SS2.3_Excretion_in_Plants/Biology_G11_SS2.3_Excretion_in_Plants_L1_QuickCheck.pptx as a Impress document -> /tmp/pdfgen-JbPpZm/Biology_G11_SS2.3_Excretion_in_Plants_L1_QuickCheck.pdf using filter : impress_pdf_Export
convert /home/markk/ares/cbe-generation-system/data/outputs/v2/Grade11/Biology/Quizzes/SS2.3_Excretion_in_Plants/Biology_G11_SS2.3_Excretion_in_Plants_L2_AnswerKey.docx as a Writer document -> /tmp/pdfgen-JbPpZm/Biology_G11_SS2.3_Excretion_in_Plants_L2_AnswerKey.pdf using filter : writer_pdf_Export
convert /home/markk/ares/cbe-generation-system/data/outputs/v2/Grade11/Biology/Quizzes/SS2.3_Excretion_in_Plants/Biology_G11_SS2.3_Excretion_in_Plants_L2_QuickCheck.pptx as a Impress document -> /tmp/pdfgen-JbPpZm/Biology_G11_SS2.3_Excretion_in_Plants_L2_QuickCheck.pdf using filter : impress_pdf_Export
convert /home/markk/ares/cbe-generation-system/data/outputs/v2/Grade11/Biology/Quizzes/SS2.3_Excretion_in_Plants/Biology_G11_SS2.3_Excretion_in_Plants_L3_AnswerKey.docx as a Writer document -> /tmp/pdfgen-JbPpZm/Biology_G11_SS2.3_Excretion_in_Plants_L3_AnswerKey.pdf using filter : writer_pdf_Export
convert /home/markk/ares/cbe-generation-system/data/outputs/v2/Grade11/Biology/Quizzes/SS2.3_Excretion_in_Plants/Biology_G11_SS2.3_Excretion_in_Plants_L3_QuickCheck.pptx as a Impress document -> /tmp/pdfgen-JbPpZm/Biology_G11_SS2.3_Excretion_in_Plants_L3_QuickCheck.pdf using filter : impress_pdf_Export
convert /home/markk/ares/cbe-generation-system/data/outputs/v2/Grade11/Biology/Quizzes/SS2.3_Excretion_in_Plants/Biology_G11_SS2.3_Excretion_in_Plants_L4_AnswerKey.docx as a Writer document -> /tmp/pdfgen-JbPpZm/Biology_G11_SS2.3_Excretion_in_Plants_L4_AnswerKey.pdf using filter : writer_pdf_Export
convert /home/markk/ares/cbe-generation-system/data/outputs/v2/Grade11/Biology/Quizzes/SS2.3_Excretion_in_Plants/Biology_G11_SS2.3_Excretion_in_Plants_L4_QuickCheck.pptx as a Impress document -> /tmp/pdfgen-JbPpZm/Biology_G11_SS2.3_Excretion_in_Plants_L4_QuickCheck.pdf using filter : impress_pdf_Export
convert /home/markk/ares/cbe-generation-system/data/outputs/v2/Grade11/Biology/Quizzes/SS2.3_Excretion_in_Plants/Biology_G11_SS2.3_Excretion_in_Plants_L5_AnswerKey.docx as a Writer document -> /tmp/pdfgen-JbPpZm/Biology_G11_SS2.3_Excretion_in_Plants_L5_AnswerKey.pdf using filter : writer_pdf_Export
convert /home/markk/ares/cbe-generation-system/data/outputs/v2/Grade11/Biology/Quizzes/SS2.3_Excretion_in_Plants/Biology_G11_SS2.3_Excretion_in_Plants_L5_QuickCheck.pptx as a Impress document -> /tmp/pdfgen-JbPpZm/Biology_G11_SS2.3_Excretion_in_Plants_L5_QuickCheck.pdf using filter : impress_pdf_Export
convert /home/markk/ares/cbe-generation-system/data/outputs/v2/Grade11/Biology/Quizzes/SS3.1_Reproduction_in_Animals/Biology_G11_SS3.1_Reproduction_in_Animals_L1_AnswerKey.docx as a Writer document -> /tmp/pdfgen-JbPpZm/Biology_G11_SS3.1_Reproduction_in_Animals_L1_AnswerKey.pdf using filter : writer_pdf_Export
convert /home/markk/ares/cbe-generation-system/data/outputs/v2/Grade11/Biology/Quizzes/SS3.1_Reproduction_in_Animals/Biology_G11_SS3.1_Reproduction_in_Animals_L1_QuickCheck.pptx as a Impress document -> /tmp/pdfgen-JbPpZm/Biology_G11_SS3.1_Reproduction_in_Animals_L1_QuickCheck.pdf using filter : impress_pdf_Export
convert /home/markk/ares/cbe-generation-system/data/outputs/v2/Grade11/Biology/Quizzes/SS3.1_Reproduction_in_Animals/Biology_G11_SS3.1_Reproduction_in_Animals_L2_AnswerKey.docx as a Writer document -> /tmp/pdfgen-JbPpZm/Biology_G11_SS3.1_Reproduction_in_Animals_L2_AnswerKey.pdf using filter : writer_pdf_Export
convert /home/markk/ares/cbe-generation-system/data/outputs/v2/Grade11/Biology/Quizzes/SS3.1_Reproduction_in_Animals/Biology_G11_SS3.1_Reproduction_in_Animals_L2_QuickCheck.pptx as a Impress document -> /tmp/pdfgen-JbPpZm/Biology_G11_SS3.1_Reproduction_in_Animals_L2_QuickCheck.pdf using filter : impress_pdf_Export
convert /home/markk/ares/cbe-generation-system/data/outputs/v2/Grade11/Biology/Quizzes/SS3.1_Reproduction_in_Animals/Biology_G11_SS3.1_Reproduction_in_Animals_L3_AnswerKey.docx as a Writer document -> /tmp/pdfgen-JbPpZm/Biology_G11_SS3.1_Reproduction_in_Animals_L3_AnswerKey.pdf using filter : writer_pdf_Export
convert /home/markk/ares/cbe-generation-system/data/outputs/v2/Grade11/Biology/Quizzes/SS3.1_Reproduction_in_Animals/Biology_G11_SS3.1_Reproduction_in_Animals_L3_QuickCheck.pptx as a Impress document -> /tmp/pdfgen-JbPpZm/Biology_G11_SS3.1_Reproduction_in_Animals_L3_QuickCheck.pdf using filter : impress_pdf_Export
convert /home/markk/ares/cbe-generation-system/data/outputs/v2/Grade11/Biology/Quizzes/SS3.1_Reproduction_in_Animals/Biology_G11_SS3.1_Reproduction_in_Animals_L4_AnswerKey.docx as a Writer document -> /tmp/pdfgen-JbPpZm/Biology_G11_SS3.1_Reproduction_in_Animals_L4_AnswerKey.pdf using filter : writer_pdf_Export
convert /home/markk/ares/cbe-generation-system/data/outputs/v2/Grade11/Biology/Quizzes/SS3.1_Reproduction_in_Animals/Biology_G11_SS3.1_Reproduction_in_Animals_L4_QuickCheck.pptx as a Impress document -> /tmp/pdfgen-JbPpZm/Biology_G11_SS3.1_Reproduction_in_Animals_L4_QuickCheck.pdf using filter : impress_pdf_Export
convert /home/markk/ares/cbe-generation-system/data/outputs/v2/Grade11/Biology/Quizzes/SS3.1_Reproduction_in_Animals/Biology_G11_SS3.1_Reproduction_in_Animals_L5_AnswerKey.docx as a Writer document -> /tmp/pdfgen-JbPpZm/Biology_G11_SS3.1_Reproduction_in_Animals_L5_AnswerKey.pdf using filter : writer_pdf_Export
convert /home/markk/ares/cbe-generation-system/data/outputs/v2/Grade11/Biology/Quizzes/SS3.1_Reproduction_in_Animals/Biology_G11_SS3.1_Reproduction_in_Animals_L5_QuickCheck.pptx as a Impress document -> /tmp/pdfgen-JbPpZm/Biology_G11_SS3.1_Reproduction_in_Animals_L5_QuickCheck.pdf using filter : impress_pdf_Export
Converting batch of 140 file(s)...
convert /home/markk/ares/cbe-generation-system/data/outputs/v2/Grade11/Biology/Quizzes/SS3.1_Reproduction_in_Animals/Biology_G11_SS3.1_Reproduction_in_Animals_L6_AnswerKey.docx as a Writer document -> /tmp/pdfgen-6ppu87/Biology_G11_SS3.1_Reproduction_in_Animals_L6_AnswerKey.pdf using filter : writer_pdf_Export
convert /home/markk/ares/cbe-generation-system/data/outputs/v2/Grade11/Biology/Quizzes/SS3.1_Reproduction_in_Animals/Biology_G11_SS3.1_Reproduction_in_Animals_L6_QuickCheck.pptx as a Impress document -> /tmp/pdfgen-6ppu87/Biology_G11_SS3.1_Reproduction_in_Animals_L6_QuickCheck.pdf using filter : impress_pdf_Export
convert /home/markk/ares/cbe-generation-system/data/outputs/v2/Grade11/Biology/Quizzes/SS3.1_Reproduction_in_Animals/Biology_G11_SS3.1_Reproduction_in_Animals_L7_AnswerKey.docx as a Writer document -> /tmp/pdfgen-6ppu87/Biology_G11_SS3.1_Reproduction_in_Animals_L7_AnswerKey.pdf using filter : writer_pdf_Export
convert /home/markk/ares/cbe-generation-system/data/outputs/v2/Grade11/Biology/Quizzes/SS3.1_Reproduction_in_Animals/Biology_G11_SS3.1_Reproduction_in_Animals_L7_QuickCheck.pptx as a Impress document -> /tmp/pdfgen-6ppu87/Biology_G11_SS3.1_Reproduction_in_Animals_L7_QuickCheck.pdf using filter : impress_pdf_Export
convert /home/markk/ares/cbe-generation-system/data/outputs/v2/Grade11/Biology/Quizzes/SS3.2_Growth_and_Development_in_Animals/Biology_G11_SS3.2_Growth_and_Development_in_Animals_L1_AnswerKey.docx as a Writer document -> /tmp/pdfgen-6ppu87/Biology_G11_SS3.2_Growth_and_Development_in_Animals_L1_AnswerKey.pdf using filter : writer_pdf_Export
convert /home/markk/ares/cbe-generation-system/data/outputs/v2/Grade11/Biology/Quizzes/SS3.2_Growth_and_Development_in_Animals/Biology_G11_SS3.2_Growth_and_Development_in_Animals_L1_QuickCheck.pptx as a Impress document -> /tmp/pdfgen-6ppu87/Biology_G11_SS3.2_Growth_and_Development_in_Animals_L1_QuickCheck.pdf using filter : impress_pdf_Export
convert /home/markk/ares/cbe-generation-system/data/outputs/v2/Grade11/Biology/Quizzes/SS3.2_Growth_and_Development_in_Animals/Biology_G11_SS3.2_Growth_and_Development_in_Animals_L2_AnswerKey.docx as a Writer document -> /tmp/pdfgen-6ppu87/Biology_G11_SS3.2_Growth_and_Development_in_Animals_L2_AnswerKey.pdf using filter : writer_pdf_Export
convert /home/markk/ares/cbe-generation-system/data/outputs/v2/Grade11/Biology/Quizzes/SS3.2_Growth_and_Development_in_Animals/Biology_G11_SS3.2_Growth_and_Development_in_Animals_L2_QuickCheck.pptx as a Impress document -> /tmp/pdfgen-6ppu87/Biology_G11_SS3.2_Growth_and_Development_in_Animals_L2_QuickCheck.pdf using filter : impress_pdf_Export
convert /home/markk/ares/cbe-generation-system/data/outputs/v2/Grade11/Biology/Quizzes/SS3.2_Growth_and_Development_in_Animals/Biology_G11_SS3.2_Growth_and_Development_in_Animals_L3_AnswerKey.docx as a Writer document -> /tmp/pdfgen-6ppu87/Biology_G11_SS3.2_Growth_and_Development_in_Animals_L3_AnswerKey.pdf using filter : writer_pdf_Export
convert /home/markk/ares/cbe-generation-system/data/outputs/v2/Grade11/Biology/Quizzes/SS3.2_Growth_and_Development_in_Animals/Biology_G11_SS3.2_Growth_and_Development_in_Animals_L3_QuickCheck.pptx as a Impress document -> /tmp/pdfgen-6ppu87/Biology_G11_SS3.2_Growth_and_Development_in_Animals_L3_QuickCheck.pdf using filter : impress_pdf_Export
convert /home/markk/ares/cbe-generation-system/data/outputs/v2/Grade11/Biology/Quizzes/SS3.2_Growth_and_Development_in_Animals/Biology_G11_SS3.2_Growth_and_Development_in_Animals_L4_AnswerKey.docx as a Writer document -> /tmp/pdfgen-6ppu87/Biology_G11_SS3.2_Growth_and_Development_in_Animals_L4_AnswerKey.pdf using filter : writer_pdf_Export
convert /home/markk/ares/cbe-generation-system/data/outputs/v2/Grade11/Biology/Quizzes/SS3.2_Growth_and_Development_in_Animals/Biology_G11_SS3.2_Growth_and_Development_in_Animals_L4_QuickCheck.pptx as a Impress document -> /tmp/pdfgen-6ppu87/Biology_G11_SS3.2_Growth_and_Development_in_Animals_L4_QuickCheck.pdf using filter : impress_pdf_Export
convert /home/markk/ares/cbe-generation-system/data/outputs/v2/Grade11/Biology/Quizzes/SS3.2_Growth_and_Development_in_Animals/Biology_G11_SS3.2_Growth_and_Development_in_Animals_L5_AnswerKey.docx as a Writer document -> /tmp/pdfgen-6ppu87/Biology_G11_SS3.2_Growth_and_Development_in_Animals_L5_AnswerKey.pdf using filter : writer_pdf_Export
convert /home/markk/ares/cbe-generation-system/data/outputs/v2/Grade11/Biology/Quizzes/SS3.2_Growth_and_Development_in_Animals/Biology_G11_SS3.2_Growth_and_Development_in_Animals_L5_QuickCheck.pptx as a Impress document -> /tmp/pdfgen-6ppu87/Biology_G11_SS3.2_Growth_and_Development_in_Animals_L5_QuickCheck.pdf using filter : impress_pdf_Export
convert /home/markk/ares/cbe-generation-system/data/outputs/v2/Grade11/Biology/Quizzes/SS3.2_Growth_and_Development_in_Animals/Biology_G11_SS3.2_Growth_and_Development_in_Animals_L6_AnswerKey.docx as a Writer document -> /tmp/pdfgen-6ppu87/Biology_G11_SS3.2_Growth_and_Development_in_Animals_L6_AnswerKey.pdf using filter : writer_pdf_Export
convert /home/markk/ares/cbe-generation-system/data/outputs/v2/Grade11/Biology/Quizzes/SS3.2_Growth_and_Development_in_Animals/Biology_G11_SS3.2_Growth_and_Development_in_Animals_L6_QuickCheck.pptx as a Impress document -> /tmp/pdfgen-6ppu87/Biology_G11_SS3.2_Growth_and_Development_in_Animals_L6_QuickCheck.pdf using filter : impress_pdf_Export
convert /home/markk/ares/cbe-generation-system/data/outputs/v2/Grade11/Biology/Quizzes/SS3.3_Excretion_and_Homeostasis_in_Animals/Biology_G11_SS3.3_Excretion_and_Homeostasis_in_Animals_L1_AnswerKey.docx as a Writer document -> /tmp/pdfgen-6ppu87/Biology_G11_SS3.3_Excretion_and_Homeostasis_in_Animals_L1_AnswerKey.pdf using filter : writer_pdf_Export
convert /home/markk/ares/cbe-generation-system/data/outputs/v2/Grade11/Biology/Quizzes/SS3.3_Excretion_and_Homeostasis_in_Animals/Biology_G11_SS3.3_Excretion_and_Homeostasis_in_Animals_L1_QuickCheck.pptx as a Impress document -> /tmp/pdfgen-6ppu87/Biology_G11_SS3.3_Excretion_and_Homeostasis_in_Animals_L1_QuickCheck.pdf using filter : impress_pdf_Export
convert /home/markk/ares/cbe-generation-system/data/outputs/v2/Grade11/Biology/Quizzes/SS3.3_Excretion_and_Homeostasis_in_Animals/Biology_G11_SS3.3_Excretion_and_Homeostasis_in_Animals_L2_AnswerKey.docx as a Writer document -> /tmp/pdfgen-6ppu87/Biology_G11_SS3.3_Excretion_and_Homeostasis_in_Animals_L2_AnswerKey.pdf using filter : writer_pdf_Export
convert /home/markk/ares/cbe-generation-system/data/outputs/v2/Grade11/Biology/Quizzes/SS3.3_Excretion_and_Homeostasis_in_Animals/Biology_G11_SS3.3_Excretion_and_Homeostasis_in_Animals_L2_QuickCheck.pptx as a Impress document -> /tmp/pdfgen-6ppu87/Biology_G11_SS3.3_Excretion_and_Homeostasis_in_Animals_L2_QuickCheck.pdf using filter : impress_pdf_Export
convert /home/markk/ares/cbe-generation-system/data/outputs/v2/Grade11/Biology/Quizzes/SS3.3_Excretion_and_Homeostasis_in_Animals/Biology_G11_SS3.3_Excretion_and_Homeostasis_in_Animals_L3_AnswerKey.docx as a Writer document -> /tmp/pdfgen-6ppu87/Biology_G11_SS3.3_Excretion_and_Homeostasis_in_Animals_L3_AnswerKey.pdf using filter : writer_pdf_Export
convert /home/markk/ares/cbe-generation-system/data/outputs/v2/Grade11/Biology/Quizzes/SS3.3_Excretion_and_Homeostasis_in_Animals/Biology_G11_SS3.3_Excretion_and_Homeostasis_in_Animals_L3_QuickCheck.pptx as a Impress document -> /tmp/pdfgen-6ppu87/Biology_G11_SS3.3_Excretion_and_Homeostasis_in_Animals_L3_QuickCheck.pdf using filter : impress_pdf_Export
convert /home/markk/ares/cbe-generation-system/data/outputs/v2/Grade11/Biology/Quizzes/SS3.3_Excretion_and_Homeostasis_in_Animals/Biology_G11_SS3.3_Excretion_and_Homeostasis_in_Animals_L4_AnswerKey.docx as a Writer document -> /tmp/pdfgen-6ppu87/Biology_G11_SS3.3_Excretion_and_Homeostasis_in_Animals_L4_AnswerKey.pdf using filter : writer_pdf_Export
convert /home/markk/ares/cbe-generation-system/data/outputs/v2/Grade11/Biology/Quizzes/SS3.3_Excretion_and_Homeostasis_in_Animals/Biology_G11_SS3.3_Excretion_and_Homeostasis_in_Animals_L4_QuickCheck.pptx as a Impress document -> /tmp/pdfgen-6ppu87/Biology_G11_SS3.3_Excretion_and_Homeostasis_in_Animals_L4_QuickCheck.pdf using filter : impress_pdf_Export
convert /home/markk/ares/cbe-generation-system/data/outputs/v2/Grade11/Biology/Quizzes/SS3.3_Excretion_and_Homeostasis_in_Animals/Biology_G11_SS3.3_Excretion_and_Homeostasis_in_Animals_L5_AnswerKey.docx as a Writer document -> /tmp/pdfgen-6ppu87/Biology_G11_SS3.3_Excretion_and_Homeostasis_in_Animals_L5_AnswerKey.pdf using filter : writer_pdf_Export
convert /home/markk/ares/cbe-generation-system/data/outputs/v2/Grade11/Biology/Quizzes/SS3.3_Excretion_and_Homeostasis_in_Animals/Biology_G11_SS3.3_Excretion_and_Homeostasis_in_Animals_L5_QuickCheck.pptx as a Impress document -> /tmp/pdfgen-6ppu87/Biology_G11_SS3.3_Excretion_and_Homeostasis_in_Animals_L5_QuickCheck.pdf using filter : impress_pdf_Export
convert /home/markk/ares/cbe-generation-system/data/outputs/v2/Grade11/Biology/Quizzes/SS3.3_Excretion_and_Homeostasis_in_Animals/Biology_G11_SS3.3_Excretion_and_Homeostasis_in_Animals_L6_AnswerKey.docx as a Writer document -> /tmp/pdfgen-6ppu87/Biology_G11_SS3.3_Excretion_and_Homeostasis_in_Animals_L6_AnswerKey.pdf using filter : writer_pdf_Export
convert /home/markk/ares/cbe-generation-system/data/outputs/v2/Grade11/Biology/Quizzes/SS3.3_Excretion_and_Homeostasis_in_Animals/Biology_G11_SS3.3_Excretion_and_Homeostasis_in_Animals_L6_QuickCheck.pptx as a Impress document -> /tmp/pdfgen-6ppu87/Biology_G11_SS3.3_Excretion_and_Homeostasis_in_Animals_L6_QuickCheck.pdf using filter : impress_pdf_Export
convert /home/markk/ares/cbe-generation-system/data/outputs/v2/Grade11/Biology/Quizzes/SS3.3_Excretion_and_Homeostasis_in_Animals/Biology_G11_SS3.3_Excretion_and_Homeostasis_in_Animals_L7_AnswerKey.docx as a Writer document -> /tmp/pdfgen-6ppu87/Biology_G11_SS3.3_Excretion_and_Homeostasis_in_Animals_L7_AnswerKey.pdf using filter : writer_pdf_Export
convert /home/markk/ares/cbe-generation-system/data/outputs/v2/Grade11/Biology/Quizzes/SS3.3_Excretion_and_Homeostasis_in_Animals/Biology_G11_SS3.3_Excretion_and_Homeostasis_in_Animals_L7_QuickCheck.pptx as a Impress document -> /tmp/pdfgen-6ppu87/Biology_G11_SS3.3_Excretion_and_Homeostasis_in_Animals_L7_QuickCheck.pdf using filter : impress_pdf_Export
convert /home/markk/ares/cbe-generation-system/data/outputs/v2/Maths/SS1.1_Real_Numbers/Mathematics_Real_Numbers_CBE_LessonSequence.docx as a Writer document -> /tmp/pdfgen-6ppu87/Mathematics_Real_Numbers_CBE_LessonSequence.pdf using filter : writer_pdf_Export
convert /home/markk/ares/cbe-generation-system/data/outputs/v2/Maths/SS1.1_Real_Numbers/Mathematics_Real_Numbers_FinalExplanation.docx as a Writer document -> /tmp/pdfgen-6ppu87/Mathematics_Real_Numbers_FinalExplanation.pdf using filter : writer_pdf_Export
convert /home/markk/ares/cbe-generation-system/data/outputs/v2/Maths/SS1.1_Real_Numbers/Mathematics_Real_Numbers_FinalExplanation_TeacherKey.docx as a Writer document -> /tmp/pdfgen-6ppu87/Mathematics_Real_Numbers_FinalExplanation_TeacherKey.pdf using filter : writer_pdf_Export
convert /home/markk/ares/cbe-generation-system/data/outputs/v2/Maths/SS1.1_Real_Numbers/Mathematics_Real_Numbers_SummaryTable.docx as a Writer document -> /tmp/pdfgen-6ppu87/Mathematics_Real_Numbers_SummaryTable.pdf using filter : writer_pdf_Export
convert /home/markk/ares/cbe-generation-system/data/outputs/v2/Maths/SS1.2_Indices/Mathematics_Indices_CBE_LessonSequence.docx as a Writer document -> /tmp/pdfgen-6ppu87/Mathematics_Indices_CBE_LessonSequence.pdf using filter : writer_pdf_Export
convert /home/markk/ares/cbe-generation-system/data/outputs/v2/Maths/SS1.2_Indices/Mathematics_Indices_FinalExplanation.docx as a Writer document -> /tmp/pdfgen-6ppu87/Mathematics_Indices_FinalExplanation.pdf using filter : writer_pdf_Export
convert /home/markk/ares/cbe-generation-system/data/outputs/v2/Maths/SS1.2_Indices/Mathematics_Indices_FinalExplanation_TeacherKey.docx as a Writer document -> /tmp/pdfgen-6ppu87/Mathematics_Indices_FinalExplanation_TeacherKey.pdf using filter : writer_pdf_Export
convert /home/markk/ares/cbe-generation-system/data/outputs/v2/Maths/SS1.2_Indices/Mathematics_Indices_SummaryTable.docx as a Writer document -> /tmp/pdfgen-6ppu87/Mathematics_Indices_SummaryTable.pdf using filter : writer_pdf_Export
convert /home/markk/ares/cbe-generation-system/data/outputs/v2/Maths/SS1.3_Quadratic_Equations/Mathematics_Quadratic_Equations_CBE_LessonSequence.docx as a Writer document -> /tmp/pdfgen-6ppu87/Mathematics_Quadratic_Equations_CBE_LessonSequence.pdf using filter : writer_pdf_Export
convert /home/markk/ares/cbe-generation-system/data/outputs/v2/Maths/SS1.3_Quadratic_Equations/Mathematics_Quadratic_Equations_FinalExplanation.docx as a Writer document -> /tmp/pdfgen-6ppu87/Mathematics_Quadratic_Equations_FinalExplanation.pdf using filter : writer_pdf_Export
convert /home/markk/ares/cbe-generation-system/data/outputs/v2/Maths/SS1.3_Quadratic_Equations/Mathematics_Quadratic_Equations_FinalExplanation_TeacherKey.docx as a Writer document -> /tmp/pdfgen-6ppu87/Mathematics_Quadratic_Equations_FinalExplanation_TeacherKey.pdf using filter : writer_pdf_Export
convert /home/markk/ares/cbe-generation-system/data/outputs/v2/Maths/SS1.3_Quadratic_Equations/Mathematics_Quadratic_Equations_SummaryTable.docx as a Writer document -> /tmp/pdfgen-6ppu87/Mathematics_Quadratic_Equations_SummaryTable.pdf using filter : writer_pdf_Export
convert /home/markk/ares/cbe-generation-system/data/outputs/v2/Maths/SS1.4_Congruence/Mathematics_Congruence_CBE_LessonSequence.docx as a Writer document -> /tmp/pdfgen-6ppu87/Mathematics_Congruence_CBE_LessonSequence.pdf using filter : writer_pdf_Export
convert /home/markk/ares/cbe-generation-system/data/outputs/v2/Maths/SS1.4_Congruence/Mathematics_Congruence_FinalExplanation.docx as a Writer document -> /tmp/pdfgen-6ppu87/Mathematics_Congruence_FinalExplanation.pdf using filter : writer_pdf_Export
convert /home/markk/ares/cbe-generation-system/data/outputs/v2/Maths/SS1.4_Congruence/Mathematics_Congruence_FinalExplanation_TeacherKey.docx as a Writer document -> /tmp/pdfgen-6ppu87/Mathematics_Congruence_FinalExplanation_TeacherKey.pdf using filter : writer_pdf_Export
convert /home/markk/ares/cbe-generation-system/data/outputs/v2/Maths/SS1.4_Congruence/Mathematics_Congruence_SummaryTable.docx as a Writer document -> /tmp/pdfgen-6ppu87/Mathematics_Congruence_SummaryTable.pdf using filter : writer_pdf_Export
convert /home/markk/ares/cbe-generation-system/data/outputs/v2/Maths/SS2.1_Similarity_and_Enlargement/Mathematics_Similarity_and_Enlargement_CBE_LessonSequence.docx as a Writer document -> /tmp/pdfgen-6ppu87/Mathematics_Similarity_and_Enlargement_CBE_LessonSequence.pdf using filter : writer_pdf_Export
convert /home/markk/ares/cbe-generation-system/data/outputs/v2/Maths/SS2.1_Similarity_and_Enlargement/Mathematics_Similarity_and_Enlargement_FinalExplanation.docx as a Writer document -> /tmp/pdfgen-6ppu87/Mathematics_Similarity_and_Enlargement_FinalExplanation.pdf using filter : writer_pdf_Export
convert /home/markk/ares/cbe-generation-system/data/outputs/v2/Maths/SS2.1_Similarity_and_Enlargement/Mathematics_Similarity_and_Enlargement_FinalExplanation_TeacherKey.docx as a Writer document -> /tmp/pdfgen-6ppu87/Mathematics_Similarity_and_Enlargement_FinalExplanation_TeacherKey.pdf using filter : writer_pdf_Export
convert /home/markk/ares/cbe-generation-system/data/outputs/v2/Maths/SS2.1_Similarity_and_Enlargement/Mathematics_Similarity_and_Enlargement_SummaryTable.docx as a Writer document -> /tmp/pdfgen-6ppu87/Mathematics_Similarity_and_Enlargement_SummaryTable.pdf using filter : writer_pdf_Export
convert /home/markk/ares/cbe-generation-system/data/outputs/v2/Maths/SS2.2_Area_of_Polygons/Mathematics_Area_of_Polygons_CBE_LessonSequence.docx as a Writer document -> /tmp/pdfgen-6ppu87/Mathematics_Area_of_Polygons_CBE_LessonSequence.pdf using filter : writer_pdf_Export
convert /home/markk/ares/cbe-generation-system/data/outputs/v2/Maths/SS2.2_Area_of_Polygons/Mathematics_Area_of_Polygons_FinalExplanation.docx as a Writer document -> /tmp/pdfgen-6ppu87/Mathematics_Area_of_Polygons_FinalExplanation.pdf using filter : writer_pdf_Export
convert /home/markk/ares/cbe-generation-system/data/outputs/v2/Maths/SS2.2_Area_of_Polygons/Mathematics_Area_of_Polygons_FinalExplanation_TeacherKey.docx as a Writer document -> /tmp/pdfgen-6ppu87/Mathematics_Area_of_Polygons_FinalExplanation_TeacherKey.pdf using filter : writer_pdf_Export
convert /home/markk/ares/cbe-generation-system/data/outputs/v2/Maths/SS2.2_Area_of_Polygons/Mathematics_Area_of_Polygons_SummaryTable.docx as a Writer document -> /tmp/pdfgen-6ppu87/Mathematics_Area_of_Polygons_SummaryTable.pdf using filter : writer_pdf_Export
convert /home/markk/ares/cbe-generation-system/data/outputs/v2/Maths/SS2.3_Area_of_Part_of_a_Circle/Mathematics_Area_of_Part_of_a_Circle_CBE_LessonSequence.docx as a Writer document -> /tmp/pdfgen-6ppu87/Mathematics_Area_of_Part_of_a_Circle_CBE_LessonSequence.pdf using filter : writer_pdf_Export
convert /home/markk/ares/cbe-generation-system/data/outputs/v2/Maths/SS2.3_Area_of_Part_of_a_Circle/Mathematics_Area_of_Part_of_a_Circle_FinalExplanation.docx as a Writer document -> /tmp/pdfgen-6ppu87/Mathematics_Area_of_Part_of_a_Circle_FinalExplanation.pdf using filter : writer_pdf_Export
convert /home/markk/ares/cbe-generation-system/data/outputs/v2/Maths/SS2.3_Area_of_Part_of_a_Circle/Mathematics_Area_of_Part_of_a_Circle_FinalExplanation_TeacherKey.docx as a Writer document -> /tmp/pdfgen-6ppu87/Mathematics_Area_of_Part_of_a_Circle_FinalExplanation_TeacherKey.pdf using filter : writer_pdf_Export
convert /home/markk/ares/cbe-generation-system/data/outputs/v2/Maths/SS2.3_Area_of_Part_of_a_Circle/Mathematics_Area_of_Part_of_a_Circle_SummaryTable.docx as a Writer document -> /tmp/pdfgen-6ppu87/Mathematics_Area_of_Part_of_a_Circle_SummaryTable.pdf using filter : writer_pdf_Export
convert /home/markk/ares/cbe-generation-system/data/outputs/v2/Maths/SS2.4_Surface_Area_and_Volume_of_Solids/Mathematics_Surface_Area_and_Volume_of_Solids_CBE_LessonSequence.docx as a Writer document -> /tmp/pdfgen-6ppu87/Mathematics_Surface_Area_and_Volume_of_Solids_CBE_LessonSequence.pdf using filter : writer_pdf_Export
convert /home/markk/ares/cbe-generation-system/data/outputs/v2/Maths/SS2.4_Surface_Area_and_Volume_of_Solids/Mathematics_Surface_Area_and_Volume_of_Solids_FinalExplanation.docx as a Writer document -> /tmp/pdfgen-6ppu87/Mathematics_Surface_Area_and_Volume_of_Solids_FinalExplanation.pdf using filter : writer_pdf_Export
convert /home/markk/ares/cbe-generation-system/data/outputs/v2/Maths/SS2.4_Surface_Area_and_Volume_of_Solids/Mathematics_Surface_Area_and_Volume_of_Solids_FinalExplanation_TeacherKey.docx as a Writer document -> /tmp/pdfgen-6ppu87/Mathematics_Surface_Area_and_Volume_of_Solids_FinalExplanation_TeacherKey.pdf using filter : writer_pdf_Export
convert /home/markk/ares/cbe-generation-system/data/outputs/v2/Maths/SS2.4_Surface_Area_and_Volume_of_Solids/Mathematics_Surface_Area_and_Volume_of_Solids_SummaryTable.docx as a Writer document -> /tmp/pdfgen-6ppu87/Mathematics_Surface_Area_and_Volume_of_Solids_SummaryTable.pdf using filter : writer_pdf_Export
convert /home/markk/ares/cbe-generation-system/data/outputs/v2/Maths/SS3.1_Trigonometry_I/Mathematics_Trigonometry_I_CBE_LessonSequence.docx as a Writer document -> /tmp/pdfgen-6ppu87/Mathematics_Trigonometry_I_CBE_LessonSequence.pdf using filter : writer_pdf_Export
convert /home/markk/ares/cbe-generation-system/data/outputs/v2/Maths/SS3.1_Trigonometry_I/Mathematics_Trigonometry_I_FinalExplanation.docx as a Writer document -> /tmp/pdfgen-6ppu87/Mathematics_Trigonometry_I_FinalExplanation.pdf using filter : writer_pdf_Export
convert /home/markk/ares/cbe-generation-system/data/outputs/v2/Maths/SS3.1_Trigonometry_I/Mathematics_Trigonometry_I_FinalExplanation_TeacherKey.docx as a Writer document -> /tmp/pdfgen-6ppu87/Mathematics_Trigonometry_I_FinalExplanation_TeacherKey.pdf using filter : writer_pdf_Export
convert /home/markk/ares/cbe-generation-system/data/outputs/v2/Maths/SS3.1_Trigonometry_I/Mathematics_Trigonometry_I_SummaryTable.docx as a Writer document -> /tmp/pdfgen-6ppu87/Mathematics_Trigonometry_I_SummaryTable.pdf using filter : writer_pdf_Export
convert /home/markk/ares/cbe-generation-system/data/outputs/v2/Maths/SS3.1_Trigonometry_I/quiz/Mathematics_G10_SS3.1_Trigonometry_I_L4_AnswerKey.docx as a Writer document -> /tmp/pdfgen-6ppu87/Mathematics_G10_SS3.1_Trigonometry_I_L4_AnswerKey.pdf using filter : writer_pdf_Export
convert /home/markk/ares/cbe-generation-system/data/outputs/v2/Maths/SS3.1_Trigonometry_I/quiz/Mathematics_G10_SS3.1_Trigonometry_I_L4_QuickCheck.pptx as a Impress document -> /tmp/pdfgen-6ppu87/Mathematics_G10_SS3.1_Trigonometry_I_L4_QuickCheck.pdf using filter : impress_pdf_Export
convert /home/markk/ares/cbe-generation-system/data/outputs/v2/Maths/SS3.2_Rotation/Mathematics_Rotation_CBE_LessonSequence.docx as a Writer document -> /tmp/pdfgen-6ppu87/Mathematics_Rotation_CBE_LessonSequence.pdf using filter : writer_pdf_Export
convert /home/markk/ares/cbe-generation-system/data/outputs/v2/Maths/SS3.2_Rotation/Mathematics_Rotation_FinalExplanation.docx as a Writer document -> /tmp/pdfgen-6ppu87/Mathematics_Rotation_FinalExplanation.pdf using filter : writer_pdf_Export
convert /home/markk/ares/cbe-generation-system/data/outputs/v2/Maths/SS3.2_Rotation/Mathematics_Rotation_FinalExplanation_TeacherKey.docx as a Writer document -> /tmp/pdfgen-6ppu87/Mathematics_Rotation_FinalExplanation_TeacherKey.pdf using filter : writer_pdf_Export
convert /home/markk/ares/cbe-generation-system/data/outputs/v2/Maths/SS3.2_Rotation/Mathematics_Rotation_SummaryTable.docx as a Writer document -> /tmp/pdfgen-6ppu87/Mathematics_Rotation_SummaryTable.pdf using filter : writer_pdf_Export
convert /home/markk/ares/cbe-generation-system/data/outputs/v2/Maths/SS3.3_Vectors_I/Mathematics_Vectors_I_CBE_LessonSequence.docx as a Writer document -> /tmp/pdfgen-6ppu87/Mathematics_Vectors_I_CBE_LessonSequence.pdf using filter : writer_pdf_Export
convert /home/markk/ares/cbe-generation-system/data/outputs/v2/Maths/SS3.3_Vectors_I/Mathematics_Vectors_I_FinalExplanation.docx as a Writer document -> /tmp/pdfgen-6ppu87/Mathematics_Vectors_I_FinalExplanation.pdf using filter : writer_pdf_Export
convert /home/markk/ares/cbe-generation-system/data/outputs/v2/Maths/SS3.3_Vectors_I/Mathematics_Vectors_I_FinalExplanation_TeacherKey.docx as a Writer document -> /tmp/pdfgen-6ppu87/Mathematics_Vectors_I_FinalExplanation_TeacherKey.pdf using filter : writer_pdf_Export
convert /home/markk/ares/cbe-generation-system/data/outputs/v2/Maths/SS3.3_Vectors_I/Mathematics_Vectors_I_SummaryTable.docx as a Writer document -> /tmp/pdfgen-6ppu87/Mathematics_Vectors_I_SummaryTable.pdf using filter : writer_pdf_Export
convert /home/markk/ares/cbe-generation-system/data/outputs/v2/Maths/SS3.4_Linear_Motion/Mathematics_Linear_Motion_CBE_LessonSequence.docx as a Writer document -> /tmp/pdfgen-6ppu87/Mathematics_Linear_Motion_CBE_LessonSequence.pdf using filter : writer_pdf_Export
convert /home/markk/ares/cbe-generation-system/data/outputs/v2/Maths/SS3.4_Linear_Motion/Mathematics_Linear_Motion_FinalExplanation.docx as a Writer document -> /tmp/pdfgen-6ppu87/Mathematics_Linear_Motion_FinalExplanation.pdf using filter : writer_pdf_Export
convert /home/markk/ares/cbe-generation-system/data/outputs/v2/Maths/SS3.4_Linear_Motion/Mathematics_Linear_Motion_FinalExplanation_TeacherKey.docx as a Writer document -> /tmp/pdfgen-6ppu87/Mathematics_Linear_Motion_FinalExplanation_TeacherKey.pdf using filter : writer_pdf_Export
convert /home/markk/ares/cbe-generation-system/data/outputs/v2/Maths/SS3.4_Linear_Motion/Mathematics_Linear_Motion_SummaryTable.docx as a Writer document -> /tmp/pdfgen-6ppu87/Mathematics_Linear_Motion_SummaryTable.pdf using filter : writer_pdf_Export
convert /home/markk/ares/cbe-generation-system/data/outputs/v2/Maths/SS4.1_Statistics_I/Mathematics_Statistics_I_CBE_LessonSequence.docx as a Writer document -> /tmp/pdfgen-6ppu87/Mathematics_Statistics_I_CBE_LessonSequence.pdf using filter : writer_pdf_Export
convert /home/markk/ares/cbe-generation-system/data/outputs/v2/Maths/SS4.1_Statistics_I/Mathematics_Statistics_I_FinalExplanation.docx as a Writer document -> /tmp/pdfgen-6ppu87/Mathematics_Statistics_I_FinalExplanation.pdf using filter : writer_pdf_Export
convert /home/markk/ares/cbe-generation-system/data/outputs/v2/Maths/SS4.1_Statistics_I/Mathematics_Statistics_I_FinalExplanation_TeacherKey.docx as a Writer document -> /tmp/pdfgen-6ppu87/Mathematics_Statistics_I_FinalExplanation_TeacherKey.pdf using filter : writer_pdf_Export
convert /home/markk/ares/cbe-generation-system/data/outputs/v2/Maths/SS4.1_Statistics_I/Mathematics_Statistics_I_SummaryTable.docx as a Writer document -> /tmp/pdfgen-6ppu87/Mathematics_Statistics_I_SummaryTable.pdf using filter : writer_pdf_Export
convert /home/markk/ares/cbe-generation-system/data/outputs/v2/Maths/SS4.2_Probability_I/Mathematics_Probability_I_CBE_LessonSequence.docx as a Writer document -> /tmp/pdfgen-6ppu87/Mathematics_Probability_I_CBE_LessonSequence.pdf using filter : writer_pdf_Export
convert /home/markk/ares/cbe-generation-system/data/outputs/v2/Maths/SS4.2_Probability_I/Mathematics_Probability_I_FinalExplanation.docx as a Writer document -> /tmp/pdfgen-6ppu87/Mathematics_Probability_I_FinalExplanation.pdf using filter : writer_pdf_Export
convert /home/markk/ares/cbe-generation-system/data/outputs/v2/Maths/SS4.2_Probability_I/Mathematics_Probability_I_FinalExplanation_TeacherKey.docx as a Writer document -> /tmp/pdfgen-6ppu87/Mathematics_Probability_I_FinalExplanation_TeacherKey.pdf using filter : writer_pdf_Export
convert /home/markk/ares/cbe-generation-system/data/outputs/v2/Maths/SS4.2_Probability_I/Mathematics_Probability_I_SummaryTable.docx as a Writer document -> /tmp/pdfgen-6ppu87/Mathematics_Probability_I_SummaryTable.pdf using filter : writer_pdf_Export
convert /home/markk/ares/cbe-generation-system/data/outputs/v2/Physics/SS1.1_Pressure/Physics_Pressure_CBE_LessonSequence.docx as a Writer document -> /tmp/pdfgen-6ppu87/Physics_Pressure_CBE_LessonSequence.pdf using filter : writer_pdf_Export
convert /home/markk/ares/cbe-generation-system/data/outputs/v2/Physics/SS1.1_Pressure/Physics_Pressure_FinalExplanation.docx as a Writer document -> /tmp/pdfgen-6ppu87/Physics_Pressure_FinalExplanation.pdf using filter : writer_pdf_Export
convert /home/markk/ares/cbe-generation-system/data/outputs/v2/Physics/SS1.1_Pressure/Physics_Pressure_FinalExplanation_TeacherKey.docx as a Writer document -> /tmp/pdfgen-6ppu87/Physics_Pressure_FinalExplanation_TeacherKey.pdf using filter : writer_pdf_Export
convert /home/markk/ares/cbe-generation-system/data/outputs/v2/Physics/SS1.1_Pressure/Physics_Pressure_SummaryTable.docx as a Writer document -> /tmp/pdfgen-6ppu87/Physics_Pressure_SummaryTable.pdf using filter : writer_pdf_Export
convert /home/markk/ares/cbe-generation-system/data/outputs/v2/Physics/SS1.1_Pressure/quiz/Physics_G10_SS1.1_Pressure_L2_AnswerKey.docx as a Writer document -> /tmp/pdfgen-6ppu87/Physics_G10_SS1.1_Pressure_L2_AnswerKey.pdf using filter : writer_pdf_Export
convert /home/markk/ares/cbe-generation-system/data/outputs/v2/Physics/SS1.1_Pressure/quiz/Physics_G10_SS1.1_Pressure_L2_QuickCheck.pptx as a Impress document -> /tmp/pdfgen-6ppu87/Physics_G10_SS1.1_Pressure_L2_QuickCheck.pdf using filter : impress_pdf_Export
convert /home/markk/ares/cbe-generation-system/data/outputs/v2/Physics/SS1.2_Mechanical_Properties_of_Materials/Physics_Mechanical_Properties_of_Materials_CBE_LessonSequence.docx as a Writer document -> /tmp/pdfgen-6ppu87/Physics_Mechanical_Properties_of_Materials_CBE_LessonSequence.pdf using filter : writer_pdf_Export
convert /home/markk/ares/cbe-generation-system/data/outputs/v2/Physics/SS1.2_Mechanical_Properties_of_Materials/Physics_Mechanical_Properties_of_Materials_FinalExplanation.docx as a Writer document -> /tmp/pdfgen-6ppu87/Physics_Mechanical_Properties_of_Materials_FinalExplanation.pdf using filter : writer_pdf_Export
convert /home/markk/ares/cbe-generation-system/data/outputs/v2/Physics/SS1.2_Mechanical_Properties_of_Materials/Physics_Mechanical_Properties_of_Materials_FinalExplanation_TeacherKey.docx as a Writer document -> /tmp/pdfgen-6ppu87/Physics_Mechanical_Properties_of_Materials_FinalExplanation_TeacherKey.pdf using filter : writer_pdf_Export
convert /home/markk/ares/cbe-generation-system/data/outputs/v2/Physics/SS1.2_Mechanical_Properties_of_Materials/Physics_Mechanical_Properties_of_Materials_SummaryTable.docx as a Writer document -> /tmp/pdfgen-6ppu87/Physics_Mechanical_Properties_of_Materials_SummaryTable.pdf using filter : writer_pdf_Export
convert /home/markk/ares/cbe-generation-system/data/outputs/v2/Physics/SS1.3_Temperature_and_Thermal_Expansion/Physics_Temperature_and_Thermal_Expansion_CBE_LessonSequence.docx as a Writer document -> /tmp/pdfgen-6ppu87/Physics_Temperature_and_Thermal_Expansion_CBE_LessonSequence.pdf using filter : writer_pdf_Export
convert /home/markk/ares/cbe-generation-system/data/outputs/v2/Physics/SS1.3_Temperature_and_Thermal_Expansion/Physics_Temperature_and_Thermal_Expansion_FinalExplanation.docx as a Writer document -> /tmp/pdfgen-6ppu87/Physics_Temperature_and_Thermal_Expansion_FinalExplanation.pdf using filter : writer_pdf_Export
convert /home/markk/ares/cbe-generation-system/data/outputs/v2/Physics/SS1.3_Temperature_and_Thermal_Expansion/Physics_Temperature_and_Thermal_Expansion_FinalExplanation_TeacherKey.docx as a Writer document -> /tmp/pdfgen-6ppu87/Physics_Temperature_and_Thermal_Expansion_FinalExplanation_TeacherKey.pdf using filter : writer_pdf_Export
convert /home/markk/ares/cbe-generation-system/data/outputs/v2/Physics/SS1.3_Temperature_and_Thermal_Expansion/Physics_Temperature_and_Thermal_Expansion_SummaryTable.docx as a Writer document -> /tmp/pdfgen-6ppu87/Physics_Temperature_and_Thermal_Expansion_SummaryTable.pdf using filter : writer_pdf_Export
convert /home/markk/ares/cbe-generation-system/data/outputs/v2/Physics/SS1.4_Energy,_Work,_Power_and_Machines/Physics_Energy,_Work,_Power_and_Machines_CBE_LessonSequence.docx as a Writer document -> /tmp/pdfgen-6ppu87/Physics_Energy,_Work,_Power_and_Machines_CBE_LessonSequence.pdf using filter : writer_pdf_Export
convert /home/markk/ares/cbe-generation-system/data/outputs/v2/Physics/SS1.4_Energy,_Work,_Power_and_Machines/Physics_Energy,_Work,_Power_and_Machines_FinalExplanation.docx as a Writer document -> /tmp/pdfgen-6ppu87/Physics_Energy,_Work,_Power_and_Machines_FinalExplanation.pdf using filter : writer_pdf_Export
convert /home/markk/ares/cbe-generation-system/data/outputs/v2/Physics/SS1.4_Energy,_Work,_Power_and_Machines/Physics_Energy,_Work,_Power_and_Machines_FinalExplanation_TeacherKey.docx as a Writer document -> /tmp/pdfgen-6ppu87/Physics_Energy,_Work,_Power_and_Machines_FinalExplanation_TeacherKey.pdf using filter : writer_pdf_Export
convert /home/markk/ares/cbe-generation-system/data/outputs/v2/Physics/SS1.4_Energy,_Work,_Power_and_Machines/Physics_Energy,_Work,_Power_and_Machines_SummaryTable.docx as a Writer document -> /tmp/pdfgen-6ppu87/Physics_Energy,_Work,_Power_and_Machines_SummaryTable.pdf using filter : writer_pdf_Export
convert /home/markk/ares/cbe-generation-system/data/outputs/v2/Physics/SS1.5_Moments_of_Equilibrium/Physics_Moments_of_Equilibrium_CBE_LessonSequence.docx as a Writer document -> /tmp/pdfgen-6ppu87/Physics_Moments_of_Equilibrium_CBE_LessonSequence.pdf using filter : writer_pdf_Export
convert /home/markk/ares/cbe-generation-system/data/outputs/v2/Physics/SS1.5_Moments_of_Equilibrium/Physics_Moments_of_Equilibrium_FinalExplanation.docx as a Writer document -> /tmp/pdfgen-6ppu87/Physics_Moments_of_Equilibrium_FinalExplanation.pdf using filter : writer_pdf_Export
convert /home/markk/ares/cbe-generation-system/data/outputs/v2/Physics/SS1.5_Moments_of_Equilibrium/Physics_Moments_of_Equilibrium_FinalExplanation_TeacherKey.docx as a Writer document -> /tmp/pdfgen-6ppu87/Physics_Moments_of_Equilibrium_FinalExplanation_TeacherKey.pdf using filter : writer_pdf_Export
convert /home/markk/ares/cbe-generation-system/data/outputs/v2/Physics/SS1.5_Moments_of_Equilibrium/Physics_Moments_of_Equilibrium_SummaryTable.docx as a Writer document -> /tmp/pdfgen-6ppu87/Physics_Moments_of_Equilibrium_SummaryTable.pdf using filter : writer_pdf_Export
convert /home/markk/ares/cbe-generation-system/data/outputs/v2/Physics/SS2.1_Properties_of_Waves/Physics_Properties_of_Waves_CBE_LessonSequence.docx as a Writer document -> /tmp/pdfgen-6ppu87/Physics_Properties_of_Waves_CBE_LessonSequence.pdf using filter : writer_pdf_Export
convert /home/markk/ares/cbe-generation-system/data/outputs/v2/Physics/SS2.1_Properties_of_Waves/Physics_Properties_of_Waves_FinalExplanation.docx as a Writer document -> /tmp/pdfgen-6ppu87/Physics_Properties_of_Waves_FinalExplanation.pdf using filter : writer_pdf_Export
convert /home/markk/ares/cbe-generation-system/data/outputs/v2/Physics/SS2.1_Properties_of_Waves/Physics_Properties_of_Waves_FinalExplanation_TeacherKey.docx as a Writer document -> /tmp/pdfgen-6ppu87/Physics_Properties_of_Waves_FinalExplanation_TeacherKey.pdf using filter : writer_pdf_Export
convert /home/markk/ares/cbe-generation-system/data/outputs/v2/Physics/SS2.1_Properties_of_Waves/Physics_Properties_of_Waves_SummaryTable.docx as a Writer document -> /tmp/pdfgen-6ppu87/Physics_Properties_of_Waves_SummaryTable.pdf using filter : writer_pdf_Export
convert /home/markk/ares/cbe-generation-system/data/outputs/v2/Physics/SS2.1_Properties_of_Waves/quiz/Physics_G10_SS2.1_Properties_of_Waves_L1_AnswerKey.docx as a Writer document -> /tmp/pdfgen-6ppu87/Physics_G10_SS2.1_Properties_of_Waves_L1_AnswerKey.pdf using filter : writer_pdf_Export
convert /home/markk/ares/cbe-generation-system/data/outputs/v2/Physics/SS2.1_Properties_of_Waves/quiz/Physics_G10_SS2.1_Properties_of_Waves_L1_QuickCheck.pptx as a Impress document -> /tmp/pdfgen-6ppu87/Physics_G10_SS2.1_Properties_of_Waves_L1_QuickCheck.pdf using filter : impress_pdf_Export
convert /home/markk/ares/cbe-generation-system/data/outputs/v2/Physics/SS3.1_Radioactivity_and_Stability_of_Isotopes/Physics_Radioactivity_and_Stability_of_Isotopes_CBE_LessonSequence.docx as a Writer document -> /tmp/pdfgen-6ppu87/Physics_Radioactivity_and_Stability_of_Isotopes_CBE_LessonSequence.pdf using filter : writer_pdf_Export
convert /home/markk/ares/cbe-generation-system/data/outputs/v2/Physics/SS3.1_Radioactivity_and_Stability_of_Isotopes/Physics_Radioactivity_and_Stability_of_Isotopes_FinalExplanation.docx as a Writer document -> /tmp/pdfgen-6ppu87/Physics_Radioactivity_and_Stability_of_Isotopes_FinalExplanation.pdf using filter : writer_pdf_Export
convert /home/markk/ares/cbe-generation-system/data/outputs/v2/Physics/SS3.1_Radioactivity_and_Stability_of_Isotopes/Physics_Radioactivity_and_Stability_of_Isotopes_FinalExplanation_TeacherKey.docx as a Writer document -> /tmp/pdfgen-6ppu87/Physics_Radioactivity_and_Stability_of_Isotopes_FinalExplanation_TeacherKey.pdf using filter : writer_pdf_Export
convert /home/markk/ares/cbe-generation-system/data/outputs/v2/Physics/SS3.1_Radioactivity_and_Stability_of_Isotopes/Physics_Radioactivity_and_Stability_of_Isotopes_SummaryTable.docx as a Writer document -> /tmp/pdfgen-6ppu87/Physics_Radioactivity_and_Stability_of_Isotopes_SummaryTable.pdf using filter : writer_pdf_Export
convert /home/markk/ares/cbe-generation-system/data/outputs/v2/Physics/SS3.2_Current_Electricity/Physics_Current_Electricity_CBE_LessonSequence.docx as a Writer document -> /tmp/pdfgen-6ppu87/Physics_Current_Electricity_CBE_LessonSequence.pdf using filter : writer_pdf_Export
convert /home/markk/ares/cbe-generation-system/data/outputs/v2/Physics/SS3.2_Current_Electricity/Physics_Current_Electricity_FinalExplanation.docx as a Writer document -> /tmp/pdfgen-6ppu87/Physics_Current_Electricity_FinalExplanation.pdf using filter : writer_pdf_Export
convert /home/markk/ares/cbe-generation-system/data/outputs/v2/Physics/SS3.2_Current_Electricity/Physics_Current_Electricity_FinalExplanation_TeacherKey.docx as a Writer document -> /tmp/pdfgen-6ppu87/Physics_Current_Electricity_FinalExplanation_TeacherKey.pdf using filter : writer_pdf_Export
convert /home/markk/ares/cbe-generation-system/data/outputs/v2/Physics/SS3.2_Current_Electricity/Physics_Current_Electricity_SummaryTable.docx as a Writer document -> /tmp/pdfgen-6ppu87/Physics_Current_Electricity_SummaryTable.pdf using filter : writer_pdf_Export
convert /home/markk/ares/cbe-generation-system/data/outputs/v2/Physics/SS3.3_Introduction_to_Electronics/Physics_Introduction_to_Electronics_CBE_LessonSequence.docx as a Writer document -> /tmp/pdfgen-6ppu87/Physics_Introduction_to_Electronics_CBE_LessonSequence.pdf using filter : writer_pdf_Export
convert /home/markk/ares/cbe-generation-system/data/outputs/v2/Physics/SS3.3_Introduction_to_Electronics/Physics_Introduction_to_Electronics_FinalExplanation.docx as a Writer document -> /tmp/pdfgen-6ppu87/Physics_Introduction_to_Electronics_FinalExplanation.pdf using filter : writer_pdf_Export
convert /home/markk/ares/cbe-generation-system/data/outputs/v2/Physics/SS3.3_Introduction_to_Electronics/Physics_Introduction_to_Electronics_FinalExplanation_TeacherKey.docx as a Writer document -> /tmp/pdfgen-6ppu87/Physics_Introduction_to_Electronics_FinalExplanation_TeacherKey.pdf using filter : writer_pdf_Export
convert /home/markk/ares/cbe-generation-system/data/outputs/v2/Physics/SS3.3_Introduction_to_Electronics/Physics_Introduction_to_Electronics_SummaryTable.docx as a Writer document -> /tmp/pdfgen-6ppu87/Physics_Introduction_to_Electronics_SummaryTable.pdf using filter : writer_pdf_Export
convert /home/markk/ares/cbe-generation-system/data/outputs/v2/Physics/SS3.4_Electrostatics/Physics_Electrostatics_CBE_LessonSequence.docx as a Writer document -> /tmp/pdfgen-6ppu87/Physics_Electrostatics_CBE_LessonSequence.pdf using filter : writer_pdf_Export
convert /home/markk/ares/cbe-generation-system/data/outputs/v2/Physics/SS3.4_Electrostatics/Physics_Electrostatics_FinalExplanation.docx as a Writer document -> /tmp/pdfgen-6ppu87/Physics_Electrostatics_FinalExplanation.pdf using filter : writer_pdf_Export
convert /home/markk/ares/cbe-generation-system/data/outputs/v2/Physics/SS3.4_Electrostatics/Physics_Electrostatics_FinalExplanation_TeacherKey.docx as a Writer document -> /tmp/pdfgen-6ppu87/Physics_Electrostatics_FinalExplanation_TeacherKey.pdf using filter : writer_pdf_Export
convert /home/markk/ares/cbe-generation-system/data/outputs/v2/Physics/SS3.4_Electrostatics/Physics_Electrostatics_SummaryTable.docx as a Writer document -> /tmp/pdfgen-6ppu87/Physics_Electrostatics_SummaryTable.pdf using filter : writer_pdf_Export
convert /home/markk/ares/cbe-generation-system/data/outputs/v2/Physics/SS4.1_Greenhouse_Effect_and_Climate_Change/Physics_Greenhouse_Effect_and_Climate_Change_CBE_LessonSequence.docx as a Writer document -> /tmp/pdfgen-6ppu87/Physics_Greenhouse_Effect_and_Climate_Change_CBE_LessonSequence.pdf using filter : writer_pdf_Export
convert /home/markk/ares/cbe-generation-system/data/outputs/v2/Physics/SS4.1_Greenhouse_Effect_and_Climate_Change/Physics_Greenhouse_Effect_and_Climate_Change_FinalExplanation.docx as a Writer document -> /tmp/pdfgen-6ppu87/Physics_Greenhouse_Effect_and_Climate_Change_FinalExplanation.pdf using filter : writer_pdf_Export
convert /home/markk/ares/cbe-generation-system/data/outputs/v2/Physics/SS4.1_Greenhouse_Effect_and_Climate_Change/Physics_Greenhouse_Effect_and_Climate_Change_FinalExplanation_TeacherKey.docx as a Writer document -> /tmp/pdfgen-6ppu87/Physics_Greenhouse_Effect_and_Climate_Change_FinalExplanation_TeacherKey.pdf using filter : writer_pdf_Export
convert /home/markk/ares/cbe-generation-system/data/outputs/v2/Physics/SS4.1_Greenhouse_Effect_and_Climate_Change/Physics_Greenhouse_Effect_and_Climate_Change_SummaryTable.docx as a Writer document -> /tmp/pdfgen-6ppu87/Physics_Greenhouse_Effect_and_Climate_Change_SummaryTable.pdf using filter : writer_pdf_Export
convert /home/markk/ares/cbe-generation-system/data/outputs/v2/Physics/SS4.2_Introduction_to_Space_Physics/Physics_Introduction_to_Space_Physics_CBE_LessonSequence.docx as a Writer document -> /tmp/pdfgen-6ppu87/Physics_Introduction_to_Space_Physics_CBE_LessonSequence.pdf using filter : writer_pdf_Export
convert /home/markk/ares/cbe-generation-system/data/outputs/v2/Physics/SS4.2_Introduction_to_Space_Physics/Physics_Introduction_to_Space_Physics_FinalExplanation.docx as a Writer document -> /tmp/pdfgen-6ppu87/Physics_Introduction_to_Space_Physics_FinalExplanation.pdf using filter : writer_pdf_Export
convert /home/markk/ares/cbe-generation-system/data/outputs/v2/Physics/SS4.2_Introduction_to_Space_Physics/Physics_Introduction_to_Space_Physics_FinalExplanation_TeacherKey.docx as a Writer document -> /tmp/pdfgen-6ppu87/Physics_Introduction_to_Space_Physics_FinalExplanation_TeacherKey.pdf using filter : writer_pdf_Export
convert /home/markk/ares/cbe-generation-system/data/outputs/v2/Physics/SS4.2_Introduction_to_Space_Physics/Physics_Introduction_to_Space_Physics_SummaryTable.docx as a Writer document -> /tmp/pdfgen-6ppu87/Physics_Introduction_to_Space_Physics_SummaryTable.pdf using filter : writer_pdf_Export

Done. 590 converted, 0 failed.
  Grade 10: 7 subject(s), 85 sub-strand(s)
  Grade 11: 1 subject(s), 10 sub-strand(s)
Wrote /home/markk/ares/cbe-generation-system/data/outputs/v2/PDF/index.html
8 section(s) across 2 grade(s), 95 sub-strand(s), 380 document(s) indexed.
