Generating 95 sub-strands...

─── bio_1_1 ───
Generating Biology — BIOLOGY GRADE 10: CELL STRUCTURE
  Output: v2/Biology/SS1.1_Cell_Structure
    Saved: /home/markk/ares/cbe-generation-system/data/outputs/v2/Biology/SS1.1_Cell_Structure/Biology_Cell_Structure_CBE_LessonSequence.docx  (147 KB)
    Saved: /home/markk/ares/cbe-generation-system/data/outputs/v2/Biology/SS1.1_Cell_Structure/Biology_Cell_Structure_FinalExplanation.docx  (13 KB)
    Saved: /home/markk/ares/cbe-generation-system/data/outputs/v2/Biology/SS1.1_Cell_Structure/Biology_Cell_Structure_FinalExplanation_TeacherKey.docx  (15 KB)
    Saved: /home/markk/ares/cbe-generation-system/data/outputs/v2/Biology/SS1.1_Cell_Structure/Biology_Cell_Structure_SummaryTable.docx  (17 KB)
    Saved: /home/markk/ares/cbe-generation-system/data/outputs/v2/Biology/SS1.1_Cell_Structure/Biology_Cell_Structure_data.json  (530 KB)
Done! 5 file(s) in 1.9s
  Link check: PASS hard failures: T1=0  T2=0  T3=0  T4=0  DEAD=0  SHAPE=0
  Consistency check: FAIL
validate_consistency: 1 file(s)
  hard failures: FE-UNVERIFIED=1
  warnings: 0
  FAIL FE-UNVERIFIED data/outputs/v2/Biology/SS1.1_Cell_Structure/Biology_Cell_Structure_data.json: reviewer found unresolved contradictions (logs/final_explanation_issues/bio_1_1.json)


─── bio_1_2 ───
Generating Biology — BIOLOGY GRADE 10: CHEMICALS OF LIFE
  Output: v2/Biology/SS1.2_Chemicals_of_Life
    Saved: /home/markk/ares/cbe-generation-system/data/outputs/v2/Biology/SS1.2_Chemicals_of_Life/Biology_Chemicals_of_Life_CBE_LessonSequence.docx  (87 KB)
    Saved: /home/markk/ares/cbe-generation-system/data/outputs/v2/Biology/SS1.2_Chemicals_of_Life/Biology_Chemicals_of_Life_FinalExplanation.docx  (13 KB)
    Saved: /home/markk/ares/cbe-generation-system/data/outputs/v2/Biology/SS1.2_Chemicals_of_Life/Biology_Chemicals_of_Life_FinalExplanation_TeacherKey.docx  (15 KB)
    Saved: /home/markk/ares/cbe-generation-system/data/outputs/v2/Biology/SS1.2_Chemicals_of_Life/Biology_Chemicals_of_Life_SummaryTable.docx  (14 KB)
    Saved: /home/markk/ares/cbe-generation-system/data/outputs/v2/Biology/SS1.2_Chemicals_of_Life/Biology_Chemicals_of_Life_data.json  (296 KB)
Done! 5 file(s) in 0.9s
  Link check: PASS hard failures: T1=0  T2=0  T3=0  T4=0  DEAD=0  SHAPE=0
  Consistency check: FAIL
validate_consistency: 1 file(s)
  hard failures: FE-UNVERIFIED=1
  warnings: 0
  FAIL FE-UNVERIFIED data/outputs/v2/Biology/SS1.2_Chemicals_of_Life/Biology_Chemicals_of_Life_data.json: reviewer found unresolved contradictions (logs/final_explanation_issues/bio_1_2.json)


─── bio_1_3 ───
Generating Biology — BIOLOGY GRADE 10: CELL BIOLOGY
  Output: v2/Biology/SS1.3_Cell_Biology
    Saved: /home/markk/ares/cbe-generation-system/data/outputs/v2/Biology/SS1.3_Cell_Biology/Biology_Cell_Biology_CBE_LessonSequence.docx  (114 KB)
    Saved: /home/markk/ares/cbe-generation-system/data/outputs/v2/Biology/SS1.3_Cell_Biology/Biology_Cell_Biology_FinalExplanation.docx  (13 KB)
    Saved: /home/markk/ares/cbe-generation-system/data/outputs/v2/Biology/SS1.3_Cell_Biology/Biology_Cell_Biology_FinalExplanation_TeacherKey.docx  (14 KB)
    Saved: /home/markk/ares/cbe-generation-system/data/outputs/v2/Biology/SS1.3_Cell_Biology/Biology_Cell_Biology_SummaryTable.docx  (16 KB)
    Saved: /home/markk/ares/cbe-generation-system/data/outputs/v2/Biology/SS1.3_Cell_Biology/Biology_Cell_Biology_data.json  (389 KB)
Done! 5 file(s) in 1.3s
  Link check: PASS hard failures: T1=0  T2=0  T3=0  T4=0  DEAD=0  SHAPE=0
  Consistency check: FAIL
validate_consistency: 1 file(s)
  hard failures: FE-UNVERIFIED=1
  warnings: 0
  FAIL FE-UNVERIFIED data/outputs/v2/Biology/SS1.3_Cell_Biology/Biology_Cell_Biology_data.json: reviewer found unresolved contradictions (logs/final_explanation_issues/bio_1_3.json)


─── bio_2_1 ───
Generating Biology — BIOLOGY GRADE 10: PLANT NUTRITION
  Output: v2/Biology/SS2.1_Plant_Nutrition
    Saved: /home/markk/ares/cbe-generation-system/data/outputs/v2/Biology/SS2.1_Plant_Nutrition/Biology_Plant_Nutrition_CBE_LessonSequence.docx  (127 KB)
    Saved: /home/markk/ares/cbe-generation-system/data/outputs/v2/Biology/SS2.1_Plant_Nutrition/Biology_Plant_Nutrition_FinalExplanation.docx  (13 KB)
    Saved: /home/markk/ares/cbe-generation-system/data/outputs/v2/Biology/SS2.1_Plant_Nutrition/Biology_Plant_Nutrition_FinalExplanation_TeacherKey.docx  (15 KB)
    Saved: /home/markk/ares/cbe-generation-system/data/outputs/v2/Biology/SS2.1_Plant_Nutrition/Biology_Plant_Nutrition_SummaryTable.docx  (16 KB)
    Saved: /home/markk/ares/cbe-generation-system/data/outputs/v2/Biology/SS2.1_Plant_Nutrition/Biology_Plant_Nutrition_data.json  (425 KB)
Done! 5 file(s) in 1.6s
  Link check: PASS hard failures: T1=0  T2=0  T3=0  T4=0  DEAD=0  SHAPE=0
  Consistency check: PASS hard failures: none

─── bio_2_2 ───
Generating Biology — BIOLOGY GRADE 10: PLANT TRANSPORT
  Output: v2/Biology/SS2.2_Plant_Transport
    Saved: /home/markk/ares/cbe-generation-system/data/outputs/v2/Biology/SS2.2_Plant_Transport/Biology_Plant_Transport_CBE_LessonSequence.docx  (112 KB)
    Saved: /home/markk/ares/cbe-generation-system/data/outputs/v2/Biology/SS2.2_Plant_Transport/Biology_Plant_Transport_FinalExplanation.docx  (14 KB)
    Saved: /home/markk/ares/cbe-generation-system/data/outputs/v2/Biology/SS2.2_Plant_Transport/Biology_Plant_Transport_FinalExplanation_TeacherKey.docx  (16 KB)
    Saved: /home/markk/ares/cbe-generation-system/data/outputs/v2/Biology/SS2.2_Plant_Transport/Biology_Plant_Transport_SummaryTable.docx  (16 KB)
    Saved: /home/markk/ares/cbe-generation-system/data/outputs/v2/Biology/SS2.2_Plant_Transport/Biology_Plant_Transport_data.json  (358 KB)
Done! 5 file(s) in 1.3s
  Link check: PASS hard failures: T1=0  T2=0  T3=0  T4=0  DEAD=0  SHAPE=0
  Consistency check: FAIL
validate_consistency: 1 file(s)
  hard failures: FE-UNVERIFIED=1
  warnings: 2
  WARN FE-NUMBERS data/outputs/v2/Biology/SS2.2_Plant_Transport/Biology_Plant_Transport_data.json: table row '| Tap water | 50 | 53 |' shares no number with the lessons
  WARN FE-NUMBERS data/outputs/v2/Biology/SS2.2_Plant_Transport/Biology_Plant_Transport_data.json: table row '| Heat (lamp) | 26 | 13 |' shares no number with the lessons
  FAIL FE-UNVERIFIED data/outputs/v2/Biology/SS2.2_Plant_Transport/Biology_Plant_Transport_data.json: reviewer found unresolved contradictions (logs/final_explanation_issues/bio_2_2.json)


─── bio_2_3 ───
Generating Biology — BIOLOGY GRADE 10: PLANT GASEOUS EXCHANGE AND RESPIRATION
  Output: v2/Biology/SS2.3_Plant_Gaseous_Exchange_and_Respiration
    Saved: /home/markk/ares/cbe-generation-system/data/outputs/v2/Biology/SS2.3_Plant_Gaseous_Exchange_and_Respiration/Biology_Plant_Gaseous_Exchange_and_Respiration_CBE_LessonSequence.docx  (148 KB)
    Saved: /home/markk/ares/cbe-generation-system/data/outputs/v2/Biology/SS2.3_Plant_Gaseous_Exchange_and_Respiration/Biology_Plant_Gaseous_Exchange_and_Respiration_FinalExplanation.docx  (13 KB)
    Saved: /home/markk/ares/cbe-generation-system/data/outputs/v2/Biology/SS2.3_Plant_Gaseous_Exchange_and_Respiration/Biology_Plant_Gaseous_Exchange_and_Respiration_FinalExplanation_TeacherKey.docx  (15 KB)
    Saved: /home/markk/ares/cbe-generation-system/data/outputs/v2/Biology/SS2.3_Plant_Gaseous_Exchange_and_Respiration/Biology_Plant_Gaseous_Exchange_and_Respiration_SummaryTable.docx  (18 KB)
    Saved: /home/markk/ares/cbe-generation-system/data/outputs/v2/Biology/SS2.3_Plant_Gaseous_Exchange_and_Respiration/Biology_Plant_Gaseous_Exchange_and_Respiration_data.json  (503 KB)
Done! 5 file(s) in 1.9s
  Link check: PASS hard failures: T1=0  T2=0  T3=0  T4=0  DEAD=0  SHAPE=0
  Consistency check: FAIL
validate_consistency: 1 file(s)
  hard failures: FE-UNVERIFIED=1
  warnings: 0
  FAIL FE-UNVERIFIED data/outputs/v2/Biology/SS2.3_Plant_Gaseous_Exchange_and_Respiration/Biology_Plant_Gaseous_Exchange_and_Respiration_data.json: reviewer found unresolved contradictions (logs/final_explanation_issues/bio_2_3.json)


─── bio_3_1 ───
Generating Biology — BIOLOGY GRADE 10: ANIMAL NUTRITION
  Output: v2/Biology/SS3.1_Animal_Nutrition
    Saved: /home/markk/ares/cbe-generation-system/data/outputs/v2/Biology/SS3.1_Animal_Nutrition/Biology_Animal_Nutrition_CBE_LessonSequence.docx  (122 KB)
    Saved: /home/markk/ares/cbe-generation-system/data/outputs/v2/Biology/SS3.1_Animal_Nutrition/Biology_Animal_Nutrition_FinalExplanation.docx  (13 KB)
    Saved: /home/markk/ares/cbe-generation-system/data/outputs/v2/Biology/SS3.1_Animal_Nutrition/Biology_Animal_Nutrition_FinalExplanation_TeacherKey.docx  (17 KB)
    Saved: /home/markk/ares/cbe-generation-system/data/outputs/v2/Biology/SS3.1_Animal_Nutrition/Biology_Animal_Nutrition_SummaryTable.docx  (17 KB)
    Saved: /home/markk/ares/cbe-generation-system/data/outputs/v2/Biology/SS3.1_Animal_Nutrition/Biology_Animal_Nutrition_data.json  (343 KB)
Done! 5 file(s) in 1.5s
  Link check: PASS hard failures: T1=0  T2=0  T3=0  T4=0  DEAD=0  SHAPE=0
  Consistency check: FAIL
validate_consistency: 1 file(s)
  hard failures: FE-UNVERIFIED=1
  warnings: 0
  FAIL FE-UNVERIFIED data/outputs/v2/Biology/SS3.1_Animal_Nutrition/Biology_Animal_Nutrition_data.json: reviewer found unresolved contradictions (logs/final_explanation_issues/bio_3_1.json)


─── bio_3_2 ───
Generating Biology — BIOLOGY GRADE 10: ANIMAL TRANSPORT
  Output: v2/Biology/SS3.2_Animal_Transport
    Saved: /home/markk/ares/cbe-generation-system/data/outputs/v2/Biology/SS3.2_Animal_Transport/Biology_Animal_Transport_CBE_LessonSequence.docx  (150 KB)
    Saved: /home/markk/ares/cbe-generation-system/data/outputs/v2/Biology/SS3.2_Animal_Transport/Biology_Animal_Transport_FinalExplanation.docx  (13 KB)
    Saved: /home/markk/ares/cbe-generation-system/data/outputs/v2/Biology/SS3.2_Animal_Transport/Biology_Animal_Transport_FinalExplanation_TeacherKey.docx  (15 KB)
    Saved: /home/markk/ares/cbe-generation-system/data/outputs/v2/Biology/SS3.2_Animal_Transport/Biology_Animal_Transport_SummaryTable.docx  (19 KB)
    Saved: /home/markk/ares/cbe-generation-system/data/outputs/v2/Biology/SS3.2_Animal_Transport/Biology_Animal_Transport_data.json  (431 KB)
Done! 5 file(s) in 2.0s
  Link check: PASS hard failures: T1=0  T2=0  T3=0  T4=0  DEAD=0  SHAPE=0
  Consistency check: PASS hard failures: none

─── bio_3_3 ───
Generating Biology — BIOLOGY GRADE 10: ANIMAL GASEOUS EXCHANGE AND RESPIRATION
  Output: v2/Biology/SS3.3_Animal_Gaseous_Exchange_and_Respiration
    Saved: /home/markk/ares/cbe-generation-system/data/outputs/v2/Biology/SS3.3_Animal_Gaseous_Exchange_and_Respiration/Biology_Animal_Gaseous_Exchange_and_Respiration_CBE_LessonSequence.docx  (154 KB)
    Saved: /home/markk/ares/cbe-generation-system/data/outputs/v2/Biology/SS3.3_Animal_Gaseous_Exchange_and_Respiration/Biology_Animal_Gaseous_Exchange_and_Respiration_FinalExplanation.docx  (13 KB)
    Saved: /home/markk/ares/cbe-generation-system/data/outputs/v2/Biology/SS3.3_Animal_Gaseous_Exchange_and_Respiration/Biology_Animal_Gaseous_Exchange_and_Respiration_FinalExplanation_TeacherKey.docx  (14 KB)
    Saved: /home/markk/ares/cbe-generation-system/data/outputs/v2/Biology/SS3.3_Animal_Gaseous_Exchange_and_Respiration/Biology_Animal_Gaseous_Exchange_and_Respiration_SummaryTable.docx  (18 KB)
    Saved: /home/markk/ares/cbe-generation-system/data/outputs/v2/Biology/SS3.3_Animal_Gaseous_Exchange_and_Respiration/Biology_Animal_Gaseous_Exchange_and_Respiration_data.json  (492 KB)
Done! 5 file(s) in 2.0s
  Link check: PASS hard failures: T1=0  T2=0  T3=0  T4=0  DEAD=0  SHAPE=0
  Consistency check: FAIL
validate_consistency: 1 file(s)
  hard failures: FE-UNVERIFIED=1
  warnings: 0
  FAIL FE-UNVERIFIED data/outputs/v2/Biology/SS3.3_Animal_Gaseous_Exchange_and_Respiration/Biology_Animal_Gaseous_Exchange_and_Respiration_data.json: reviewer found unresolved contradictions (logs/final_explanation_issues/bio_3_3.json)


─── chem_1_1 ───
Generating Chemistry — CHEMISTRY GRADE 10: INTRODUCTION TO CHEMISTRY
  Output: v2/Chemistry/SS1.1_Introduction_to_Chemistry
    Saved: /home/markk/ares/cbe-generation-system/data/outputs/v2/Chemistry/SS1.1_Introduction_to_Chemistry/Chemistry_Introduction_to_Chemistry_CBE_LessonSequence.docx  (129 KB)
    Saved: /home/markk/ares/cbe-generation-system/data/outputs/v2/Chemistry/SS1.1_Introduction_to_Chemistry/Chemistry_Introduction_to_Chemistry_FinalExplanation.docx  (13 KB)
    Saved: /home/markk/ares/cbe-generation-system/data/outputs/v2/Chemistry/SS1.1_Introduction_to_Chemistry/Chemistry_Introduction_to_Chemistry_FinalExplanation_TeacherKey.docx  (15 KB)
    Saved: /home/markk/ares/cbe-generation-system/data/outputs/v2/Chemistry/SS1.1_Introduction_to_Chemistry/Chemistry_Introduction_to_Chemistry_SummaryTable.docx  (17 KB)
    Saved: /home/markk/ares/cbe-generation-system/data/outputs/v2/Chemistry/SS1.1_Introduction_to_Chemistry/Chemistry_Introduction_to_Chemistry_data.json  (391 KB)
Done! 5 file(s) in 1.7s
  Link check: PASS hard failures: T1=0  T2=0  T3=0  T4=0  DEAD=0  SHAPE=0
  Consistency check: FAIL
validate_consistency: 1 file(s)
  hard failures: FE-UNVERIFIED=1
  warnings: 0
  FAIL FE-UNVERIFIED data/outputs/v2/Chemistry/SS1.1_Introduction_to_Chemistry/Chemistry_Introduction_to_Chemistry_data.json: reviewer found unresolved contradictions (logs/final_explanation_issues/chem_1_1.json)


─── chem_1_2 ───
Generating Chemistry — CHEMISTRY GRADE 10: THE ATOM
  Output: v2/Chemistry/SS1.2_The_Atom
    Saved: /home/markk/ares/cbe-generation-system/data/outputs/v2/Chemistry/SS1.2_The_Atom/Chemistry_The_Atom_CBE_LessonSequence.docx  (116 KB)
    Saved: /home/markk/ares/cbe-generation-system/data/outputs/v2/Chemistry/SS1.2_The_Atom/Chemistry_The_Atom_FinalExplanation.docx  (13 KB)
    Saved: /home/markk/ares/cbe-generation-system/data/outputs/v2/Chemistry/SS1.2_The_Atom/Chemistry_The_Atom_FinalExplanation_TeacherKey.docx  (15 KB)
    Saved: /home/markk/ares/cbe-generation-system/data/outputs/v2/Chemistry/SS1.2_The_Atom/Chemistry_The_Atom_SummaryTable.docx  (16 KB)
    Saved: /home/markk/ares/cbe-generation-system/data/outputs/v2/Chemistry/SS1.2_The_Atom/Chemistry_The_Atom_data.json  (409 KB)
Done! 5 file(s) in 1.5s
  Link check: PASS hard failures: T1=0  T2=0  T3=0  T4=0  DEAD=0  SHAPE=0
  Consistency check: FAIL
validate_consistency: 1 file(s)
  hard failures: FE-UNVERIFIED=1
  warnings: 0
  FAIL FE-UNVERIFIED data/outputs/v2/Chemistry/SS1.2_The_Atom/Chemistry_The_Atom_data.json: reviewer found unresolved contradictions (logs/final_explanation_issues/chem_1_2.json)


─── chem_1_3 ───
Generating Chemistry — CHEMISTRY GRADE 10: THE PERIODIC TABLE
  Output: v2/Chemistry/SS1.3_The_Periodic_Table
    Saved: /home/markk/ares/cbe-generation-system/data/outputs/v2/Chemistry/SS1.3_The_Periodic_Table/Chemistry_The_Periodic_Table_CBE_LessonSequence.docx  (127 KB)
    Saved: /home/markk/ares/cbe-generation-system/data/outputs/v2/Chemistry/SS1.3_The_Periodic_Table/Chemistry_The_Periodic_Table_FinalExplanation.docx  (13 KB)
    Saved: /home/markk/ares/cbe-generation-system/data/outputs/v2/Chemistry/SS1.3_The_Periodic_Table/Chemistry_The_Periodic_Table_FinalExplanation_TeacherKey.docx  (15 KB)
    Saved: /home/markk/ares/cbe-generation-system/data/outputs/v2/Chemistry/SS1.3_The_Periodic_Table/Chemistry_The_Periodic_Table_SummaryTable.docx  (16 KB)
    Saved: /home/markk/ares/cbe-generation-system/data/outputs/v2/Chemistry/SS1.3_The_Periodic_Table/Chemistry_The_Periodic_Table_data.json  (453 KB)
Done! 5 file(s) in 1.7s
  Link check: PASS hard failures: T1=0  T2=0  T3=0  T4=0  DEAD=0  SHAPE=0
  Consistency check: PASS hard failures: none

─── chem_1_4 ───
Generating Chemistry — CHEMISTRY GRADE 10: CHEMICAL BONDING
  Output: v2/Chemistry/SS1.4_Chemical_Bonding
    Saved: /home/markk/ares/cbe-generation-system/data/outputs/v2/Chemistry/SS1.4_Chemical_Bonding/Chemistry_Chemical_Bonding_CBE_LessonSequence.docx  (166 KB)
    Saved: /home/markk/ares/cbe-generation-system/data/outputs/v2/Chemistry/SS1.4_Chemical_Bonding/Chemistry_Chemical_Bonding_FinalExplanation.docx  (13 KB)
    Saved: /home/markk/ares/cbe-generation-system/data/outputs/v2/Chemistry/SS1.4_Chemical_Bonding/Chemistry_Chemical_Bonding_FinalExplanation_TeacherKey.docx  (15 KB)
    Saved: /home/markk/ares/cbe-generation-system/data/outputs/v2/Chemistry/SS1.4_Chemical_Bonding/Chemistry_Chemical_Bonding_SummaryTable.docx  (19 KB)
    Saved: /home/markk/ares/cbe-generation-system/data/outputs/v2/Chemistry/SS1.4_Chemical_Bonding/Chemistry_Chemical_Bonding_data.json  (587 KB)
Done! 5 file(s) in 2.2s
  Link check: PASS hard failures: T1=0  T2=0  T3=0  T4=0  DEAD=0  SHAPE=0
  Consistency check: FAIL
validate_consistency: 1 file(s)
  hard failures: FE-UNVERIFIED=1
  warnings: 0
  FAIL FE-UNVERIFIED data/outputs/v2/Chemistry/SS1.4_Chemical_Bonding/Chemistry_Chemical_Bonding_data.json: reviewer found unresolved contradictions (logs/final_explanation_issues/chem_1_4.json)


─── chem_1_5 ───
Generating Chemistry — CHEMISTRY GRADE 10: PERIODICITY
  Output: v2/Chemistry/SS1.5_Periodicity
    Saved: /home/markk/ares/cbe-generation-system/data/outputs/v2/Chemistry/SS1.5_Periodicity/Chemistry_Periodicity_CBE_LessonSequence.docx  (105 KB)
    Saved: /home/markk/ares/cbe-generation-system/data/outputs/v2/Chemistry/SS1.5_Periodicity/Chemistry_Periodicity_FinalExplanation.docx  (14 KB)
    Saved: /home/markk/ares/cbe-generation-system/data/outputs/v2/Chemistry/SS1.5_Periodicity/Chemistry_Periodicity_FinalExplanation_TeacherKey.docx  (16 KB)
    Saved: /home/markk/ares/cbe-generation-system/data/outputs/v2/Chemistry/SS1.5_Periodicity/Chemistry_Periodicity_SummaryTable.docx  (16 KB)
    Saved: /home/markk/ares/cbe-generation-system/data/outputs/v2/Chemistry/SS1.5_Periodicity/Chemistry_Periodicity_data.json  (353 KB)
Done! 5 file(s) in 1.3s
  Link check: PASS hard failures: T1=0  T2=0  T3=0  T4=0  DEAD=0  SHAPE=0
  Consistency check: FAIL
validate_consistency: 1 file(s)
  hard failures: FE-UNVERIFIED=1
  warnings: 0
  FAIL FE-UNVERIFIED data/outputs/v2/Chemistry/SS1.5_Periodicity/Chemistry_Periodicity_data.json: reviewer found unresolved contradictions (logs/final_explanation_issues/chem_1_5.json)


─── chem_2_1 ───
Generating Chemistry — CHEMISTRY GRADE 10: INTRODUCTION TO SALTS
  Output: v2/Chemistry/SS2.1_Introduction_to_Salts
    Saved: /home/markk/ares/cbe-generation-system/data/outputs/v2/Chemistry/SS2.1_Introduction_to_Salts/Chemistry_Introduction_to_Salts_CBE_LessonSequence.docx  (109 KB)
    Saved: /home/markk/ares/cbe-generation-system/data/outputs/v2/Chemistry/SS2.1_Introduction_to_Salts/Chemistry_Introduction_to_Salts_FinalExplanation.docx  (13 KB)
    Saved: /home/markk/ares/cbe-generation-system/data/outputs/v2/Chemistry/SS2.1_Introduction_to_Salts/Chemistry_Introduction_to_Salts_FinalExplanation_TeacherKey.docx  (15 KB)
    Saved: /home/markk/ares/cbe-generation-system/data/outputs/v2/Chemistry/SS2.1_Introduction_to_Salts/Chemistry_Introduction_to_Salts_SummaryTable.docx  (16 KB)
    Saved: /home/markk/ares/cbe-generation-system/data/outputs/v2/Chemistry/SS2.1_Introduction_to_Salts/Chemistry_Introduction_to_Salts_data.json  (345 KB)
Done! 5 file(s) in 1.3s
  Link check: PASS hard failures: T1=0  T2=0  T3=0  T4=0  DEAD=0  SHAPE=0
  Consistency check: FAIL
validate_consistency: 1 file(s)
  hard failures: FE-UNVERIFIED=1
  warnings: 0
  FAIL FE-UNVERIFIED data/outputs/v2/Chemistry/SS2.1_Introduction_to_Salts/Chemistry_Introduction_to_Salts_data.json: reviewer found unresolved contradictions (logs/final_explanation_issues/chem_2_1.json)


─── chem_3_1 ───
Generating Chemistry — CHEMISTRY GRADE 10: ACIDS AND BASES
  Output: v2/Chemistry/SS3.1_Acids_and_Bases
    Saved: /home/markk/ares/cbe-generation-system/data/outputs/v2/Chemistry/SS3.1_Acids_and_Bases/Chemistry_Acids_and_Bases_CBE_LessonSequence.docx  (140 KB)
    Saved: /home/markk/ares/cbe-generation-system/data/outputs/v2/Chemistry/SS3.1_Acids_and_Bases/Chemistry_Acids_and_Bases_FinalExplanation.docx  (13 KB)
    Saved: /home/markk/ares/cbe-generation-system/data/outputs/v2/Chemistry/SS3.1_Acids_and_Bases/Chemistry_Acids_and_Bases_FinalExplanation_TeacherKey.docx  (15 KB)
    Saved: /home/markk/ares/cbe-generation-system/data/outputs/v2/Chemistry/SS3.1_Acids_and_Bases/Chemistry_Acids_and_Bases_SummaryTable.docx  (18 KB)
    Saved: /home/markk/ares/cbe-generation-system/data/outputs/v2/Chemistry/SS3.1_Acids_and_Bases/Chemistry_Acids_and_Bases_data.json  (483 KB)
Done! 5 file(s) in 1.7s
  Link check: PASS hard failures: T1=0  T2=0  T3=0  T4=0  DEAD=0  SHAPE=0
  Consistency check: FAIL
validate_consistency: 1 file(s)
  hard failures: FE-UNVERIFIED=1
  warnings: 0
  FAIL FE-UNVERIFIED data/outputs/v2/Chemistry/SS3.1_Acids_and_Bases/Chemistry_Acids_and_Bases_data.json: reviewer found unresolved contradictions (logs/final_explanation_issues/chem_3_1.json)


─── coremath_1_1 ───
Generating Core Mathematics — CORE MATHEMATICS GRADE 10: REAL NUMBERS
  Output: v2/Core_Mathematics/SS1.1_Real_Numbers
    Saved: /home/markk/ares/cbe-generation-system/data/outputs/v2/Core_Mathematics/SS1.1_Real_Numbers/Core_Mathematics_Real_Numbers_CBE_LessonSequence.docx  (110 KB)
    Saved: /home/markk/ares/cbe-generation-system/data/outputs/v2/Core_Mathematics/SS1.1_Real_Numbers/Core_Mathematics_Real_Numbers_FinalExplanation.docx  (13 KB)
    Saved: /home/markk/ares/cbe-generation-system/data/outputs/v2/Core_Mathematics/SS1.1_Real_Numbers/Core_Mathematics_Real_Numbers_FinalExplanation_TeacherKey.docx  (14 KB)
    Saved: /home/markk/ares/cbe-generation-system/data/outputs/v2/Core_Mathematics/SS1.1_Real_Numbers/Core_Mathematics_Real_Numbers_SummaryTable.docx  (15 KB)
    Saved: /home/markk/ares/cbe-generation-system/data/outputs/v2/Core_Mathematics/SS1.1_Real_Numbers/Core_Mathematics_Real_Numbers_data.json  (378 KB)
Done! 5 file(s) in 1.4s
  Link check: PASS hard failures: T1=0  T2=0  T3=0  T4=0  DEAD=0  SHAPE=0
  Consistency check: PASS hard failures: none

─── coremath_1_2 ───
Generating Core Mathematics — CORE MATHEMATICS GRADE 10: INDICES AND LOGARITHMS
  Output: v2/Core_Mathematics/SS1.2_Indices_and_Logarithms
    Saved: /home/markk/ares/cbe-generation-system/data/outputs/v2/Core_Mathematics/SS1.2_Indices_and_Logarithms/Core_Mathematics_Indices_and_Logarithms_CBE_LessonSequence.docx  (114 KB)
    Saved: /home/markk/ares/cbe-generation-system/data/outputs/v2/Core_Mathematics/SS1.2_Indices_and_Logarithms/Core_Mathematics_Indices_and_Logarithms_FinalExplanation.docx  (13 KB)
    Saved: /home/markk/ares/cbe-generation-system/data/outputs/v2/Core_Mathematics/SS1.2_Indices_and_Logarithms/Core_Mathematics_Indices_and_Logarithms_FinalExplanation_TeacherKey.docx  (15 KB)
    Saved: /home/markk/ares/cbe-generation-system/data/outputs/v2/Core_Mathematics/SS1.2_Indices_and_Logarithms/Core_Mathematics_Indices_and_Logarithms_SummaryTable.docx  (16 KB)
    Saved: /home/markk/ares/cbe-generation-system/data/outputs/v2/Core_Mathematics/SS1.2_Indices_and_Logarithms/Core_Mathematics_Indices_and_Logarithms_data.json  (392 KB)
Done! 5 file(s) in 1.3s
  Link check: PASS hard failures: T1=0  T2=0  T3=0  T4=0  DEAD=0  SHAPE=0
  Consistency check: FAIL
validate_consistency: 1 file(s)
  hard failures: FE-UNVERIFIED=1
  warnings: 0
  FAIL FE-UNVERIFIED data/outputs/v2/Core_Mathematics/SS1.2_Indices_and_Logarithms/Core_Mathematics_Indices_and_Logarithms_data.json: reviewer found unresolved contradictions (logs/final_explanation_issues/coremath_1_2.json)


─── coremath_1_3 ───
Generating Core Mathematics — CORE MATHEMATICS GRADE 10: QUADRATIC EXPRESSIONS AND EQUATIONS
  Output: v2/Core_Mathematics/SS1.3_Quadratic_Expressions_and_Equations
    Saved: /home/markk/ares/cbe-generation-system/data/outputs/v2/Core_Mathematics/SS1.3_Quadratic_Expressions_and_Equations/Core_Mathematics_Quadratic_Expressions_and_Equations_CBE_LessonSequence.docx  (107 KB)
    Saved: /home/markk/ares/cbe-generation-system/data/outputs/v2/Core_Mathematics/SS1.3_Quadratic_Expressions_and_Equations/Core_Mathematics_Quadratic_Expressions_and_Equations_FinalExplanation.docx  (13 KB)
    Saved: /home/markk/ares/cbe-generation-system/data/outputs/v2/Core_Mathematics/SS1.3_Quadratic_Expressions_and_Equations/Core_Mathematics_Quadratic_Expressions_and_Equations_FinalExplanation_TeacherKey.docx  (15 KB)
    Saved: /home/markk/ares/cbe-generation-system/data/outputs/v2/Core_Mathematics/SS1.3_Quadratic_Expressions_and_Equations/Core_Mathematics_Quadratic_Expressions_and_Equations_SummaryTable.docx  (15 KB)
    Saved: /home/markk/ares/cbe-generation-system/data/outputs/v2/Core_Mathematics/SS1.3_Quadratic_Expressions_and_Equations/Core_Mathematics_Quadratic_Expressions_and_Equations_data.json  (375 KB)
Done! 5 file(s) in 1.5s
  Link check: PASS hard failures: T1=0  T2=0  T3=0  T4=0  DEAD=0  SHAPE=0
  Consistency check: PASS hard failures: none

─── coremath_2_1 ───
Generating Core Mathematics — CORE MATHEMATICS GRADE 10: SIMILARITY AND ENLARGEMENT
  Output: v2/Core_Mathematics/SS2.1_Similarity_and_Enlargement
    Saved: /home/markk/ares/cbe-generation-system/data/outputs/v2/Core_Mathematics/SS2.1_Similarity_and_Enlargement/Core_Mathematics_Similarity_and_Enlargement_CBE_LessonSequence.docx  (101 KB)
    Saved: /home/markk/ares/cbe-generation-system/data/outputs/v2/Core_Mathematics/SS2.1_Similarity_and_Enlargement/Core_Mathematics_Similarity_and_Enlargement_FinalExplanation.docx  (13 KB)
    Saved: /home/markk/ares/cbe-generation-system/data/outputs/v2/Core_Mathematics/SS2.1_Similarity_and_Enlargement/Core_Mathematics_Similarity_and_Enlargement_FinalExplanation_TeacherKey.docx  (14 KB)
    Saved: /home/markk/ares/cbe-generation-system/data/outputs/v2/Core_Mathematics/SS2.1_Similarity_and_Enlargement/Core_Mathematics_Similarity_and_Enlargement_SummaryTable.docx  (15 KB)
    Saved: /home/markk/ares/cbe-generation-system/data/outputs/v2/Core_Mathematics/SS2.1_Similarity_and_Enlargement/Core_Mathematics_Similarity_and_Enlargement_data.json  (357 KB)
Done! 5 file(s) in 1.4s
  Link check: PASS hard failures: T1=0  T2=0  T3=0  T4=0  DEAD=0  SHAPE=0
  Consistency check: PASS hard failures: none

─── coremath_2_2 ───
Generating Core Mathematics — CORE MATHEMATICS GRADE 10: REFLECTION AND CONGRUENCE
  Output: v2/Core_Mathematics/SS2.2_Reflection_and_Congruence
    Saved: /home/markk/ares/cbe-generation-system/data/outputs/v2/Core_Mathematics/SS2.2_Reflection_and_Congruence/Core_Mathematics_Reflection_and_Congruence_CBE_LessonSequence.docx  (104 KB)
    Saved: /home/markk/ares/cbe-generation-system/data/outputs/v2/Core_Mathematics/SS2.2_Reflection_and_Congruence/Core_Mathematics_Reflection_and_Congruence_FinalExplanation.docx  (13 KB)
    Saved: /home/markk/ares/cbe-generation-system/data/outputs/v2/Core_Mathematics/SS2.2_Reflection_and_Congruence/Core_Mathematics_Reflection_and_Congruence_FinalExplanation_TeacherKey.docx  (14 KB)
    Saved: /home/markk/ares/cbe-generation-system/data/outputs/v2/Core_Mathematics/SS2.2_Reflection_and_Congruence/Core_Mathematics_Reflection_and_Congruence_SummaryTable.docx  (15 KB)
    Saved: /home/markk/ares/cbe-generation-system/data/outputs/v2/Core_Mathematics/SS2.2_Reflection_and_Congruence/Core_Mathematics_Reflection_and_Congruence_data.json  (369 KB)
Done! 5 file(s) in 1.2s
  Link check: PASS hard failures: T1=0  T2=0  T3=0  T4=0  DEAD=0  SHAPE=0
  Consistency check: PASS hard failures: none

─── coremath_2_3 ───
Generating Core Mathematics — CORE MATHEMATICS GRADE 10: ROTATION
  Output: v2/Core_Mathematics/SS2.3_Rotation
    Saved: /home/markk/ares/cbe-generation-system/data/outputs/v2/Core_Mathematics/SS2.3_Rotation/Core_Mathematics_Rotation_CBE_LessonSequence.docx  (110 KB)
    Saved: /home/markk/ares/cbe-generation-system/data/outputs/v2/Core_Mathematics/SS2.3_Rotation/Core_Mathematics_Rotation_FinalExplanation.docx  (13 KB)
    Saved: /home/markk/ares/cbe-generation-system/data/outputs/v2/Core_Mathematics/SS2.3_Rotation/Core_Mathematics_Rotation_FinalExplanation_TeacherKey.docx  (15 KB)
    Saved: /home/markk/ares/cbe-generation-system/data/outputs/v2/Core_Mathematics/SS2.3_Rotation/Core_Mathematics_Rotation_SummaryTable.docx  (16 KB)
    Saved: /home/markk/ares/cbe-generation-system/data/outputs/v2/Core_Mathematics/SS2.3_Rotation/Core_Mathematics_Rotation_data.json  (392 KB)
Done! 5 file(s) in 1.3s
  Link check: PASS hard failures: T1=0  T2=0  T3=0  T4=0  DEAD=0  SHAPE=0
  Consistency check: PASS hard failures: none

─── coremath_2_4 ───
Generating Core Mathematics — CORE MATHEMATICS GRADE 10: TRIGONOMETRY 1
  Output: v2/Core_Mathematics/SS2.4_Trigonometry_1
    Saved: /home/markk/ares/cbe-generation-system/data/outputs/v2/Core_Mathematics/SS2.4_Trigonometry_1/Core_Mathematics_Trigonometry_1_CBE_LessonSequence.docx  (104 KB)
    Saved: /home/markk/ares/cbe-generation-system/data/outputs/v2/Core_Mathematics/SS2.4_Trigonometry_1/Core_Mathematics_Trigonometry_1_FinalExplanation.docx  (13 KB)
    Saved: /home/markk/ares/cbe-generation-system/data/outputs/v2/Core_Mathematics/SS2.4_Trigonometry_1/Core_Mathematics_Trigonometry_1_FinalExplanation_TeacherKey.docx  (15 KB)
    Saved: /home/markk/ares/cbe-generation-system/data/outputs/v2/Core_Mathematics/SS2.4_Trigonometry_1/Core_Mathematics_Trigonometry_1_SummaryTable.docx  (15 KB)
    Saved: /home/markk/ares/cbe-generation-system/data/outputs/v2/Core_Mathematics/SS2.4_Trigonometry_1/Core_Mathematics_Trigonometry_1_data.json  (363 KB)
Done! 5 file(s) in 1.4s
  Link check: PASS hard failures: T1=0  T2=0  T3=0  T4=0  DEAD=0  SHAPE=0
  Consistency check: PASS hard failures: none

─── coremath_2_5 ───
Generating Core Mathematics — CORE MATHEMATICS GRADE 10: AREA OF POLYGONS
  Output: v2/Core_Mathematics/SS2.5_Area_of_Polygons
    Saved: /home/markk/ares/cbe-generation-system/data/outputs/v2/Core_Mathematics/SS2.5_Area_of_Polygons/Core_Mathematics_Area_of_Polygons_CBE_LessonSequence.docx  (108 KB)
    Saved: /home/markk/ares/cbe-generation-system/data/outputs/v2/Core_Mathematics/SS2.5_Area_of_Polygons/Core_Mathematics_Area_of_Polygons_FinalExplanation.docx  (13 KB)
    Saved: /home/markk/ares/cbe-generation-system/data/outputs/v2/Core_Mathematics/SS2.5_Area_of_Polygons/Core_Mathematics_Area_of_Polygons_FinalExplanation_TeacherKey.docx  (14 KB)
    Saved: /home/markk/ares/cbe-generation-system/data/outputs/v2/Core_Mathematics/SS2.5_Area_of_Polygons/Core_Mathematics_Area_of_Polygons_SummaryTable.docx  (15 KB)
    Saved: /home/markk/ares/cbe-generation-system/data/outputs/v2/Core_Mathematics/SS2.5_Area_of_Polygons/Core_Mathematics_Area_of_Polygons_data.json  (357 KB)
Done! 5 file(s) in 1.3s
  Link check: PASS hard failures: T1=0  T2=0  T3=0  T4=0  DEAD=0  SHAPE=0
  Consistency check: PASS hard failures: none

─── coremath_2_6 ───
Generating Core Mathematics — CORE MATHEMATICS GRADE 10: AREA OF A PART OF A CIRCLE
  Output: v2/Core_Mathematics/SS2.6_Area_of_a_Part_of_a_Circle
    Saved: /home/markk/ares/cbe-generation-system/data/outputs/v2/Core_Mathematics/SS2.6_Area_of_a_Part_of_a_Circle/Core_Mathematics_Area_of_a_Part_of_a_Circle_CBE_LessonSequence.docx  (100 KB)
    Saved: /home/markk/ares/cbe-generation-system/data/outputs/v2/Core_Mathematics/SS2.6_Area_of_a_Part_of_a_Circle/Core_Mathematics_Area_of_a_Part_of_a_Circle_FinalExplanation.docx  (13 KB)
    Saved: /home/markk/ares/cbe-generation-system/data/outputs/v2/Core_Mathematics/SS2.6_Area_of_a_Part_of_a_Circle/Core_Mathematics_Area_of_a_Part_of_a_Circle_FinalExplanation_TeacherKey.docx  (14 KB)
    Saved: /home/markk/ares/cbe-generation-system/data/outputs/v2/Core_Mathematics/SS2.6_Area_of_a_Part_of_a_Circle/Core_Mathematics_Area_of_a_Part_of_a_Circle_SummaryTable.docx  (15 KB)
    Saved: /home/markk/ares/cbe-generation-system/data/outputs/v2/Core_Mathematics/SS2.6_Area_of_a_Part_of_a_Circle/Core_Mathematics_Area_of_a_Part_of_a_Circle_data.json  (321 KB)
Done! 5 file(s) in 1.2s
  Link check: PASS hard failures: T1=0  T2=0  T3=0  T4=0  DEAD=0  SHAPE=0
  Consistency check: PASS hard failures: none

─── coremath_2_7 ───
Generating Core Mathematics — CORE MATHEMATICS GRADE 10: SURFACE AREA AND VOLUME OF SOLIDS
  Output: v2/Core_Mathematics/SS2.7_Surface_Area_and_Volume_of_Solids
    Saved: /home/markk/ares/cbe-generation-system/data/outputs/v2/Core_Mathematics/SS2.7_Surface_Area_and_Volume_of_Solids/Core_Mathematics_Surface_Area_and_Volume_of_Solids_CBE_LessonSequence.docx  (107 KB)
    Saved: /home/markk/ares/cbe-generation-system/data/outputs/v2/Core_Mathematics/SS2.7_Surface_Area_and_Volume_of_Solids/Core_Mathematics_Surface_Area_and_Volume_of_Solids_FinalExplanation.docx  (13 KB)
    Saved: /home/markk/ares/cbe-generation-system/data/outputs/v2/Core_Mathematics/SS2.7_Surface_Area_and_Volume_of_Solids/Core_Mathematics_Surface_Area_and_Volume_of_Solids_FinalExplanation_TeacherKey.docx  (14 KB)
    Saved: /home/markk/ares/cbe-generation-system/data/outputs/v2/Core_Mathematics/SS2.7_Surface_Area_and_Volume_of_Solids/Core_Mathematics_Surface_Area_and_Volume_of_Solids_SummaryTable.docx  (16 KB)
    Saved: /home/markk/ares/cbe-generation-system/data/outputs/v2/Core_Mathematics/SS2.7_Surface_Area_and_Volume_of_Solids/Core_Mathematics_Surface_Area_and_Volume_of_Solids_data.json  (379 KB)
Done! 5 file(s) in 1.4s
  Link check: PASS hard failures: T1=0  T2=0  T3=0  T4=0  DEAD=0  SHAPE=0
  Consistency check: PASS hard failures: none

─── coremath_2_8 ───
Generating Core Mathematics — CORE MATHEMATICS GRADE 10: VECTORS
  Output: v2/Core_Mathematics/SS2.8_Vectors
    Saved: /home/markk/ares/cbe-generation-system/data/outputs/v2/Core_Mathematics/SS2.8_Vectors/Core_Mathematics_Vectors_CBE_LessonSequence.docx  (105 KB)
    Saved: /home/markk/ares/cbe-generation-system/data/outputs/v2/Core_Mathematics/SS2.8_Vectors/Core_Mathematics_Vectors_FinalExplanation.docx  (13 KB)
    Saved: /home/markk/ares/cbe-generation-system/data/outputs/v2/Core_Mathematics/SS2.8_Vectors/Core_Mathematics_Vectors_FinalExplanation_TeacherKey.docx  (14 KB)
    Saved: /home/markk/ares/cbe-generation-system/data/outputs/v2/Core_Mathematics/SS2.8_Vectors/Core_Mathematics_Vectors_SummaryTable.docx  (15 KB)
    Saved: /home/markk/ares/cbe-generation-system/data/outputs/v2/Core_Mathematics/SS2.8_Vectors/Core_Mathematics_Vectors_data.json  (368 KB)
Done! 5 file(s) in 1.3s
  Link check: PASS hard failures: T1=0  T2=0  T3=0  T4=0  DEAD=0  SHAPE=0
  Consistency check: FAIL
validate_consistency: 1 file(s)
  hard failures: FE-UNVERIFIED=1
  warnings: 0
  FAIL FE-UNVERIFIED data/outputs/v2/Core_Mathematics/SS2.8_Vectors/Core_Mathematics_Vectors_data.json: reviewer found unresolved contradictions (logs/final_explanation_issues/coremath_2_8.json)


─── coremath_2_9 ───
Generating Core Mathematics — CORE MATHEMATICS GRADE 10: LINEAR MOTION
  Output: v2/Core_Mathematics/SS2.9_Linear_Motion
    Saved: /home/markk/ares/cbe-generation-system/data/outputs/v2/Core_Mathematics/SS2.9_Linear_Motion/Core_Mathematics_Linear_Motion_CBE_LessonSequence.docx  (110 KB)
    Saved: /home/markk/ares/cbe-generation-system/data/outputs/v2/Core_Mathematics/SS2.9_Linear_Motion/Core_Mathematics_Linear_Motion_FinalExplanation.docx  (13 KB)
    Saved: /home/markk/ares/cbe-generation-system/data/outputs/v2/Core_Mathematics/SS2.9_Linear_Motion/Core_Mathematics_Linear_Motion_FinalExplanation_TeacherKey.docx  (15 KB)
    Saved: /home/markk/ares/cbe-generation-system/data/outputs/v2/Core_Mathematics/SS2.9_Linear_Motion/Core_Mathematics_Linear_Motion_SummaryTable.docx  (16 KB)
    Saved: /home/markk/ares/cbe-generation-system/data/outputs/v2/Core_Mathematics/SS2.9_Linear_Motion/Core_Mathematics_Linear_Motion_data.json  (386 KB)
Done! 5 file(s) in 1.4s
  Link check: PASS hard failures: T1=0  T2=0  T3=0  T4=0  DEAD=0  SHAPE=0
  Consistency check: FAIL
validate_consistency: 1 file(s)
  hard failures: FE-UNVERIFIED=1
  warnings: 0
  FAIL FE-UNVERIFIED data/outputs/v2/Core_Mathematics/SS2.9_Linear_Motion/Core_Mathematics_Linear_Motion_data.json: reviewer found unresolved contradictions (logs/final_explanation_issues/coremath_2_9.json)


─── coremath_3_1 ───
Generating Core Mathematics — CORE MATHEMATICS GRADE 10: STATISTICS I
  Output: v2/Core_Mathematics/SS3.1_Statistics_I
    Saved: /home/markk/ares/cbe-generation-system/data/outputs/v2/Core_Mathematics/SS3.1_Statistics_I/Core_Mathematics_Statistics_I_CBE_LessonSequence.docx  (107 KB)
    Saved: /home/markk/ares/cbe-generation-system/data/outputs/v2/Core_Mathematics/SS3.1_Statistics_I/Core_Mathematics_Statistics_I_FinalExplanation.docx  (13 KB)
    Saved: /home/markk/ares/cbe-generation-system/data/outputs/v2/Core_Mathematics/SS3.1_Statistics_I/Core_Mathematics_Statistics_I_FinalExplanation_TeacherKey.docx  (15 KB)
    Saved: /home/markk/ares/cbe-generation-system/data/outputs/v2/Core_Mathematics/SS3.1_Statistics_I/Core_Mathematics_Statistics_I_SummaryTable.docx  (15 KB)
    Saved: /home/markk/ares/cbe-generation-system/data/outputs/v2/Core_Mathematics/SS3.1_Statistics_I/Core_Mathematics_Statistics_I_data.json  (361 KB)
Done! 5 file(s) in 1.3s
  Link check: PASS hard failures: T1=0  T2=0  T3=0  T4=0  DEAD=0  SHAPE=0
  Consistency check: PASS hard failures: none

─── coremath_3_2 ───
Generating Core Mathematics — CORE MATHEMATICS GRADE 10: PROBABILITY I
  Output: v2/Core_Mathematics/SS3.2_Probability_I
    Saved: /home/markk/ares/cbe-generation-system/data/outputs/v2/Core_Mathematics/SS3.2_Probability_I/Core_Mathematics_Probability_I_CBE_LessonSequence.docx  (112 KB)
    Saved: /home/markk/ares/cbe-generation-system/data/outputs/v2/Core_Mathematics/SS3.2_Probability_I/Core_Mathematics_Probability_I_FinalExplanation.docx  (13 KB)
    Saved: /home/markk/ares/cbe-generation-system/data/outputs/v2/Core_Mathematics/SS3.2_Probability_I/Core_Mathematics_Probability_I_FinalExplanation_TeacherKey.docx  (14 KB)
    Saved: /home/markk/ares/cbe-generation-system/data/outputs/v2/Core_Mathematics/SS3.2_Probability_I/Core_Mathematics_Probability_I_SummaryTable.docx  (15 KB)
    Saved: /home/markk/ares/cbe-generation-system/data/outputs/v2/Core_Mathematics/SS3.2_Probability_I/Core_Mathematics_Probability_I_data.json  (386 KB)
Done! 5 file(s) in 1.4s
  Link check: PASS hard failures: T1=0  T2=0  T3=0  T4=0  DEAD=0  SHAPE=0
  Consistency check: PASS hard failures: none

─── essmath_1_1 ───
Generating Essential Mathematics — ESSENTIAL MATHEMATICS GRADE 10: REAL NUMBERS
  Output: v2/Essential_Mathematics/SS1.1_Real_Numbers
    Saved: /home/markk/ares/cbe-generation-system/data/outputs/v2/Essential_Mathematics/SS1.1_Real_Numbers/Essential_Mathematics_Real_Numbers_CBE_LessonSequence.docx  (101 KB)
    Saved: /home/markk/ares/cbe-generation-system/data/outputs/v2/Essential_Mathematics/SS1.1_Real_Numbers/Essential_Mathematics_Real_Numbers_FinalExplanation.docx  (13 KB)
    Saved: /home/markk/ares/cbe-generation-system/data/outputs/v2/Essential_Mathematics/SS1.1_Real_Numbers/Essential_Mathematics_Real_Numbers_FinalExplanation_TeacherKey.docx  (14 KB)
    Saved: /home/markk/ares/cbe-generation-system/data/outputs/v2/Essential_Mathematics/SS1.1_Real_Numbers/Essential_Mathematics_Real_Numbers_SummaryTable.docx  (15 KB)
    Saved: /home/markk/ares/cbe-generation-system/data/outputs/v2/Essential_Mathematics/SS1.1_Real_Numbers/Essential_Mathematics_Real_Numbers_data.json  (350 KB)
Done! 5 file(s) in 1.3s
  Link check: PASS hard failures: T1=0  T2=0  T3=0  T4=0  DEAD=0  SHAPE=0
  Consistency check: PASS hard failures: none

─── essmath_1_2 ───
Generating Essential Mathematics — ESSENTIAL MATHEMATICS GRADE 10: INDICES
  Output: v2/Essential_Mathematics/SS1.2_Indices
    Saved: /home/markk/ares/cbe-generation-system/data/outputs/v2/Essential_Mathematics/SS1.2_Indices/Essential_Mathematics_Indices_CBE_LessonSequence.docx  (110 KB)
    Saved: /home/markk/ares/cbe-generation-system/data/outputs/v2/Essential_Mathematics/SS1.2_Indices/Essential_Mathematics_Indices_FinalExplanation.docx  (13 KB)
    Saved: /home/markk/ares/cbe-generation-system/data/outputs/v2/Essential_Mathematics/SS1.2_Indices/Essential_Mathematics_Indices_FinalExplanation_TeacherKey.docx  (14 KB)
    Saved: /home/markk/ares/cbe-generation-system/data/outputs/v2/Essential_Mathematics/SS1.2_Indices/Essential_Mathematics_Indices_SummaryTable.docx  (15 KB)
    Saved: /home/markk/ares/cbe-generation-system/data/outputs/v2/Essential_Mathematics/SS1.2_Indices/Essential_Mathematics_Indices_data.json  (370 KB)
Done! 5 file(s) in 1.3s
  Link check: PASS hard failures: T1=0  T2=0  T3=0  T4=0  DEAD=0  SHAPE=0
  Consistency check: PASS hard failures: none

─── essmath_1_3 ───
Generating Essential Mathematics — ESSENTIAL MATHEMATICS GRADE 10: QUADRATIC EQUATIONS
  Output: v2/Essential_Mathematics/SS1.3_Quadratic_Equations
    Saved: /home/markk/ares/cbe-generation-system/data/outputs/v2/Essential_Mathematics/SS1.3_Quadratic_Equations/Essential_Mathematics_Quadratic_Equations_CBE_LessonSequence.docx  (104 KB)
    Saved: /home/markk/ares/cbe-generation-system/data/outputs/v2/Essential_Mathematics/SS1.3_Quadratic_Equations/Essential_Mathematics_Quadratic_Equations_FinalExplanation.docx  (12 KB)
    Saved: /home/markk/ares/cbe-generation-system/data/outputs/v2/Essential_Mathematics/SS1.3_Quadratic_Equations/Essential_Mathematics_Quadratic_Equations_FinalExplanation_TeacherKey.docx  (14 KB)
    Saved: /home/markk/ares/cbe-generation-system/data/outputs/v2/Essential_Mathematics/SS1.3_Quadratic_Equations/Essential_Mathematics_Quadratic_Equations_SummaryTable.docx  (15 KB)
    Saved: /home/markk/ares/cbe-generation-system/data/outputs/v2/Essential_Mathematics/SS1.3_Quadratic_Equations/Essential_Mathematics_Quadratic_Equations_data.json  (356 KB)
Done! 5 file(s) in 1.4s
  Link check: PASS hard failures: T1=0  T2=0  T3=0  T4=0  DEAD=0  SHAPE=0
  Consistency check: PASS hard failures: none

─── essmath_2_1 ───
Generating Essential Mathematics — ESSENTIAL MATHEMATICS GRADE 10: SIMILARITY AND ENLARGEMENT
  Output: v2/Essential_Mathematics/SS2.1_Similarity_and_Enlargement
    Saved: /home/markk/ares/cbe-generation-system/data/outputs/v2/Essential_Mathematics/SS2.1_Similarity_and_Enlargement/Essential_Mathematics_Similarity_and_Enlargement_CBE_LessonSequence.docx  (104 KB)
    Saved: /home/markk/ares/cbe-generation-system/data/outputs/v2/Essential_Mathematics/SS2.1_Similarity_and_Enlargement/Essential_Mathematics_Similarity_and_Enlargement_FinalExplanation.docx  (13 KB)
    Saved: /home/markk/ares/cbe-generation-system/data/outputs/v2/Essential_Mathematics/SS2.1_Similarity_and_Enlargement/Essential_Mathematics_Similarity_and_Enlargement_FinalExplanation_TeacherKey.docx  (14 KB)
    Saved: /home/markk/ares/cbe-generation-system/data/outputs/v2/Essential_Mathematics/SS2.1_Similarity_and_Enlargement/Essential_Mathematics_Similarity_and_Enlargement_SummaryTable.docx  (15 KB)
    Saved: /home/markk/ares/cbe-generation-system/data/outputs/v2/Essential_Mathematics/SS2.1_Similarity_and_Enlargement/Essential_Mathematics_Similarity_and_Enlargement_data.json  (363 KB)
Done! 5 file(s) in 1.3s
  Link check: PASS hard failures: T1=0  T2=0  T3=0  T4=0  DEAD=0  SHAPE=0
  Consistency check: FAIL
validate_consistency: 1 file(s)
  hard failures: FE-UNVERIFIED=1
  warnings: 0
  FAIL FE-UNVERIFIED data/outputs/v2/Essential_Mathematics/SS2.1_Similarity_and_Enlargement/Essential_Mathematics_Similarity_and_Enlargement_data.json: reviewer found unresolved contradictions (logs/final_explanation_issues/essmath_2_1.json)


─── essmath_2_2 ───
Generating Essential Mathematics — ESSENTIAL MATHEMATICS GRADE 10: REFLECTION
  Output: v2/Essential_Mathematics/SS2.2_Reflection
    Saved: /home/markk/ares/cbe-generation-system/data/outputs/v2/Essential_Mathematics/SS2.2_Reflection/Essential_Mathematics_Reflection_CBE_LessonSequence.docx  (104 KB)
    Saved: /home/markk/ares/cbe-generation-system/data/outputs/v2/Essential_Mathematics/SS2.2_Reflection/Essential_Mathematics_Reflection_FinalExplanation.docx  (13 KB)
    Saved: /home/markk/ares/cbe-generation-system/data/outputs/v2/Essential_Mathematics/SS2.2_Reflection/Essential_Mathematics_Reflection_FinalExplanation_TeacherKey.docx  (14 KB)
    Saved: /home/markk/ares/cbe-generation-system/data/outputs/v2/Essential_Mathematics/SS2.2_Reflection/Essential_Mathematics_Reflection_SummaryTable.docx  (15 KB)
    Saved: /home/markk/ares/cbe-generation-system/data/outputs/v2/Essential_Mathematics/SS2.2_Reflection/Essential_Mathematics_Reflection_data.json  (370 KB)
Done! 5 file(s) in 1.3s
  Link check: PASS hard failures: T1=0  T2=0  T3=0  T4=0  DEAD=0  SHAPE=0
  Consistency check: FAIL
validate_consistency: 1 file(s)
  hard failures: FE-UNVERIFIED=1
  warnings: 0
  FAIL FE-UNVERIFIED data/outputs/v2/Essential_Mathematics/SS2.2_Reflection/Essential_Mathematics_Reflection_data.json: reviewer found unresolved contradictions (logs/final_explanation_issues/essmath_2_2.json)


─── essmath_2_3 ───
Generating Essential Mathematics — ESSENTIAL MATHEMATICS GRADE 10: TRIGONOMETRY
  Output: v2/Essential_Mathematics/SS2.3_Trigonometry
    Saved: /home/markk/ares/cbe-generation-system/data/outputs/v2/Essential_Mathematics/SS2.3_Trigonometry/Essential_Mathematics_Trigonometry_CBE_LessonSequence.docx  (102 KB)
    Saved: /home/markk/ares/cbe-generation-system/data/outputs/v2/Essential_Mathematics/SS2.3_Trigonometry/Essential_Mathematics_Trigonometry_FinalExplanation.docx  (13 KB)
    Saved: /home/markk/ares/cbe-generation-system/data/outputs/v2/Essential_Mathematics/SS2.3_Trigonometry/Essential_Mathematics_Trigonometry_FinalExplanation_TeacherKey.docx  (15 KB)
    Saved: /home/markk/ares/cbe-generation-system/data/outputs/v2/Essential_Mathematics/SS2.3_Trigonometry/Essential_Mathematics_Trigonometry_SummaryTable.docx  (14 KB)
    Saved: /home/markk/ares/cbe-generation-system/data/outputs/v2/Essential_Mathematics/SS2.3_Trigonometry/Essential_Mathematics_Trigonometry_data.json  (366 KB)
Done! 5 file(s) in 1.4s
  Link check: PASS hard failures: T1=0  T2=0  T3=0  T4=0  DEAD=0  SHAPE=0
  Consistency check: PASS hard failures: none

─── essmath_2_4 ───
Generating Essential Mathematics — ESSENTIAL MATHEMATICS GRADE 10: AREA OF POLYGONS
  Output: v2/Essential_Mathematics/SS2.4_Area_of_Polygons
    Saved: /home/markk/ares/cbe-generation-system/data/outputs/v2/Essential_Mathematics/SS2.4_Area_of_Polygons/Essential_Mathematics_Area_of_Polygons_CBE_LessonSequence.docx  (104 KB)
    Saved: /home/markk/ares/cbe-generation-system/data/outputs/v2/Essential_Mathematics/SS2.4_Area_of_Polygons/Essential_Mathematics_Area_of_Polygons_FinalExplanation.docx  (13 KB)
    Saved: /home/markk/ares/cbe-generation-system/data/outputs/v2/Essential_Mathematics/SS2.4_Area_of_Polygons/Essential_Mathematics_Area_of_Polygons_FinalExplanation_TeacherKey.docx  (14 KB)
    Saved: /home/markk/ares/cbe-generation-system/data/outputs/v2/Essential_Mathematics/SS2.4_Area_of_Polygons/Essential_Mathematics_Area_of_Polygons_SummaryTable.docx  (15 KB)
    Saved: /home/markk/ares/cbe-generation-system/data/outputs/v2/Essential_Mathematics/SS2.4_Area_of_Polygons/Essential_Mathematics_Area_of_Polygons_data.json  (367 KB)
Done! 5 file(s) in 1.3s
  Link check: PASS hard failures: T1=0  T2=0  T3=0  T4=0  DEAD=0  SHAPE=0
  Consistency check: PASS hard failures: none

─── essmath_2_5 ───
Generating Essential Mathematics — ESSENTIAL MATHEMATICS GRADE 10: AREA OF PART OF A CIRCLE
  Output: v2/Essential_Mathematics/SS2.5_Area_of_Part_of_a_Circle
    Saved: /home/markk/ares/cbe-generation-system/data/outputs/v2/Essential_Mathematics/SS2.5_Area_of_Part_of_a_Circle/Essential_Mathematics_Area_of_Part_of_a_Circle_CBE_LessonSequence.docx  (103 KB)
    Saved: /home/markk/ares/cbe-generation-system/data/outputs/v2/Essential_Mathematics/SS2.5_Area_of_Part_of_a_Circle/Essential_Mathematics_Area_of_Part_of_a_Circle_FinalExplanation.docx  (13 KB)
    Saved: /home/markk/ares/cbe-generation-system/data/outputs/v2/Essential_Mathematics/SS2.5_Area_of_Part_of_a_Circle/Essential_Mathematics_Area_of_Part_of_a_Circle_FinalExplanation_TeacherKey.docx  (15 KB)
    Saved: /home/markk/ares/cbe-generation-system/data/outputs/v2/Essential_Mathematics/SS2.5_Area_of_Part_of_a_Circle/Essential_Mathematics_Area_of_Part_of_a_Circle_SummaryTable.docx  (15 KB)
    Saved: /home/markk/ares/cbe-generation-system/data/outputs/v2/Essential_Mathematics/SS2.5_Area_of_Part_of_a_Circle/Essential_Mathematics_Area_of_Part_of_a_Circle_data.json  (360 KB)
Done! 5 file(s) in 1.3s
  Link check: PASS hard failures: T1=0  T2=0  T3=0  T4=0  DEAD=0  SHAPE=0
  Consistency check: PASS hard failures: none

─── essmath_2_6 ───
Generating Essential Mathematics — ESSENTIAL MATHEMATICS GRADE 10: SURFACE AREA OF SOLIDS
  Output: v2/Essential_Mathematics/SS2.6_Surface_Area_of_Solids
    Saved: /home/markk/ares/cbe-generation-system/data/outputs/v2/Essential_Mathematics/SS2.6_Surface_Area_of_Solids/Essential_Mathematics_Surface_Area_of_Solids_CBE_LessonSequence.docx  (101 KB)
    Saved: /home/markk/ares/cbe-generation-system/data/outputs/v2/Essential_Mathematics/SS2.6_Surface_Area_of_Solids/Essential_Mathematics_Surface_Area_of_Solids_FinalExplanation.docx  (13 KB)
    Saved: /home/markk/ares/cbe-generation-system/data/outputs/v2/Essential_Mathematics/SS2.6_Surface_Area_of_Solids/Essential_Mathematics_Surface_Area_of_Solids_FinalExplanation_TeacherKey.docx  (15 KB)
    Saved: /home/markk/ares/cbe-generation-system/data/outputs/v2/Essential_Mathematics/SS2.6_Surface_Area_of_Solids/Essential_Mathematics_Surface_Area_of_Solids_SummaryTable.docx  (15 KB)
    Saved: /home/markk/ares/cbe-generation-system/data/outputs/v2/Essential_Mathematics/SS2.6_Surface_Area_of_Solids/Essential_Mathematics_Surface_Area_of_Solids_data.json  (323 KB)
Done! 5 file(s) in 1.3s
  Link check: PASS hard failures: T1=0  T2=0  T3=0  T4=0  DEAD=0  SHAPE=0
  Consistency check: FAIL
validate_consistency: 1 file(s)
  hard failures: FE-UNVERIFIED=1
  warnings: 1
  WARN FE-NUMBERS data/outputs/v2/Essential_Mathematics/SS2.6_Surface_Area_of_Solids/Essential_Mathematics_Surface_Area_of_Solids_data.json: table row '| Cylinder | r = 8 cm, h = 49.7 cm | Curved surface + one ci' shares no number with the lessons
  FAIL FE-UNVERIFIED data/outputs/v2/Essential_Mathematics/SS2.6_Surface_Area_of_Solids/Essential_Mathematics_Surface_Area_of_Solids_data.json: reviewer found unresolved contradictions (logs/final_explanation_issues/essmath_2_6.json)


─── essmath_2_7 ───
Generating Essential Mathematics — ESSENTIAL MATHEMATICS GRADE 10: VOLUME AND CAPACITY
  Output: v2/Essential_Mathematics/SS2.7_Volume_and_Capacity
    Saved: /home/markk/ares/cbe-generation-system/data/outputs/v2/Essential_Mathematics/SS2.7_Volume_and_Capacity/Essential_Mathematics_Volume_and_Capacity_CBE_LessonSequence.docx  (100 KB)
    Saved: /home/markk/ares/cbe-generation-system/data/outputs/v2/Essential_Mathematics/SS2.7_Volume_and_Capacity/Essential_Mathematics_Volume_and_Capacity_FinalExplanation.docx  (13 KB)
    Saved: /home/markk/ares/cbe-generation-system/data/outputs/v2/Essential_Mathematics/SS2.7_Volume_and_Capacity/Essential_Mathematics_Volume_and_Capacity_FinalExplanation_TeacherKey.docx  (14 KB)
    Saved: /home/markk/ares/cbe-generation-system/data/outputs/v2/Essential_Mathematics/SS2.7_Volume_and_Capacity/Essential_Mathematics_Volume_and_Capacity_SummaryTable.docx  (15 KB)
    Saved: /home/markk/ares/cbe-generation-system/data/outputs/v2/Essential_Mathematics/SS2.7_Volume_and_Capacity/Essential_Mathematics_Volume_and_Capacity_data.json  (358 KB)
Done! 5 file(s) in 1.4s
  Link check: PASS hard failures: T1=0  T2=0  T3=0  T4=0  DEAD=0  SHAPE=0
  Consistency check: PASS hard failures: none

─── essmath_2_8 ───
Generating Essential Mathematics — ESSENTIAL MATHEMATICS GRADE 10: COMMERCIAL ARITHMETIC 1
  Output: v2/Essential_Mathematics/SS2.8_Commercial_Arithmetic_1
    Saved: /home/markk/ares/cbe-generation-system/data/outputs/v2/Essential_Mathematics/SS2.8_Commercial_Arithmetic_1/Essential_Mathematics_Commercial_Arithmetic_1_CBE_LessonSequence.docx  (103 KB)
    Saved: /home/markk/ares/cbe-generation-system/data/outputs/v2/Essential_Mathematics/SS2.8_Commercial_Arithmetic_1/Essential_Mathematics_Commercial_Arithmetic_1_FinalExplanation.docx  (13 KB)
    Saved: /home/markk/ares/cbe-generation-system/data/outputs/v2/Essential_Mathematics/SS2.8_Commercial_Arithmetic_1/Essential_Mathematics_Commercial_Arithmetic_1_FinalExplanation_TeacherKey.docx  (15 KB)
    Saved: /home/markk/ares/cbe-generation-system/data/outputs/v2/Essential_Mathematics/SS2.8_Commercial_Arithmetic_1/Essential_Mathematics_Commercial_Arithmetic_1_SummaryTable.docx  (16 KB)
    Saved: /home/markk/ares/cbe-generation-system/data/outputs/v2/Essential_Mathematics/SS2.8_Commercial_Arithmetic_1/Essential_Mathematics_Commercial_Arithmetic_1_data.json  (298 KB)
Done! 5 file(s) in 1.1s
  Link check: PASS hard failures: T1=0  T2=0  T3=0  T4=0  DEAD=0  SHAPE=0
  Consistency check: FAIL
validate_consistency: 1 file(s)
  hard failures: FE-UNVERIFIED=1
  warnings: 0
  FAIL FE-UNVERIFIED data/outputs/v2/Essential_Mathematics/SS2.8_Commercial_Arithmetic_1/Essential_Mathematics_Commercial_Arithmetic_1_data.json: reviewer found unresolved contradictions (logs/final_explanation_issues/essmath_2_8.json)


─── essmath_3_1 ───
Generating Essential Mathematics — ESSENTIAL MATHEMATICS GRADE 10: STATISTICS 1
  Output: v2/Essential_Mathematics/SS3.1_Statistics_1
    Saved: /home/markk/ares/cbe-generation-system/data/outputs/v2/Essential_Mathematics/SS3.1_Statistics_1/Essential_Mathematics_Statistics_1_CBE_LessonSequence.docx  (105 KB)
    Saved: /home/markk/ares/cbe-generation-system/data/outputs/v2/Essential_Mathematics/SS3.1_Statistics_1/Essential_Mathematics_Statistics_1_FinalExplanation.docx  (13 KB)
    Saved: /home/markk/ares/cbe-generation-system/data/outputs/v2/Essential_Mathematics/SS3.1_Statistics_1/Essential_Mathematics_Statistics_1_FinalExplanation_TeacherKey.docx  (15 KB)
    Saved: /home/markk/ares/cbe-generation-system/data/outputs/v2/Essential_Mathematics/SS3.1_Statistics_1/Essential_Mathematics_Statistics_1_SummaryTable.docx  (16 KB)
    Saved: /home/markk/ares/cbe-generation-system/data/outputs/v2/Essential_Mathematics/SS3.1_Statistics_1/Essential_Mathematics_Statistics_1_data.json  (368 KB)
Done! 5 file(s) in 1.3s
  Link check: PASS hard failures: T1=0  T2=0  T3=0  T4=0  DEAD=0  SHAPE=0
  Consistency check: FAIL
validate_consistency: 1 file(s)
  hard failures: FE-UNVERIFIED=1
  warnings: 0
  FAIL FE-UNVERIFIED data/outputs/v2/Essential_Mathematics/SS3.1_Statistics_1/Essential_Mathematics_Statistics_1_data.json: reviewer found unresolved contradictions (logs/final_explanation_issues/essmath_3_1.json)


─── essmath_3_2 ───
Generating Essential Mathematics — ESSENTIAL MATHEMATICS GRADE 10: PROBABILITY I
  Output: v2/Essential_Mathematics/SS3.2_Probability_I
    Saved: /home/markk/ares/cbe-generation-system/data/outputs/v2/Essential_Mathematics/SS3.2_Probability_I/Essential_Mathematics_Probability_I_CBE_LessonSequence.docx  (110 KB)
    Saved: /home/markk/ares/cbe-generation-system/data/outputs/v2/Essential_Mathematics/SS3.2_Probability_I/Essential_Mathematics_Probability_I_FinalExplanation.docx  (14 KB)
    Saved: /home/markk/ares/cbe-generation-system/data/outputs/v2/Essential_Mathematics/SS3.2_Probability_I/Essential_Mathematics_Probability_I_FinalExplanation_TeacherKey.docx  (15 KB)
    Saved: /home/markk/ares/cbe-generation-system/data/outputs/v2/Essential_Mathematics/SS3.2_Probability_I/Essential_Mathematics_Probability_I_SummaryTable.docx  (15 KB)
    Saved: /home/markk/ares/cbe-generation-system/data/outputs/v2/Essential_Mathematics/SS3.2_Probability_I/Essential_Mathematics_Probability_I_data.json  (378 KB)
Done! 5 file(s) in 1.3s
  Link check: PASS hard failures: T1=0  T2=0  T3=0  T4=0  DEAD=0  SHAPE=0
  Consistency check: PASS hard failures: none

─── g11_bio_1_1 ───
Generating Biology — BIOLOGY GRADE 11: TAXONOMY I
  Output: v2/Grade11/Biology/Lesson_Plans/SS1.1_Taxonomy_I
    Saved: /home/markk/ares/cbe-generation-system/data/outputs/v2/Grade11/Biology/Lesson_Plans/SS1.1_Taxonomy_I/Biology_Taxonomy_I_CBE_LessonSequence.docx  (91 KB)
    Saved: /home/markk/ares/cbe-generation-system/data/outputs/v2/Grade11/Biology/Lesson_Plans/SS1.1_Taxonomy_I/Biology_Taxonomy_I_FinalExplanation.docx  (13 KB)
    Saved: /home/markk/ares/cbe-generation-system/data/outputs/v2/Grade11/Biology/Lesson_Plans/SS1.1_Taxonomy_I/Biology_Taxonomy_I_FinalExplanation_TeacherKey.docx  (14 KB)
    Saved: /home/markk/ares/cbe-generation-system/data/outputs/v2/Grade11/Biology/Lesson_Plans/SS1.1_Taxonomy_I/Biology_Taxonomy_I_SummaryTable.docx  (14 KB)
    Saved: /home/markk/ares/cbe-generation-system/data/outputs/v2/Grade11/Biology/Lesson_Plans/SS1.1_Taxonomy_I/Biology_Taxonomy_I_data.json  (281 KB)
Done! 5 file(s) in 1.1s
  Link check: PASS hard failures: T1=0  T2=0  T3=0  T4=0  DEAD=0  SHAPE=0
  Consistency check: FAIL
validate_consistency: 1 file(s)
  hard failures: FE-UNVERIFIED=1
  warnings: 0
  FAIL FE-UNVERIFIED data/outputs/v2/Grade11/Biology/Lesson_Plans/SS1.1_Taxonomy_I/Biology_Taxonomy_I_data.json: reviewer found unresolved contradictions (logs/final_explanation_issues/g11_bio_1_1.json)


─── g11_bio_1_2 ───
Generating Biology — BIOLOGY GRADE 11: ECOLOGY
  Output: v2/Grade11/Biology/Lesson_Plans/SS1.2_Ecology
    Saved: /home/markk/ares/cbe-generation-system/data/outputs/v2/Grade11/Biology/Lesson_Plans/SS1.2_Ecology/Biology_Ecology_CBE_LessonSequence.docx  (93 KB)
    Saved: /home/markk/ares/cbe-generation-system/data/outputs/v2/Grade11/Biology/Lesson_Plans/SS1.2_Ecology/Biology_Ecology_FinalExplanation.docx  (13 KB)
    Saved: /home/markk/ares/cbe-generation-system/data/outputs/v2/Grade11/Biology/Lesson_Plans/SS1.2_Ecology/Biology_Ecology_FinalExplanation_TeacherKey.docx  (16 KB)
    Saved: /home/markk/ares/cbe-generation-system/data/outputs/v2/Grade11/Biology/Lesson_Plans/SS1.2_Ecology/Biology_Ecology_SummaryTable.docx  (14 KB)
    Saved: /home/markk/ares/cbe-generation-system/data/outputs/v2/Grade11/Biology/Lesson_Plans/SS1.2_Ecology/Biology_Ecology_data.json  (340 KB)
Done! 5 file(s) in 1.3s
  Link check: PASS hard failures: T1=0  T2=0  T3=0  T4=0  DEAD=0  SHAPE=0
  Consistency check: FAIL
validate_consistency: 1 file(s)
  hard failures: FE-UNVERIFIED=1
  warnings: 0
  FAIL FE-UNVERIFIED data/outputs/v2/Grade11/Biology/Lesson_Plans/SS1.2_Ecology/Biology_Ecology_data.json: reviewer found unresolved contradictions (logs/final_explanation_issues/g11_bio_1_2.json)


─── g11_bio_1_3 ───
Generating Biology — BIOLOGY GRADE 11: TAXONOMY II
  Output: v2/Grade11/Biology/Lesson_Plans/SS1.3_Taxonomy_II
    Saved: /home/markk/ares/cbe-generation-system/data/outputs/v2/Grade11/Biology/Lesson_Plans/SS1.3_Taxonomy_II/Biology_Taxonomy_II_CBE_LessonSequence.docx  (88 KB)
    Saved: /home/markk/ares/cbe-generation-system/data/outputs/v2/Grade11/Biology/Lesson_Plans/SS1.3_Taxonomy_II/Biology_Taxonomy_II_FinalExplanation.docx  (13 KB)
    Saved: /home/markk/ares/cbe-generation-system/data/outputs/v2/Grade11/Biology/Lesson_Plans/SS1.3_Taxonomy_II/Biology_Taxonomy_II_FinalExplanation_TeacherKey.docx  (14 KB)
    Saved: /home/markk/ares/cbe-generation-system/data/outputs/v2/Grade11/Biology/Lesson_Plans/SS1.3_Taxonomy_II/Biology_Taxonomy_II_SummaryTable.docx  (13 KB)
    Saved: /home/markk/ares/cbe-generation-system/data/outputs/v2/Grade11/Biology/Lesson_Plans/SS1.3_Taxonomy_II/Biology_Taxonomy_II_data.json  (258 KB)
Done! 5 file(s) in 1.1s
  Link check: PASS hard failures: T1=0  T2=0  T3=0  T4=0  DEAD=0  SHAPE=0
  Consistency check: FAIL
validate_consistency: 1 file(s)
  hard failures: FE-UNVERIFIED=1
  warnings: 0
  FAIL FE-UNVERIFIED data/outputs/v2/Grade11/Biology/Lesson_Plans/SS1.3_Taxonomy_II/Biology_Taxonomy_II_data.json: reviewer found unresolved contradictions (logs/final_explanation_issues/g11_bio_1_3.json)


─── g11_bio_1_4 ───
Generating Biology — BIOLOGY GRADE 11: CELL DIVISION
  Output: v2/Grade11/Biology/Lesson_Plans/SS1.4_Cell_Division
    Saved: /home/markk/ares/cbe-generation-system/data/outputs/v2/Grade11/Biology/Lesson_Plans/SS1.4_Cell_Division/Biology_Cell_Division_CBE_LessonSequence.docx  (111 KB)
    Saved: /home/markk/ares/cbe-generation-system/data/outputs/v2/Grade11/Biology/Lesson_Plans/SS1.4_Cell_Division/Biology_Cell_Division_FinalExplanation.docx  (13 KB)
    Saved: /home/markk/ares/cbe-generation-system/data/outputs/v2/Grade11/Biology/Lesson_Plans/SS1.4_Cell_Division/Biology_Cell_Division_FinalExplanation_TeacherKey.docx  (14 KB)
    Saved: /home/markk/ares/cbe-generation-system/data/outputs/v2/Grade11/Biology/Lesson_Plans/SS1.4_Cell_Division/Biology_Cell_Division_SummaryTable.docx  (15 KB)
    Saved: /home/markk/ares/cbe-generation-system/data/outputs/v2/Grade11/Biology/Lesson_Plans/SS1.4_Cell_Division/Biology_Cell_Division_data.json  (403 KB)
Done! 5 file(s) in 1.5s
  Link check: PASS hard failures: T1=0  T2=0  T3=0  T4=0  DEAD=0  SHAPE=0
  Consistency check: FAIL
validate_consistency: 1 file(s)
  hard failures: FE-UNVERIFIED=1
  warnings: 0
  FAIL FE-UNVERIFIED data/outputs/v2/Grade11/Biology/Lesson_Plans/SS1.4_Cell_Division/Biology_Cell_Division_data.json: reviewer found unresolved contradictions (logs/final_explanation_issues/g11_bio_1_4.json)


─── g11_bio_2_1 ───
Generating Biology — BIOLOGY GRADE 11: REPRODUCTION IN PLANTS
  Output: v2/Grade11/Biology/Lesson_Plans/SS2.1_Reproduction_in_Plants
    Saved: /home/markk/ares/cbe-generation-system/data/outputs/v2/Grade11/Biology/Lesson_Plans/SS2.1_Reproduction_in_Plants/Biology_Reproduction_in_Plants_CBE_LessonSequence.docx  (94 KB)
    Saved: /home/markk/ares/cbe-generation-system/data/outputs/v2/Grade11/Biology/Lesson_Plans/SS2.1_Reproduction_in_Plants/Biology_Reproduction_in_Plants_FinalExplanation.docx  (13 KB)
    Saved: /home/markk/ares/cbe-generation-system/data/outputs/v2/Grade11/Biology/Lesson_Plans/SS2.1_Reproduction_in_Plants/Biology_Reproduction_in_Plants_FinalExplanation_TeacherKey.docx  (15 KB)
    Saved: /home/markk/ares/cbe-generation-system/data/outputs/v2/Grade11/Biology/Lesson_Plans/SS2.1_Reproduction_in_Plants/Biology_Reproduction_in_Plants_SummaryTable.docx  (14 KB)
    Saved: /home/markk/ares/cbe-generation-system/data/outputs/v2/Grade11/Biology/Lesson_Plans/SS2.1_Reproduction_in_Plants/Biology_Reproduction_in_Plants_data.json  (312 KB)
Done! 5 file(s) in 1.2s
  Link check: PASS hard failures: T1=0  T2=0  T3=0  T4=0  DEAD=0  SHAPE=0
  Consistency check: PASS hard failures: none

─── g11_bio_2_2 ───
Generating Biology — BIOLOGY GRADE 11: GROWTH AND DEVELOPMENT IN PLANTS
  Output: v2/Grade11/Biology/Lesson_Plans/SS2.2_Growth_and_Development_in_Plants
    Saved: /home/markk/ares/cbe-generation-system/data/outputs/v2/Grade11/Biology/Lesson_Plans/SS2.2_Growth_and_Development_in_Plants/Biology_Growth_and_Development_in_Plants_CBE_LessonSequence.docx  (111 KB)
    Saved: /home/markk/ares/cbe-generation-system/data/outputs/v2/Grade11/Biology/Lesson_Plans/SS2.2_Growth_and_Development_in_Plants/Biology_Growth_and_Development_in_Plants_FinalExplanation.docx  (13 KB)
    Saved: /home/markk/ares/cbe-generation-system/data/outputs/v2/Grade11/Biology/Lesson_Plans/SS2.2_Growth_and_Development_in_Plants/Biology_Growth_and_Development_in_Plants_FinalExplanation_TeacherKey.docx  (15 KB)
    Saved: /home/markk/ares/cbe-generation-system/data/outputs/v2/Grade11/Biology/Lesson_Plans/SS2.2_Growth_and_Development_in_Plants/Biology_Growth_and_Development_in_Plants_SummaryTable.docx  (15 KB)
    Saved: /home/markk/ares/cbe-generation-system/data/outputs/v2/Grade11/Biology/Lesson_Plans/SS2.2_Growth_and_Development_in_Plants/Biology_Growth_and_Development_in_Plants_data.json  (354 KB)
Done! 5 file(s) in 1.4s
  Link check: PASS hard failures: T1=0  T2=0  T3=0  T4=0  DEAD=0  SHAPE=0
  Consistency check: FAIL
validate_consistency: 1 file(s)
  hard failures: FE-UNVERIFIED=1
  warnings: 0
  FAIL FE-UNVERIFIED data/outputs/v2/Grade11/Biology/Lesson_Plans/SS2.2_Growth_and_Development_in_Plants/Biology_Growth_and_Development_in_Plants_data.json: reviewer found unresolved contradictions (logs/final_explanation_issues/g11_bio_2_2.json)


─── g11_bio_2_3 ───
Generating Biology — BIOLOGY GRADE 11: EXCRETION IN PLANTS
  Output: v2/Grade11/Biology/Lesson_Plans/SS2.3_Excretion_in_Plants
    Saved: /home/markk/ares/cbe-generation-system/data/outputs/v2/Grade11/Biology/Lesson_Plans/SS2.3_Excretion_in_Plants/Biology_Excretion_in_Plants_CBE_LessonSequence.docx  (64 KB)
    Saved: /home/markk/ares/cbe-generation-system/data/outputs/v2/Grade11/Biology/Lesson_Plans/SS2.3_Excretion_in_Plants/Biology_Excretion_in_Plants_FinalExplanation.docx  (13 KB)
    Saved: /home/markk/ares/cbe-generation-system/data/outputs/v2/Grade11/Biology/Lesson_Plans/SS2.3_Excretion_in_Plants/Biology_Excretion_in_Plants_FinalExplanation_TeacherKey.docx  (15 KB)
    Saved: /home/markk/ares/cbe-generation-system/data/outputs/v2/Grade11/Biology/Lesson_Plans/SS2.3_Excretion_in_Plants/Biology_Excretion_in_Plants_SummaryTable.docx  (13 KB)
    Saved: /home/markk/ares/cbe-generation-system/data/outputs/v2/Grade11/Biology/Lesson_Plans/SS2.3_Excretion_in_Plants/Biology_Excretion_in_Plants_data.json  (164 KB)
Done! 5 file(s) in 0.7s
  Link check: PASS hard failures: T1=0  T2=0  T3=0  T4=0  DEAD=0  SHAPE=0
  Consistency check: FAIL
validate_consistency: 1 file(s)
  hard failures: FE-UNVERIFIED=1
  warnings: 0
  FAIL FE-UNVERIFIED data/outputs/v2/Grade11/Biology/Lesson_Plans/SS2.3_Excretion_in_Plants/Biology_Excretion_in_Plants_data.json: reviewer found unresolved contradictions (logs/final_explanation_issues/g11_bio_2_3.json)


─── g11_bio_3_1 ───
Generating Biology — BIOLOGY GRADE 11: REPRODUCTION IN ANIMALS
  Output: v2/Grade11/Biology/Lesson_Plans/SS3.1_Reproduction_in_Animals
    Saved: /home/markk/ares/cbe-generation-system/data/outputs/v2/Grade11/Biology/Lesson_Plans/SS3.1_Reproduction_in_Animals/Biology_Reproduction_in_Animals_CBE_LessonSequence.docx  (77 KB)
    Saved: /home/markk/ares/cbe-generation-system/data/outputs/v2/Grade11/Biology/Lesson_Plans/SS3.1_Reproduction_in_Animals/Biology_Reproduction_in_Animals_FinalExplanation.docx  (13 KB)
    Saved: /home/markk/ares/cbe-generation-system/data/outputs/v2/Grade11/Biology/Lesson_Plans/SS3.1_Reproduction_in_Animals/Biology_Reproduction_in_Animals_FinalExplanation_TeacherKey.docx  (15 KB)
    Saved: /home/markk/ares/cbe-generation-system/data/outputs/v2/Grade11/Biology/Lesson_Plans/SS3.1_Reproduction_in_Animals/Biology_Reproduction_in_Animals_SummaryTable.docx  (13 KB)
    Saved: /home/markk/ares/cbe-generation-system/data/outputs/v2/Grade11/Biology/Lesson_Plans/SS3.1_Reproduction_in_Animals/Biology_Reproduction_in_Animals_data.json  (203 KB)
Done! 5 file(s) in 1.0s
  Link check: PASS hard failures: T1=0  T2=0  T3=0  T4=0  DEAD=0  SHAPE=0
  Consistency check: FAIL
validate_consistency: 1 file(s)
  hard failures: FE-UNVERIFIED=1
  warnings: 0
  FAIL FE-UNVERIFIED data/outputs/v2/Grade11/Biology/Lesson_Plans/SS3.1_Reproduction_in_Animals/Biology_Reproduction_in_Animals_data.json: reviewer found unresolved contradictions (logs/final_explanation_issues/g11_bio_3_1.json)


─── g11_bio_3_2 ───
Generating Biology — BIOLOGY GRADE 11: GROWTH AND DEVELOPMENT IN ANIMALS
  Output: v2/Grade11/Biology/Lesson_Plans/SS3.2_Growth_and_Development_in_Animals
    Saved: /home/markk/ares/cbe-generation-system/data/outputs/v2/Grade11/Biology/Lesson_Plans/SS3.2_Growth_and_Development_in_Animals/Biology_Growth_and_Development_in_Animals_CBE_LessonSequence.docx  (69 KB)
    Saved: /home/markk/ares/cbe-generation-system/data/outputs/v2/Grade11/Biology/Lesson_Plans/SS3.2_Growth_and_Development_in_Animals/Biology_Growth_and_Development_in_Animals_FinalExplanation.docx  (13 KB)
    Saved: /home/markk/ares/cbe-generation-system/data/outputs/v2/Grade11/Biology/Lesson_Plans/SS3.2_Growth_and_Development_in_Animals/Biology_Growth_and_Development_in_Animals_FinalExplanation_TeacherKey.docx  (15 KB)
    Saved: /home/markk/ares/cbe-generation-system/data/outputs/v2/Grade11/Biology/Lesson_Plans/SS3.2_Growth_and_Development_in_Animals/Biology_Growth_and_Development_in_Animals_SummaryTable.docx  (13 KB)
    Saved: /home/markk/ares/cbe-generation-system/data/outputs/v2/Grade11/Biology/Lesson_Plans/SS3.2_Growth_and_Development_in_Animals/Biology_Growth_and_Development_in_Animals_data.json  (217 KB)
Done! 5 file(s) in 0.9s
  Link check: PASS hard failures: T1=0  T2=0  T3=0  T4=0  DEAD=0  SHAPE=0
  Consistency check: PASS hard failures: none

─── g11_bio_3_3 ───
Generating Biology — BIOLOGY GRADE 11: EXCRETION AND HOMEOSTASIS IN ANIMALS
  Output: v2/Grade11/Biology/Lesson_Plans/SS3.3_Excretion_and_Homeostasis_in_Animals
    Saved: /home/markk/ares/cbe-generation-system/data/outputs/v2/Grade11/Biology/Lesson_Plans/SS3.3_Excretion_and_Homeostasis_in_Animals/Biology_Excretion_and_Homeostasis_in_Animals_CBE_LessonSequence.docx  (81 KB)
    Saved: /home/markk/ares/cbe-generation-system/data/outputs/v2/Grade11/Biology/Lesson_Plans/SS3.3_Excretion_and_Homeostasis_in_Animals/Biology_Excretion_and_Homeostasis_in_Animals_FinalExplanation.docx  (13 KB)
    Saved: /home/markk/ares/cbe-generation-system/data/outputs/v2/Grade11/Biology/Lesson_Plans/SS3.3_Excretion_and_Homeostasis_in_Animals/Biology_Excretion_and_Homeostasis_in_Animals_FinalExplanation_TeacherKey.docx  (15 KB)
    Saved: /home/markk/ares/cbe-generation-system/data/outputs/v2/Grade11/Biology/Lesson_Plans/SS3.3_Excretion_and_Homeostasis_in_Animals/Biology_Excretion_and_Homeostasis_in_Animals_SummaryTable.docx  (14 KB)
    Saved: /home/markk/ares/cbe-generation-system/data/outputs/v2/Grade11/Biology/Lesson_Plans/SS3.3_Excretion_and_Homeostasis_in_Animals/Biology_Excretion_and_Homeostasis_in_Animals_data.json  (257 KB)
Done! 5 file(s) in 1.0s
  Link check: PASS hard failures: T1=0  T2=0  T3=0  T4=0  DEAD=0  SHAPE=0
  Consistency check: FAIL
validate_consistency: 1 file(s)
  hard failures: FE-UNVERIFIED=1
  warnings: 0
  FAIL FE-UNVERIFIED data/outputs/v2/Grade11/Biology/Lesson_Plans/SS3.3_Excretion_and_Homeostasis_in_Animals/Biology_Excretion_and_Homeostasis_in_Animals_data.json: reviewer found unresolved contradictions (logs/final_explanation_issues/g11_bio_3_3.json)


─── gensci_1_1 ───
Generating General Science — GENERAL SCIENCE GRADE 10: INTRODUCTION TO GENERAL SCIENCE
  Output: v2/General_Science/SS1.1_Introduction_to_General_Science
    Saved: /home/markk/ares/cbe-generation-system/data/outputs/v2/General_Science/SS1.1_Introduction_to_General_Science/General_Science_Introduction_to_General_Science_CBE_LessonSequence.docx  (103 KB)
    Saved: /home/markk/ares/cbe-generation-system/data/outputs/v2/General_Science/SS1.1_Introduction_to_General_Science/General_Science_Introduction_to_General_Science_FinalExplanation.docx  (13 KB)
    Saved: /home/markk/ares/cbe-generation-system/data/outputs/v2/General_Science/SS1.1_Introduction_to_General_Science/General_Science_Introduction_to_General_Science_FinalExplanation_TeacherKey.docx  (15 KB)
    Saved: /home/markk/ares/cbe-generation-system/data/outputs/v2/General_Science/SS1.1_Introduction_to_General_Science/General_Science_Introduction_to_General_Science_SummaryTable.docx  (15 KB)
    Saved: /home/markk/ares/cbe-generation-system/data/outputs/v2/General_Science/SS1.1_Introduction_to_General_Science/General_Science_Introduction_to_General_Science_data.json  (296 KB)
Done! 5 file(s) in 1.2s
  Link check: PASS hard failures: T1=0  T2=0  T3=0  T4=0  DEAD=0  SHAPE=0
  Consistency check: PASS hard failures: none

─── gensci_1_2 ───
Generating General Science — GENERAL SCIENCE GRADE 10: THE CELL
  Output: v2/General_Science/SS1.2_The_Cell
    Saved: /home/markk/ares/cbe-generation-system/data/outputs/v2/General_Science/SS1.2_The_Cell/General_Science_The_Cell_CBE_LessonSequence.docx  (110 KB)
    Saved: /home/markk/ares/cbe-generation-system/data/outputs/v2/General_Science/SS1.2_The_Cell/General_Science_The_Cell_FinalExplanation.docx  (12 KB)
    Saved: /home/markk/ares/cbe-generation-system/data/outputs/v2/General_Science/SS1.2_The_Cell/General_Science_The_Cell_FinalExplanation_TeacherKey.docx  (14 KB)
    Saved: /home/markk/ares/cbe-generation-system/data/outputs/v2/General_Science/SS1.2_The_Cell/General_Science_The_Cell_SummaryTable.docx  (15 KB)
    Saved: /home/markk/ares/cbe-generation-system/data/outputs/v2/General_Science/SS1.2_The_Cell/General_Science_The_Cell_data.json  (378 KB)
Done! 5 file(s) in 1.2s
  Link check: PASS hard failures: T1=0  T2=0  T3=0  T4=0  DEAD=0  SHAPE=0
  Consistency check: FAIL
validate_consistency: 1 file(s)
  hard failures: FE-UNVERIFIED=1
  warnings: 0
  FAIL FE-UNVERIFIED data/outputs/v2/General_Science/SS1.2_The_Cell/General_Science_The_Cell_data.json: reviewer found unresolved contradictions (logs/final_explanation_issues/gensci_1_2.json)


─── gensci_1_3 ───
Generating General Science — GENERAL SCIENCE GRADE 10: NUTRITION IN ANIMALS
  Output: v2/General_Science/SS1.3_Nutrition_in_Animals
    Saved: /home/markk/ares/cbe-generation-system/data/outputs/v2/General_Science/SS1.3_Nutrition_in_Animals/General_Science_Nutrition_in_Animals_CBE_LessonSequence.docx  (108 KB)
    Saved: /home/markk/ares/cbe-generation-system/data/outputs/v2/General_Science/SS1.3_Nutrition_in_Animals/General_Science_Nutrition_in_Animals_FinalExplanation.docx  (13 KB)
    Saved: /home/markk/ares/cbe-generation-system/data/outputs/v2/General_Science/SS1.3_Nutrition_in_Animals/General_Science_Nutrition_in_Animals_FinalExplanation_TeacherKey.docx  (15 KB)
    Saved: /home/markk/ares/cbe-generation-system/data/outputs/v2/General_Science/SS1.3_Nutrition_in_Animals/General_Science_Nutrition_in_Animals_SummaryTable.docx  (16 KB)
    Saved: /home/markk/ares/cbe-generation-system/data/outputs/v2/General_Science/SS1.3_Nutrition_in_Animals/General_Science_Nutrition_in_Animals_data.json  (308 KB)
Done! 5 file(s) in 1.1s
  Link check: PASS hard failures: T1=0  T2=0  T3=0  T4=0  DEAD=0  SHAPE=0
  Consistency check: FAIL
validate_consistency: 1 file(s)
  hard failures: FE-UNVERIFIED=1
  warnings: 0
  FAIL FE-UNVERIFIED data/outputs/v2/General_Science/SS1.3_Nutrition_in_Animals/General_Science_Nutrition_in_Animals_data.json: reviewer found unresolved contradictions (logs/final_explanation_issues/gensci_1_3.json)


─── gensci_1_4 ───
Generating General Science — GENERAL SCIENCE GRADE 10: TRANSPORT IN PLANTS
  Output: v2/General_Science/SS1.4_Transport_in_Plants
    Saved: /home/markk/ares/cbe-generation-system/data/outputs/v2/General_Science/SS1.4_Transport_in_Plants/General_Science_Transport_in_Plants_CBE_LessonSequence.docx  (106 KB)
    Saved: /home/markk/ares/cbe-generation-system/data/outputs/v2/General_Science/SS1.4_Transport_in_Plants/General_Science_Transport_in_Plants_FinalExplanation.docx  (13 KB)
    Saved: /home/markk/ares/cbe-generation-system/data/outputs/v2/General_Science/SS1.4_Transport_in_Plants/General_Science_Transport_in_Plants_FinalExplanation_TeacherKey.docx  (15 KB)
    Saved: /home/markk/ares/cbe-generation-system/data/outputs/v2/General_Science/SS1.4_Transport_in_Plants/General_Science_Transport_in_Plants_SummaryTable.docx  (16 KB)
    Saved: /home/markk/ares/cbe-generation-system/data/outputs/v2/General_Science/SS1.4_Transport_in_Plants/General_Science_Transport_in_Plants_data.json  (355 KB)
Done! 5 file(s) in 1.3s
  Link check: PASS hard failures: T1=0  T2=0  T3=0  T4=0  DEAD=0  SHAPE=0
  Consistency check: FAIL
validate_consistency: 1 file(s)
  hard failures: FE-UNVERIFIED=1
  warnings: 0
  FAIL FE-UNVERIFIED data/outputs/v2/General_Science/SS1.4_Transport_in_Plants/General_Science_Transport_in_Plants_data.json: reviewer found unresolved contradictions (logs/final_explanation_issues/gensci_1_4.json)


─── gensci_1_5 ───
Generating General Science — GENERAL SCIENCE GRADE 10: RESPIRATION
  Output: v2/General_Science/SS1.5_Respiration
    Saved: /home/markk/ares/cbe-generation-system/data/outputs/v2/General_Science/SS1.5_Respiration/General_Science_Respiration_CBE_LessonSequence.docx  (109 KB)
    Saved: /home/markk/ares/cbe-generation-system/data/outputs/v2/General_Science/SS1.5_Respiration/General_Science_Respiration_FinalExplanation.docx  (13 KB)
    Saved: /home/markk/ares/cbe-generation-system/data/outputs/v2/General_Science/SS1.5_Respiration/General_Science_Respiration_FinalExplanation_TeacherKey.docx  (15 KB)
    Saved: /home/markk/ares/cbe-generation-system/data/outputs/v2/General_Science/SS1.5_Respiration/General_Science_Respiration_SummaryTable.docx  (16 KB)
    Saved: /home/markk/ares/cbe-generation-system/data/outputs/v2/General_Science/SS1.5_Respiration/General_Science_Respiration_data.json  (366 KB)
Done! 5 file(s) in 1.4s
  Link check: PASS hard failures: T1=0  T2=0  T3=0  T4=0  DEAD=0  SHAPE=0
  Consistency check: FAIL
validate_consistency: 1 file(s)
  hard failures: FE-UNVERIFIED=1
  warnings: 0
  FAIL FE-UNVERIFIED data/outputs/v2/General_Science/SS1.5_Respiration/General_Science_Respiration_data.json: reviewer found unresolved contradictions (logs/final_explanation_issues/gensci_1_5.json)


─── gensci_1_6 ───
Generating General Science — GENERAL SCIENCE GRADE 10: PLANT GROWTH AND DEVELOPMENT
  Output: v2/General_Science/SS1.6_Plant_Growth_and_Development
    Saved: /home/markk/ares/cbe-generation-system/data/outputs/v2/General_Science/SS1.6_Plant_Growth_and_Development/General_Science_Plant_Growth_and_Development_CBE_LessonSequence.docx  (95 KB)
    Saved: /home/markk/ares/cbe-generation-system/data/outputs/v2/General_Science/SS1.6_Plant_Growth_and_Development/General_Science_Plant_Growth_and_Development_FinalExplanation.docx  (13 KB)
    Saved: /home/markk/ares/cbe-generation-system/data/outputs/v2/General_Science/SS1.6_Plant_Growth_and_Development/General_Science_Plant_Growth_and_Development_FinalExplanation_TeacherKey.docx  (15 KB)
    Saved: /home/markk/ares/cbe-generation-system/data/outputs/v2/General_Science/SS1.6_Plant_Growth_and_Development/General_Science_Plant_Growth_and_Development_SummaryTable.docx  (15 KB)
    Saved: /home/markk/ares/cbe-generation-system/data/outputs/v2/General_Science/SS1.6_Plant_Growth_and_Development/General_Science_Plant_Growth_and_Development_data.json  (298 KB)
Done! 5 file(s) in 1.1s
  Link check: PASS hard failures: T1=0  T2=0  T3=0  T4=0  DEAD=0  SHAPE=0
  Consistency check: FAIL
validate_consistency: 1 file(s)
  hard failures: FE-UNVERIFIED=1
  warnings: 0
  FAIL FE-UNVERIFIED data/outputs/v2/General_Science/SS1.6_Plant_Growth_and_Development/General_Science_Plant_Growth_and_Development_data.json: reviewer found unresolved contradictions (logs/final_explanation_issues/gensci_1_6.json)


─── gensci_1_7 ───
Generating General Science — GENERAL SCIENCE GRADE 10: MICROORGANISMS
  Output: v2/General_Science/SS1.7_Microorganisms
    Saved: /home/markk/ares/cbe-generation-system/data/outputs/v2/General_Science/SS1.7_Microorganisms/General_Science_Microorganisms_CBE_LessonSequence.docx  (103 KB)
    Saved: /home/markk/ares/cbe-generation-system/data/outputs/v2/General_Science/SS1.7_Microorganisms/General_Science_Microorganisms_FinalExplanation.docx  (13 KB)
    Saved: /home/markk/ares/cbe-generation-system/data/outputs/v2/General_Science/SS1.7_Microorganisms/General_Science_Microorganisms_FinalExplanation_TeacherKey.docx  (14 KB)
    Saved: /home/markk/ares/cbe-generation-system/data/outputs/v2/General_Science/SS1.7_Microorganisms/General_Science_Microorganisms_SummaryTable.docx  (16 KB)
    Saved: /home/markk/ares/cbe-generation-system/data/outputs/v2/General_Science/SS1.7_Microorganisms/General_Science_Microorganisms_data.json  (294 KB)
Done! 5 file(s) in 1.2s
  Link check: PASS hard failures: T1=0  T2=0  T3=0  T4=0  DEAD=0  SHAPE=0
  Consistency check: FAIL
validate_consistency: 1 file(s)
  hard failures: FE-UNVERIFIED=1
  warnings: 0
  FAIL FE-UNVERIFIED data/outputs/v2/General_Science/SS1.7_Microorganisms/General_Science_Microorganisms_data.json: reviewer found unresolved contradictions (logs/final_explanation_issues/gensci_1_7.json)


─── gensci_2_1 ───
Generating General Science — GENERAL SCIENCE GRADE 10: THE PERIODIC TABLE
  Output: v2/General_Science/SS2.1_The_Periodic_Table
    Saved: /home/markk/ares/cbe-generation-system/data/outputs/v2/General_Science/SS2.1_The_Periodic_Table/General_Science_The_Periodic_Table_CBE_LessonSequence.docx  (103 KB)
    Saved: /home/markk/ares/cbe-generation-system/data/outputs/v2/General_Science/SS2.1_The_Periodic_Table/General_Science_The_Periodic_Table_FinalExplanation.docx  (13 KB)
    Saved: /home/markk/ares/cbe-generation-system/data/outputs/v2/General_Science/SS2.1_The_Periodic_Table/General_Science_The_Periodic_Table_FinalExplanation_TeacherKey.docx  (15 KB)
    Saved: /home/markk/ares/cbe-generation-system/data/outputs/v2/General_Science/SS2.1_The_Periodic_Table/General_Science_The_Periodic_Table_SummaryTable.docx  (15 KB)
    Saved: /home/markk/ares/cbe-generation-system/data/outputs/v2/General_Science/SS2.1_The_Periodic_Table/General_Science_The_Periodic_Table_data.json  (365 KB)
Done! 5 file(s) in 1.4s
  Link check: PASS hard failures: T1=0  T2=0  T3=0  T4=0  DEAD=0  SHAPE=0
  Consistency check: PASS hard failures: none

─── gensci_2_2 ───
Generating General Science — GENERAL SCIENCE GRADE 10: CHEMICAL FAMILIES
  Output: v2/General_Science/SS2.2_Chemical_Families
    Saved: /home/markk/ares/cbe-generation-system/data/outputs/v2/General_Science/SS2.2_Chemical_Families/General_Science_Chemical_Families_CBE_LessonSequence.docx  (114 KB)
    Saved: /home/markk/ares/cbe-generation-system/data/outputs/v2/General_Science/SS2.2_Chemical_Families/General_Science_Chemical_Families_FinalExplanation.docx  (13 KB)
    Saved: /home/markk/ares/cbe-generation-system/data/outputs/v2/General_Science/SS2.2_Chemical_Families/General_Science_Chemical_Families_FinalExplanation_TeacherKey.docx  (14 KB)
    Saved: /home/markk/ares/cbe-generation-system/data/outputs/v2/General_Science/SS2.2_Chemical_Families/General_Science_Chemical_Families_SummaryTable.docx  (17 KB)
    Saved: /home/markk/ares/cbe-generation-system/data/outputs/v2/General_Science/SS2.2_Chemical_Families/General_Science_Chemical_Families_data.json  (399 KB)
Done! 5 file(s) in 1.4s
  Link check: PASS hard failures: T1=0  T2=0  T3=0  T4=0  DEAD=0  SHAPE=0
  Consistency check: FAIL
validate_consistency: 1 file(s)
  hard failures: FE-UNVERIFIED=1
  warnings: 0
  FAIL FE-UNVERIFIED data/outputs/v2/General_Science/SS2.2_Chemical_Families/General_Science_Chemical_Families_data.json: reviewer found unresolved contradictions (logs/final_explanation_issues/gensci_2_2.json)


─── gensci_2_3 ───
Generating General Science — GENERAL SCIENCE GRADE 10: CHEMICAL BONDING
  Output: v2/General_Science/SS2.3_Chemical_Bonding
    Saved: /home/markk/ares/cbe-generation-system/data/outputs/v2/General_Science/SS2.3_Chemical_Bonding/General_Science_Chemical_Bonding_CBE_LessonSequence.docx  (108 KB)
    Saved: /home/markk/ares/cbe-generation-system/data/outputs/v2/General_Science/SS2.3_Chemical_Bonding/General_Science_Chemical_Bonding_FinalExplanation.docx  (13 KB)
    Saved: /home/markk/ares/cbe-generation-system/data/outputs/v2/General_Science/SS2.3_Chemical_Bonding/General_Science_Chemical_Bonding_FinalExplanation_TeacherKey.docx  (15 KB)
    Saved: /home/markk/ares/cbe-generation-system/data/outputs/v2/General_Science/SS2.3_Chemical_Bonding/General_Science_Chemical_Bonding_SummaryTable.docx  (16 KB)
    Saved: /home/markk/ares/cbe-generation-system/data/outputs/v2/General_Science/SS2.3_Chemical_Bonding/General_Science_Chemical_Bonding_data.json  (352 KB)
Done! 5 file(s) in 1.4s
  Link check: PASS hard failures: T1=0  T2=0  T3=0  T4=0  DEAD=0  SHAPE=0
  Consistency check: FAIL
validate_consistency: 1 file(s)
  hard failures: FE-UNVERIFIED=1
  warnings: 0
  FAIL FE-UNVERIFIED data/outputs/v2/General_Science/SS2.3_Chemical_Bonding/General_Science_Chemical_Bonding_data.json: reviewer found unresolved contradictions (logs/final_explanation_issues/gensci_2_3.json)


─── gensci_2_4 ───
Generating General Science — GENERAL SCIENCE GRADE 10: ACIDS, BASES AND SALTS
  Output: v2/General_Science/SS2.4_Acids,_Bases_and_Salts
    Saved: /home/markk/ares/cbe-generation-system/data/outputs/v2/General_Science/SS2.4_Acids,_Bases_and_Salts/General_Science_Acids,_Bases_and_Salts_CBE_LessonSequence.docx  (110 KB)
    Saved: /home/markk/ares/cbe-generation-system/data/outputs/v2/General_Science/SS2.4_Acids,_Bases_and_Salts/General_Science_Acids,_Bases_and_Salts_FinalExplanation.docx  (13 KB)
    Saved: /home/markk/ares/cbe-generation-system/data/outputs/v2/General_Science/SS2.4_Acids,_Bases_and_Salts/General_Science_Acids,_Bases_and_Salts_FinalExplanation_TeacherKey.docx  (16 KB)
    Saved: /home/markk/ares/cbe-generation-system/data/outputs/v2/General_Science/SS2.4_Acids,_Bases_and_Salts/General_Science_Acids,_Bases_and_Salts_SummaryTable.docx  (17 KB)
    Saved: /home/markk/ares/cbe-generation-system/data/outputs/v2/General_Science/SS2.4_Acids,_Bases_and_Salts/General_Science_Acids,_Bases_and_Salts_data.json  (337 KB)
Done! 5 file(s) in 1.2s
  Link check: PASS hard failures: T1=0  T2=0  T3=0  T4=0  DEAD=0  SHAPE=0
  Consistency check: FAIL
validate_consistency: 1 file(s)
  hard failures: FE-UNVERIFIED=1
  warnings: 0
  FAIL FE-UNVERIFIED data/outputs/v2/General_Science/SS2.4_Acids,_Bases_and_Salts/General_Science_Acids,_Bases_and_Salts_data.json: reviewer found unresolved contradictions (logs/final_explanation_issues/gensci_2_4.json)


─── gensci_2_5 ───
Generating General Science — GENERAL SCIENCE GRADE 10: RATES OF REACTIONS
  Output: v2/General_Science/SS2.5_Rates_of_Reactions
    Saved: /home/markk/ares/cbe-generation-system/data/outputs/v2/General_Science/SS2.5_Rates_of_Reactions/General_Science_Rates_of_Reactions_CBE_LessonSequence.docx  (114 KB)
    Saved: /home/markk/ares/cbe-generation-system/data/outputs/v2/General_Science/SS2.5_Rates_of_Reactions/General_Science_Rates_of_Reactions_FinalExplanation.docx  (13 KB)
    Saved: /home/markk/ares/cbe-generation-system/data/outputs/v2/General_Science/SS2.5_Rates_of_Reactions/General_Science_Rates_of_Reactions_FinalExplanation_TeacherKey.docx  (15 KB)
    Saved: /home/markk/ares/cbe-generation-system/data/outputs/v2/General_Science/SS2.5_Rates_of_Reactions/General_Science_Rates_of_Reactions_SummaryTable.docx  (16 KB)
    Saved: /home/markk/ares/cbe-generation-system/data/outputs/v2/General_Science/SS2.5_Rates_of_Reactions/General_Science_Rates_of_Reactions_data.json  (389 KB)
Done! 5 file(s) in 1.3s
  Link check: PASS hard failures: T1=0  T2=0  T3=0  T4=0  DEAD=0  SHAPE=0
  Consistency check: FAIL
validate_consistency: 1 file(s)
  hard failures: FE-UNVERIFIED=1
  warnings: 0
  FAIL FE-UNVERIFIED data/outputs/v2/General_Science/SS2.5_Rates_of_Reactions/General_Science_Rates_of_Reactions_data.json: reviewer found unresolved contradictions (logs/final_explanation_issues/gensci_2_5.json)


─── gensci_3_1 ───
Generating General Science — GENERAL SCIENCE GRADE 10: TURNING EFFECT OF FORCE
  Output: v2/General_Science/SS3.1_Turning_Effect_of_Force
    Saved: /home/markk/ares/cbe-generation-system/data/outputs/v2/General_Science/SS3.1_Turning_Effect_of_Force/General_Science_Turning_Effect_of_Force_CBE_LessonSequence.docx  (103 KB)
    Saved: /home/markk/ares/cbe-generation-system/data/outputs/v2/General_Science/SS3.1_Turning_Effect_of_Force/General_Science_Turning_Effect_of_Force_FinalExplanation.docx  (14 KB)
    Saved: /home/markk/ares/cbe-generation-system/data/outputs/v2/General_Science/SS3.1_Turning_Effect_of_Force/General_Science_Turning_Effect_of_Force_FinalExplanation_TeacherKey.docx  (15 KB)
    Saved: /home/markk/ares/cbe-generation-system/data/outputs/v2/General_Science/SS3.1_Turning_Effect_of_Force/General_Science_Turning_Effect_of_Force_SummaryTable.docx  (15 KB)
    Saved: /home/markk/ares/cbe-generation-system/data/outputs/v2/General_Science/SS3.1_Turning_Effect_of_Force/General_Science_Turning_Effect_of_Force_data.json  (261 KB)
Done! 5 file(s) in 1.3s
  Link check: PASS hard failures: T1=0  T2=0  T3=0  T4=0  DEAD=0  SHAPE=0
  Consistency check: PASS hard failures: none

─── gensci_3_2 ───
Generating General Science — GENERAL SCIENCE GRADE 10: LINEAR MOTION
  Output: v2/General_Science/SS3.2_Linear_Motion
    Saved: /home/markk/ares/cbe-generation-system/data/outputs/v2/General_Science/SS3.2_Linear_Motion/General_Science_Linear_Motion_CBE_LessonSequence.docx  (102 KB)
    Saved: /home/markk/ares/cbe-generation-system/data/outputs/v2/General_Science/SS3.2_Linear_Motion/General_Science_Linear_Motion_FinalExplanation.docx  (14 KB)
    Saved: /home/markk/ares/cbe-generation-system/data/outputs/v2/General_Science/SS3.2_Linear_Motion/General_Science_Linear_Motion_FinalExplanation_TeacherKey.docx  (16 KB)
    Saved: /home/markk/ares/cbe-generation-system/data/outputs/v2/General_Science/SS3.2_Linear_Motion/General_Science_Linear_Motion_SummaryTable.docx  (16 KB)
    Saved: /home/markk/ares/cbe-generation-system/data/outputs/v2/General_Science/SS3.2_Linear_Motion/General_Science_Linear_Motion_data.json  (334 KB)
Done! 5 file(s) in 1.3s
  Link check: PASS hard failures: T1=0  T2=0  T3=0  T4=0  DEAD=0  SHAPE=0
  Consistency check: PASS hard failures: none

─── gensci_3_3 ───
Generating General Science — GENERAL SCIENCE GRADE 10: WAVES
  Output: v2/General_Science/SS3.3_Waves
    Saved: /home/markk/ares/cbe-generation-system/data/outputs/v2/General_Science/SS3.3_Waves/General_Science_Waves_CBE_LessonSequence.docx  (112 KB)
    Saved: /home/markk/ares/cbe-generation-system/data/outputs/v2/General_Science/SS3.3_Waves/General_Science_Waves_FinalExplanation.docx  (13 KB)
    Saved: /home/markk/ares/cbe-generation-system/data/outputs/v2/General_Science/SS3.3_Waves/General_Science_Waves_FinalExplanation_TeacherKey.docx  (15 KB)
    Saved: /home/markk/ares/cbe-generation-system/data/outputs/v2/General_Science/SS3.3_Waves/General_Science_Waves_SummaryTable.docx  (16 KB)
    Saved: /home/markk/ares/cbe-generation-system/data/outputs/v2/General_Science/SS3.3_Waves/General_Science_Waves_data.json  (375 KB)
Done! 5 file(s) in 1.3s
  Link check: PASS hard failures: T1=0  T2=0  T3=0  T4=0  DEAD=0  SHAPE=0
  Consistency check: PASS hard failures: none

─── gensci_3_4 ───
Generating General Science — GENERAL SCIENCE GRADE 10: MAGNETISM AND ELECTROMAGNETIC INDUCTION
  Output: v2/General_Science/SS3.4_Magnetism_and_Electromagnetic_Induction
    Saved: /home/markk/ares/cbe-generation-system/data/outputs/v2/General_Science/SS3.4_Magnetism_and_Electromagnetic_Induction/General_Science_Magnetism_and_Electromagnetic_Induction_CBE_LessonSequence.docx  (109 KB)
    Saved: /home/markk/ares/cbe-generation-system/data/outputs/v2/General_Science/SS3.4_Magnetism_and_Electromagnetic_Induction/General_Science_Magnetism_and_Electromagnetic_Induction_FinalExplanation.docx  (13 KB)
    Saved: /home/markk/ares/cbe-generation-system/data/outputs/v2/General_Science/SS3.4_Magnetism_and_Electromagnetic_Induction/General_Science_Magnetism_and_Electromagnetic_Induction_FinalExplanation_TeacherKey.docx  (15 KB)
    Saved: /home/markk/ares/cbe-generation-system/data/outputs/v2/General_Science/SS3.4_Magnetism_and_Electromagnetic_Induction/General_Science_Magnetism_and_Electromagnetic_Induction_SummaryTable.docx  (16 KB)
    Saved: /home/markk/ares/cbe-generation-system/data/outputs/v2/General_Science/SS3.4_Magnetism_and_Electromagnetic_Induction/General_Science_Magnetism_and_Electromagnetic_Induction_data.json  (382 KB)
Done! 5 file(s) in 1.3s
  Link check: PASS hard failures: T1=0  T2=0  T3=0  T4=0  DEAD=0  SHAPE=0
  Consistency check: FAIL
validate_consistency: 1 file(s)
  hard failures: FE-UNVERIFIED=1
  warnings: 0
  FAIL FE-UNVERIFIED data/outputs/v2/General_Science/SS3.4_Magnetism_and_Electromagnetic_Induction/General_Science_Magnetism_and_Electromagnetic_Induction_data.json: reviewer found unresolved contradictions (logs/final_explanation_issues/gensci_3_4.json)


─── math_1_1 ───
Generating Mathematics — MATHEMATICS GRADE 10: REAL NUMBERS
  Output: v2/Maths/SS1.1_Real_Numbers
    Saved: /home/markk/ares/cbe-generation-system/data/outputs/v2/Maths/SS1.1_Real_Numbers/Mathematics_Real_Numbers_CBE_LessonSequence.docx  (90 KB)
    Saved: /home/markk/ares/cbe-generation-system/data/outputs/v2/Maths/SS1.1_Real_Numbers/Mathematics_Real_Numbers_FinalExplanation.docx  (13 KB)
    Saved: /home/markk/ares/cbe-generation-system/data/outputs/v2/Maths/SS1.1_Real_Numbers/Mathematics_Real_Numbers_FinalExplanation_TeacherKey.docx  (14 KB)
    Saved: /home/markk/ares/cbe-generation-system/data/outputs/v2/Maths/SS1.1_Real_Numbers/Mathematics_Real_Numbers_SummaryTable.docx  (15 KB)
    Saved: /home/markk/ares/cbe-generation-system/data/outputs/v2/Maths/SS1.1_Real_Numbers/Mathematics_Real_Numbers_data.json  (312 KB)
Done! 5 file(s) in 1.2s
  Link check: PASS hard failures: T1=0  T2=0  T3=0  T4=0  DEAD=0  SHAPE=0
  Consistency check: FAIL
validate_consistency: 1 file(s)
  hard failures: FE-UNVERIFIED=1
  warnings: 0
  FAIL FE-UNVERIFIED data/outputs/v2/Maths/SS1.1_Real_Numbers/Mathematics_Real_Numbers_data.json: reviewer found unresolved contradictions (logs/final_explanation_issues/math_1_1.json)


─── math_1_2 ───
Generating Mathematics — MATHEMATICS GRADE 10: INDICES
  Output: v2/Maths/SS1.2_Indices
    Saved: /home/markk/ares/cbe-generation-system/data/outputs/v2/Maths/SS1.2_Indices/Mathematics_Indices_CBE_LessonSequence.docx  (99 KB)
    Saved: /home/markk/ares/cbe-generation-system/data/outputs/v2/Maths/SS1.2_Indices/Mathematics_Indices_FinalExplanation.docx  (13 KB)
    Saved: /home/markk/ares/cbe-generation-system/data/outputs/v2/Maths/SS1.2_Indices/Mathematics_Indices_FinalExplanation_TeacherKey.docx  (15 KB)
    Saved: /home/markk/ares/cbe-generation-system/data/outputs/v2/Maths/SS1.2_Indices/Mathematics_Indices_SummaryTable.docx  (15 KB)
    Saved: /home/markk/ares/cbe-generation-system/data/outputs/v2/Maths/SS1.2_Indices/Mathematics_Indices_data.json  (348 KB)
Done! 5 file(s) in 1.3s
  Link check: PASS hard failures: T1=0  T2=0  T3=0  T4=0  DEAD=0  SHAPE=0
  Consistency check: PASS hard failures: none

─── math_1_3 ───
Generating Mathematics — MATHEMATICS GRADE 10: QUADRATIC EQUATIONS
  Output: v2/Maths/SS1.3_Quadratic_Equations
    Saved: /home/markk/ares/cbe-generation-system/data/outputs/v2/Maths/SS1.3_Quadratic_Equations/Mathematics_Quadratic_Equations_CBE_LessonSequence.docx  (90 KB)
    Saved: /home/markk/ares/cbe-generation-system/data/outputs/v2/Maths/SS1.3_Quadratic_Equations/Mathematics_Quadratic_Equations_FinalExplanation.docx  (13 KB)
    Saved: /home/markk/ares/cbe-generation-system/data/outputs/v2/Maths/SS1.3_Quadratic_Equations/Mathematics_Quadratic_Equations_FinalExplanation_TeacherKey.docx  (14 KB)
    Saved: /home/markk/ares/cbe-generation-system/data/outputs/v2/Maths/SS1.3_Quadratic_Equations/Mathematics_Quadratic_Equations_SummaryTable.docx  (14 KB)
    Saved: /home/markk/ares/cbe-generation-system/data/outputs/v2/Maths/SS1.3_Quadratic_Equations/Mathematics_Quadratic_Equations_data.json  (314 KB)
Done! 5 file(s) in 1.2s
  Link check: PASS hard failures: T1=0  T2=0  T3=0  T4=0  DEAD=0  SHAPE=0
  Consistency check: PASS hard failures: none

─── math_1_4 ───
Generating Mathematics — MATHEMATICS GRADE 10: CONGRUENCE
  Output: v2/Maths/SS1.4_Congruence
    Saved: /home/markk/ares/cbe-generation-system/data/outputs/v2/Maths/SS1.4_Congruence/Mathematics_Congruence_CBE_LessonSequence.docx  (103 KB)
    Saved: /home/markk/ares/cbe-generation-system/data/outputs/v2/Maths/SS1.4_Congruence/Mathematics_Congruence_FinalExplanation.docx  (13 KB)
    Saved: /home/markk/ares/cbe-generation-system/data/outputs/v2/Maths/SS1.4_Congruence/Mathematics_Congruence_FinalExplanation_TeacherKey.docx  (14 KB)
    Saved: /home/markk/ares/cbe-generation-system/data/outputs/v2/Maths/SS1.4_Congruence/Mathematics_Congruence_SummaryTable.docx  (14 KB)
    Saved: /home/markk/ares/cbe-generation-system/data/outputs/v2/Maths/SS1.4_Congruence/Mathematics_Congruence_data.json  (363 KB)
Done! 5 file(s) in 1.3s
  Link check: PASS hard failures: T1=0  T2=0  T3=0  T4=0  DEAD=0  SHAPE=0
  Consistency check: PASS hard failures: none

─── math_2_1 ───
Generating Mathematics — MATHEMATICS GRADE 10: SIMILARITY AND ENLARGEMENT
  Output: v2/Maths/SS2.1_Similarity_and_Enlargement
    Saved: /home/markk/ares/cbe-generation-system/data/outputs/v2/Maths/SS2.1_Similarity_and_Enlargement/Mathematics_Similarity_and_Enlargement_CBE_LessonSequence.docx  (144 KB)
    Saved: /home/markk/ares/cbe-generation-system/data/outputs/v2/Maths/SS2.1_Similarity_and_Enlargement/Mathematics_Similarity_and_Enlargement_FinalExplanation.docx  (13 KB)
    Saved: /home/markk/ares/cbe-generation-system/data/outputs/v2/Maths/SS2.1_Similarity_and_Enlargement/Mathematics_Similarity_and_Enlargement_FinalExplanation_TeacherKey.docx  (15 KB)
    Saved: /home/markk/ares/cbe-generation-system/data/outputs/v2/Maths/SS2.1_Similarity_and_Enlargement/Mathematics_Similarity_and_Enlargement_SummaryTable.docx  (16 KB)
    Saved: /home/markk/ares/cbe-generation-system/data/outputs/v2/Maths/SS2.1_Similarity_and_Enlargement/Mathematics_Similarity_and_Enlargement_data.json  (525 KB)
Done! 5 file(s) in 2.0s
  Link check: PASS hard failures: T1=0  T2=0  T3=0  T4=0  DEAD=0  SHAPE=0
  Consistency check: PASS hard failures: none

─── math_2_2 ───
Generating Mathematics — MATHEMATICS GRADE 10: AREA OF POLYGONS
  Output: v2/Maths/SS2.2_Area_of_Polygons
    Saved: /home/markk/ares/cbe-generation-system/data/outputs/v2/Maths/SS2.2_Area_of_Polygons/Mathematics_Area_of_Polygons_CBE_LessonSequence.docx  (98 KB)
    Saved: /home/markk/ares/cbe-generation-system/data/outputs/v2/Maths/SS2.2_Area_of_Polygons/Mathematics_Area_of_Polygons_FinalExplanation.docx  (13 KB)
    Saved: /home/markk/ares/cbe-generation-system/data/outputs/v2/Maths/SS2.2_Area_of_Polygons/Mathematics_Area_of_Polygons_FinalExplanation_TeacherKey.docx  (14 KB)
    Saved: /home/markk/ares/cbe-generation-system/data/outputs/v2/Maths/SS2.2_Area_of_Polygons/Mathematics_Area_of_Polygons_SummaryTable.docx  (15 KB)
    Saved: /home/markk/ares/cbe-generation-system/data/outputs/v2/Maths/SS2.2_Area_of_Polygons/Mathematics_Area_of_Polygons_data.json  (345 KB)
Done! 5 file(s) in 1.3s
  Link check: PASS hard failures: T1=0  T2=0  T3=0  T4=0  DEAD=0  SHAPE=0
  Consistency check: PASS hard failures: none

─── math_2_3 ───
Generating Mathematics — MATHEMATICS GRADE 10: AREA OF PART OF A CIRCLE
  Output: v2/Maths/SS2.3_Area_of_Part_of_a_Circle
    Saved: /home/markk/ares/cbe-generation-system/data/outputs/v2/Maths/SS2.3_Area_of_Part_of_a_Circle/Mathematics_Area_of_Part_of_a_Circle_CBE_LessonSequence.docx  (118 KB)
    Saved: /home/markk/ares/cbe-generation-system/data/outputs/v2/Maths/SS2.3_Area_of_Part_of_a_Circle/Mathematics_Area_of_Part_of_a_Circle_FinalExplanation.docx  (12 KB)
    Saved: /home/markk/ares/cbe-generation-system/data/outputs/v2/Maths/SS2.3_Area_of_Part_of_a_Circle/Mathematics_Area_of_Part_of_a_Circle_FinalExplanation_TeacherKey.docx  (13 KB)
    Saved: /home/markk/ares/cbe-generation-system/data/outputs/v2/Maths/SS2.3_Area_of_Part_of_a_Circle/Mathematics_Area_of_Part_of_a_Circle_SummaryTable.docx  (16 KB)
    Saved: /home/markk/ares/cbe-generation-system/data/outputs/v2/Maths/SS2.3_Area_of_Part_of_a_Circle/Mathematics_Area_of_Part_of_a_Circle_data.json  (427 KB)
Done! 5 file(s) in 1.6s
  Link check: PASS hard failures: T1=0  T2=0  T3=0  T4=0  DEAD=0  SHAPE=0
  Consistency check: PASS hard failures: none

─── math_2_4 ───
Generating Mathematics — MATHEMATICS GRADE 10: SURFACE AREA AND VOLUME OF SOLIDS
  Output: v2/Maths/SS2.4_Surface_Area_and_Volume_of_Solids
    Saved: /home/markk/ares/cbe-generation-system/data/outputs/v2/Maths/SS2.4_Surface_Area_and_Volume_of_Solids/Mathematics_Surface_Area_and_Volume_of_Solids_CBE_LessonSequence.docx  (119 KB)
    Saved: /home/markk/ares/cbe-generation-system/data/outputs/v2/Maths/SS2.4_Surface_Area_and_Volume_of_Solids/Mathematics_Surface_Area_and_Volume_of_Solids_FinalExplanation.docx  (13 KB)
    Saved: /home/markk/ares/cbe-generation-system/data/outputs/v2/Maths/SS2.4_Surface_Area_and_Volume_of_Solids/Mathematics_Surface_Area_and_Volume_of_Solids_FinalExplanation_TeacherKey.docx  (14 KB)
    Saved: /home/markk/ares/cbe-generation-system/data/outputs/v2/Maths/SS2.4_Surface_Area_and_Volume_of_Solids/Mathematics_Surface_Area_and_Volume_of_Solids_SummaryTable.docx  (16 KB)
    Saved: /home/markk/ares/cbe-generation-system/data/outputs/v2/Maths/SS2.4_Surface_Area_and_Volume_of_Solids/Mathematics_Surface_Area_and_Volume_of_Solids_data.json  (430 KB)
Done! 5 file(s) in 1.6s
  Link check: PASS hard failures: T1=0  T2=0  T3=0  T4=0  DEAD=0  SHAPE=0
  Consistency check: PASS hard failures: none

─── math_3_1 ───
Generating Mathematics — MATHEMATICS GRADE 10: TRIGONOMETRY I
  Output: v2/Maths/SS3.1_Trigonometry_I
    Saved: /home/markk/ares/cbe-generation-system/data/outputs/v2/Maths/SS3.1_Trigonometry_I/Mathematics_Trigonometry_I_CBE_LessonSequence.docx  (127 KB)
    Saved: /home/markk/ares/cbe-generation-system/data/outputs/v2/Maths/SS3.1_Trigonometry_I/Mathematics_Trigonometry_I_FinalExplanation.docx  (13 KB)
    Saved: /home/markk/ares/cbe-generation-system/data/outputs/v2/Maths/SS3.1_Trigonometry_I/Mathematics_Trigonometry_I_FinalExplanation_TeacherKey.docx  (14 KB)
    Saved: /home/markk/ares/cbe-generation-system/data/outputs/v2/Maths/SS3.1_Trigonometry_I/Mathematics_Trigonometry_I_SummaryTable.docx  (16 KB)
    Saved: /home/markk/ares/cbe-generation-system/data/outputs/v2/Maths/SS3.1_Trigonometry_I/Mathematics_Trigonometry_I_data.json  (458 KB)
Done! 5 file(s) in 1.7s
  Link check: PASS hard failures: T1=0  T2=0  T3=0  T4=0  DEAD=0  SHAPE=0
  Consistency check: PASS hard failures: none

─── math_3_2 ───
Generating Mathematics — MATHEMATICS GRADE 10: ROTATION
  Output: v2/Maths/SS3.2_Rotation
    Saved: /home/markk/ares/cbe-generation-system/data/outputs/v2/Maths/SS3.2_Rotation/Mathematics_Rotation_CBE_LessonSequence.docx  (118 KB)
    Saved: /home/markk/ares/cbe-generation-system/data/outputs/v2/Maths/SS3.2_Rotation/Mathematics_Rotation_FinalExplanation.docx  (13 KB)
    Saved: /home/markk/ares/cbe-generation-system/data/outputs/v2/Maths/SS3.2_Rotation/Mathematics_Rotation_FinalExplanation_TeacherKey.docx  (14 KB)
    Saved: /home/markk/ares/cbe-generation-system/data/outputs/v2/Maths/SS3.2_Rotation/Mathematics_Rotation_SummaryTable.docx  (16 KB)
    Saved: /home/markk/ares/cbe-generation-system/data/outputs/v2/Maths/SS3.2_Rotation/Mathematics_Rotation_data.json  (437 KB)
Done! 5 file(s) in 1.6s
  Link check: PASS hard failures: T1=0  T2=0  T3=0  T4=0  DEAD=0  SHAPE=0
  Consistency check: PASS hard failures: none

─── math_3_3 ───
Generating Mathematics — MATHEMATICS GRADE 10: VECTORS I
  Output: v2/Maths/SS3.3_Vectors_I
    Saved: /home/markk/ares/cbe-generation-system/data/outputs/v2/Maths/SS3.3_Vectors_I/Mathematics_Vectors_I_CBE_LessonSequence.docx  (105 KB)
    Saved: /home/markk/ares/cbe-generation-system/data/outputs/v2/Maths/SS3.3_Vectors_I/Mathematics_Vectors_I_FinalExplanation.docx  (13 KB)
    Saved: /home/markk/ares/cbe-generation-system/data/outputs/v2/Maths/SS3.3_Vectors_I/Mathematics_Vectors_I_FinalExplanation_TeacherKey.docx  (14 KB)
    Saved: /home/markk/ares/cbe-generation-system/data/outputs/v2/Maths/SS3.3_Vectors_I/Mathematics_Vectors_I_SummaryTable.docx  (15 KB)
    Saved: /home/markk/ares/cbe-generation-system/data/outputs/v2/Maths/SS3.3_Vectors_I/Mathematics_Vectors_I_data.json  (366 KB)
Done! 5 file(s) in 1.2s
  Link check: PASS hard failures: T1=0  T2=0  T3=0  T4=0  DEAD=0  SHAPE=0
  Consistency check: FAIL
validate_consistency: 1 file(s)
  hard failures: FE-UNVERIFIED=1
  warnings: 0
  FAIL FE-UNVERIFIED data/outputs/v2/Maths/SS3.3_Vectors_I/Mathematics_Vectors_I_data.json: reviewer found unresolved contradictions (logs/final_explanation_issues/math_3_3.json)


─── math_3_4 ───
Generating Mathematics — MATHEMATICS GRADE 10: LINEAR MOTION
  Output: v2/Maths/SS3.4_Linear_Motion
    Saved: /home/markk/ares/cbe-generation-system/data/outputs/v2/Maths/SS3.4_Linear_Motion/Mathematics_Linear_Motion_CBE_LessonSequence.docx  (121 KB)
    Saved: /home/markk/ares/cbe-generation-system/data/outputs/v2/Maths/SS3.4_Linear_Motion/Mathematics_Linear_Motion_FinalExplanation.docx  (13 KB)
    Saved: /home/markk/ares/cbe-generation-system/data/outputs/v2/Maths/SS3.4_Linear_Motion/Mathematics_Linear_Motion_FinalExplanation_TeacherKey.docx  (14 KB)
    Saved: /home/markk/ares/cbe-generation-system/data/outputs/v2/Maths/SS3.4_Linear_Motion/Mathematics_Linear_Motion_SummaryTable.docx  (16 KB)
    Saved: /home/markk/ares/cbe-generation-system/data/outputs/v2/Maths/SS3.4_Linear_Motion/Mathematics_Linear_Motion_data.json  (439 KB)
Done! 5 file(s) in 1.7s
  Link check: PASS hard failures: T1=0  T2=0  T3=0  T4=0  DEAD=0  SHAPE=0
  Consistency check: PASS hard failures: none

─── math_4_1 ───
Generating Mathematics — MATHEMATICS GRADE 10: STATISTICS I
  Output: v2/Maths/SS4.1_Statistics_I
    Saved: /home/markk/ares/cbe-generation-system/data/outputs/v2/Maths/SS4.1_Statistics_I/Mathematics_Statistics_I_CBE_LessonSequence.docx  (112 KB)
    Saved: /home/markk/ares/cbe-generation-system/data/outputs/v2/Maths/SS4.1_Statistics_I/Mathematics_Statistics_I_FinalExplanation.docx  (13 KB)
    Saved: /home/markk/ares/cbe-generation-system/data/outputs/v2/Maths/SS4.1_Statistics_I/Mathematics_Statistics_I_FinalExplanation_TeacherKey.docx  (15 KB)
    Saved: /home/markk/ares/cbe-generation-system/data/outputs/v2/Maths/SS4.1_Statistics_I/Mathematics_Statistics_I_SummaryTable.docx  (16 KB)
    Saved: /home/markk/ares/cbe-generation-system/data/outputs/v2/Maths/SS4.1_Statistics_I/Mathematics_Statistics_I_data.json  (393 KB)
Done! 5 file(s) in 1.5s
  Link check: PASS hard failures: T1=0  T2=0  T3=0  T4=0  DEAD=0  SHAPE=0
  Consistency check: PASS hard failures: none

─── math_4_2 ───
Generating Mathematics — MATHEMATICS GRADE 10: PROBABILITY I
  Output: v2/Maths/SS4.2_Probability_I
    Saved: /home/markk/ares/cbe-generation-system/data/outputs/v2/Maths/SS4.2_Probability_I/Mathematics_Probability_I_CBE_LessonSequence.docx  (114 KB)
    Saved: /home/markk/ares/cbe-generation-system/data/outputs/v2/Maths/SS4.2_Probability_I/Mathematics_Probability_I_FinalExplanation.docx  (13 KB)
    Saved: /home/markk/ares/cbe-generation-system/data/outputs/v2/Maths/SS4.2_Probability_I/Mathematics_Probability_I_FinalExplanation_TeacherKey.docx  (15 KB)
    Saved: /home/markk/ares/cbe-generation-system/data/outputs/v2/Maths/SS4.2_Probability_I/Mathematics_Probability_I_SummaryTable.docx  (16 KB)
    Saved: /home/markk/ares/cbe-generation-system/data/outputs/v2/Maths/SS4.2_Probability_I/Mathematics_Probability_I_data.json  (409 KB)
Done! 5 file(s) in 1.5s
  Link check: PASS hard failures: T1=0  T2=0  T3=0  T4=0  DEAD=0  SHAPE=0
  Consistency check: PASS hard failures: none

─── phys_1_1 ───
Generating Physics — PHYSICS GRADE 10: PRESSURE
  Output: v2/Physics/SS1.1_Pressure
    Saved: /home/markk/ares/cbe-generation-system/data/outputs/v2/Physics/SS1.1_Pressure/Physics_Pressure_CBE_LessonSequence.docx  (119 KB)
    Saved: /home/markk/ares/cbe-generation-system/data/outputs/v2/Physics/SS1.1_Pressure/Physics_Pressure_FinalExplanation.docx  (13 KB)
    Saved: /home/markk/ares/cbe-generation-system/data/outputs/v2/Physics/SS1.1_Pressure/Physics_Pressure_FinalExplanation_TeacherKey.docx  (16 KB)
    Saved: /home/markk/ares/cbe-generation-system/data/outputs/v2/Physics/SS1.1_Pressure/Physics_Pressure_SummaryTable.docx  (15 KB)
    Saved: /home/markk/ares/cbe-generation-system/data/outputs/v2/Physics/SS1.1_Pressure/Physics_Pressure_data.json  (416 KB)
Done! 5 file(s) in 1.4s
  Link check: PASS hard failures: T1=0  T2=0  T3=0  T4=0  DEAD=0  SHAPE=0
  Consistency check: FAIL
validate_consistency: 1 file(s)
  hard failures: FE-UNVERIFIED=1
  warnings: 0
  FAIL FE-UNVERIFIED data/outputs/v2/Physics/SS1.1_Pressure/Physics_Pressure_data.json: reviewer found unresolved contradictions (logs/final_explanation_issues/phys_1_1.json)


─── phys_1_2 ───
Generating Physics — PHYSICS GRADE 10: MECHANICAL PROPERTIES OF MATERIALS
  Output: v2/Physics/SS1.2_Mechanical_Properties_of_Materials
    Saved: /home/markk/ares/cbe-generation-system/data/outputs/v2/Physics/SS1.2_Mechanical_Properties_of_Materials/Physics_Mechanical_Properties_of_Materials_CBE_LessonSequence.docx  (84 KB)
    Saved: /home/markk/ares/cbe-generation-system/data/outputs/v2/Physics/SS1.2_Mechanical_Properties_of_Materials/Physics_Mechanical_Properties_of_Materials_FinalExplanation.docx  (13 KB)
    Saved: /home/markk/ares/cbe-generation-system/data/outputs/v2/Physics/SS1.2_Mechanical_Properties_of_Materials/Physics_Mechanical_Properties_of_Materials_FinalExplanation_TeacherKey.docx  (15 KB)
    Saved: /home/markk/ares/cbe-generation-system/data/outputs/v2/Physics/SS1.2_Mechanical_Properties_of_Materials/Physics_Mechanical_Properties_of_Materials_SummaryTable.docx  (15 KB)
    Saved: /home/markk/ares/cbe-generation-system/data/outputs/v2/Physics/SS1.2_Mechanical_Properties_of_Materials/Physics_Mechanical_Properties_of_Materials_data.json  (265 KB)
Done! 5 file(s) in 1.0s
  Link check: PASS hard failures: T1=0  T2=0  T3=0  T4=0  DEAD=0  SHAPE=0
  Consistency check: PASS hard failures: none

─── phys_1_3 ───
Generating Physics — PHYSICS GRADE 10: TEMPERATURE AND THERMAL EXPANSION
  Output: v2/Physics/SS1.3_Temperature_and_Thermal_Expansion
    Saved: /home/markk/ares/cbe-generation-system/data/outputs/v2/Physics/SS1.3_Temperature_and_Thermal_Expansion/Physics_Temperature_and_Thermal_Expansion_CBE_LessonSequence.docx  (92 KB)
    Saved: /home/markk/ares/cbe-generation-system/data/outputs/v2/Physics/SS1.3_Temperature_and_Thermal_Expansion/Physics_Temperature_and_Thermal_Expansion_FinalExplanation.docx  (13 KB)
    Saved: /home/markk/ares/cbe-generation-system/data/outputs/v2/Physics/SS1.3_Temperature_and_Thermal_Expansion/Physics_Temperature_and_Thermal_Expansion_FinalExplanation_TeacherKey.docx  (15 KB)
    Saved: /home/markk/ares/cbe-generation-system/data/outputs/v2/Physics/SS1.3_Temperature_and_Thermal_Expansion/Physics_Temperature_and_Thermal_Expansion_SummaryTable.docx  (15 KB)
    Saved: /home/markk/ares/cbe-generation-system/data/outputs/v2/Physics/SS1.3_Temperature_and_Thermal_Expansion/Physics_Temperature_and_Thermal_Expansion_data.json  (280 KB)
Done! 5 file(s) in 1.0s
  Link check: PASS hard failures: T1=0  T2=0  T3=0  T4=0  DEAD=0  SHAPE=0
  Consistency check: FAIL
validate_consistency: 1 file(s)
  hard failures: FE-UNVERIFIED=1
  warnings: 0
  FAIL FE-UNVERIFIED data/outputs/v2/Physics/SS1.3_Temperature_and_Thermal_Expansion/Physics_Temperature_and_Thermal_Expansion_data.json: reviewer found unresolved contradictions (logs/final_explanation_issues/phys_1_3.json)


─── phys_1_4 ───
Generating Physics — PHYSICS GRADE 10: ENERGY, WORK, POWER AND MACHINES
  Output: v2/Physics/SS1.4_Energy,_Work,_Power_and_Machines
    Saved: /home/markk/ares/cbe-generation-system/data/outputs/v2/Physics/SS1.4_Energy,_Work,_Power_and_Machines/Physics_Energy,_Work,_Power_and_Machines_CBE_LessonSequence.docx  (111 KB)
    Saved: /home/markk/ares/cbe-generation-system/data/outputs/v2/Physics/SS1.4_Energy,_Work,_Power_and_Machines/Physics_Energy,_Work,_Power_and_Machines_FinalExplanation.docx  (13 KB)
    Saved: /home/markk/ares/cbe-generation-system/data/outputs/v2/Physics/SS1.4_Energy,_Work,_Power_and_Machines/Physics_Energy,_Work,_Power_and_Machines_FinalExplanation_TeacherKey.docx  (15 KB)
    Saved: /home/markk/ares/cbe-generation-system/data/outputs/v2/Physics/SS1.4_Energy,_Work,_Power_and_Machines/Physics_Energy,_Work,_Power_and_Machines_SummaryTable.docx  (16 KB)
    Saved: /home/markk/ares/cbe-generation-system/data/outputs/v2/Physics/SS1.4_Energy,_Work,_Power_and_Machines/Physics_Energy,_Work,_Power_and_Machines_data.json  (377 KB)
Done! 5 file(s) in 1.4s
  Link check: PASS hard failures: T1=0  T2=0  T3=0  T4=0  DEAD=0  SHAPE=0
  Consistency check: FAIL
validate_consistency: 1 file(s)
  hard failures: FE-UNVERIFIED=1
  warnings: 0
  FAIL FE-UNVERIFIED data/outputs/v2/Physics/SS1.4_Energy,_Work,_Power_and_Machines/Physics_Energy,_Work,_Power_and_Machines_data.json: reviewer found unresolved contradictions (logs/final_explanation_issues/phys_1_4.json)


─── phys_1_5 ───
Generating Physics — PHYSICS GRADE 10: MOMENTS OF EQUILIBRIUM
  Output: v2/Physics/SS1.5_Moments_of_Equilibrium
    Saved: /home/markk/ares/cbe-generation-system/data/outputs/v2/Physics/SS1.5_Moments_of_Equilibrium/Physics_Moments_of_Equilibrium_CBE_LessonSequence.docx  (83 KB)
    Saved: /home/markk/ares/cbe-generation-system/data/outputs/v2/Physics/SS1.5_Moments_of_Equilibrium/Physics_Moments_of_Equilibrium_FinalExplanation.docx  (13 KB)
    Saved: /home/markk/ares/cbe-generation-system/data/outputs/v2/Physics/SS1.5_Moments_of_Equilibrium/Physics_Moments_of_Equilibrium_FinalExplanation_TeacherKey.docx  (15 KB)
    Saved: /home/markk/ares/cbe-generation-system/data/outputs/v2/Physics/SS1.5_Moments_of_Equilibrium/Physics_Moments_of_Equilibrium_SummaryTable.docx  (14 KB)
    Saved: /home/markk/ares/cbe-generation-system/data/outputs/v2/Physics/SS1.5_Moments_of_Equilibrium/Physics_Moments_of_Equilibrium_data.json  (241 KB)
Done! 5 file(s) in 0.9s
  Link check: PASS hard failures: T1=0  T2=0  T3=0  T4=0  DEAD=0  SHAPE=0
  Consistency check: FAIL
validate_consistency: 1 file(s)
  hard failures: FE-UNVERIFIED=1
  warnings: 0
  FAIL FE-UNVERIFIED data/outputs/v2/Physics/SS1.5_Moments_of_Equilibrium/Physics_Moments_of_Equilibrium_data.json: reviewer found unresolved contradictions (logs/final_explanation_issues/phys_1_5.json)


─── phys_2_1 ───
Generating Physics — PHYSICS GRADE 10: PROPERTIES OF WAVES
  Output: v2/Physics/SS2.1_Properties_of_Waves
    Saved: /home/markk/ares/cbe-generation-system/data/outputs/v2/Physics/SS2.1_Properties_of_Waves/Physics_Properties_of_Waves_CBE_LessonSequence.docx  (157 KB)
    Saved: /home/markk/ares/cbe-generation-system/data/outputs/v2/Physics/SS2.1_Properties_of_Waves/Physics_Properties_of_Waves_FinalExplanation.docx  (13 KB)
    Saved: /home/markk/ares/cbe-generation-system/data/outputs/v2/Physics/SS2.1_Properties_of_Waves/Physics_Properties_of_Waves_FinalExplanation_TeacherKey.docx  (15 KB)
    Saved: /home/markk/ares/cbe-generation-system/data/outputs/v2/Physics/SS2.1_Properties_of_Waves/Physics_Properties_of_Waves_SummaryTable.docx  (18 KB)
    Saved: /home/markk/ares/cbe-generation-system/data/outputs/v2/Physics/SS2.1_Properties_of_Waves/Physics_Properties_of_Waves_data.json  (560 KB)
Done! 5 file(s) in 1.8s
  Link check: PASS hard failures: T1=0  T2=0  T3=0  T4=0  DEAD=0  SHAPE=0
  Consistency check: FAIL
validate_consistency: 1 file(s)
  hard failures: FE-UNVERIFIED=1
  warnings: 0
  FAIL FE-UNVERIFIED data/outputs/v2/Physics/SS2.1_Properties_of_Waves/Physics_Properties_of_Waves_data.json: reviewer found unresolved contradictions (logs/final_explanation_issues/phys_2_1.json)


─── phys_3_1 ───
Generating Physics — PHYSICS GRADE 10: RADIOACTIVITY AND STABILITY OF ISOTOPES
  Output: v2/Physics/SS3.1_Radioactivity_and_Stability_of_Isotopes
    Saved: /home/markk/ares/cbe-generation-system/data/outputs/v2/Physics/SS3.1_Radioactivity_and_Stability_of_Isotopes/Physics_Radioactivity_and_Stability_of_Isotopes_CBE_LessonSequence.docx  (111 KB)
    Saved: /home/markk/ares/cbe-generation-system/data/outputs/v2/Physics/SS3.1_Radioactivity_and_Stability_of_Isotopes/Physics_Radioactivity_and_Stability_of_Isotopes_FinalExplanation.docx  (13 KB)
    Saved: /home/markk/ares/cbe-generation-system/data/outputs/v2/Physics/SS3.1_Radioactivity_and_Stability_of_Isotopes/Physics_Radioactivity_and_Stability_of_Isotopes_FinalExplanation_TeacherKey.docx  (16 KB)
    Saved: /home/markk/ares/cbe-generation-system/data/outputs/v2/Physics/SS3.1_Radioactivity_and_Stability_of_Isotopes/Physics_Radioactivity_and_Stability_of_Isotopes_SummaryTable.docx  (17 KB)
    Saved: /home/markk/ares/cbe-generation-system/data/outputs/v2/Physics/SS3.1_Radioactivity_and_Stability_of_Isotopes/Physics_Radioactivity_and_Stability_of_Isotopes_data.json  (375 KB)
Done! 5 file(s) in 1.2s
  Link check: PASS hard failures: T1=0  T2=0  T3=0  T4=0  DEAD=0  SHAPE=0
  Consistency check: FAIL
validate_consistency: 1 file(s)
  hard failures: FE-UNVERIFIED=1
  warnings: 0
  FAIL FE-UNVERIFIED data/outputs/v2/Physics/SS3.1_Radioactivity_and_Stability_of_Isotopes/Physics_Radioactivity_and_Stability_of_Isotopes_data.json: reviewer found unresolved contradictions (logs/final_explanation_issues/phys_3_1.json)


─── phys_3_2 ───
Generating Physics — PHYSICS GRADE 10: CURRENT ELECTRICITY
  Output: v2/Physics/SS3.2_Current_Electricity
    Saved: /home/markk/ares/cbe-generation-system/data/outputs/v2/Physics/SS3.2_Current_Electricity/Physics_Current_Electricity_CBE_LessonSequence.docx  (150 KB)
    Saved: /home/markk/ares/cbe-generation-system/data/outputs/v2/Physics/SS3.2_Current_Electricity/Physics_Current_Electricity_FinalExplanation.docx  (13 KB)
    Saved: /home/markk/ares/cbe-generation-system/data/outputs/v2/Physics/SS3.2_Current_Electricity/Physics_Current_Electricity_FinalExplanation_TeacherKey.docx  (15 KB)
    Saved: /home/markk/ares/cbe-generation-system/data/outputs/v2/Physics/SS3.2_Current_Electricity/Physics_Current_Electricity_SummaryTable.docx  (18 KB)
    Saved: /home/markk/ares/cbe-generation-system/data/outputs/v2/Physics/SS3.2_Current_Electricity/Physics_Current_Electricity_data.json  (535 KB)
Done! 5 file(s) in 1.8s
  Link check: PASS hard failures: T1=0  T2=0  T3=0  T4=0  DEAD=0  SHAPE=0
  Consistency check: PASS hard failures: none

─── phys_3_3 ───
Generating Physics — PHYSICS GRADE 10: INTRODUCTION TO ELECTRONICS
  Output: v2/Physics/SS3.3_Introduction_to_Electronics
    Saved: /home/markk/ares/cbe-generation-system/data/outputs/v2/Physics/SS3.3_Introduction_to_Electronics/Physics_Introduction_to_Electronics_CBE_LessonSequence.docx  (96 KB)
    Saved: /home/markk/ares/cbe-generation-system/data/outputs/v2/Physics/SS3.3_Introduction_to_Electronics/Physics_Introduction_to_Electronics_FinalExplanation.docx  (13 KB)
    Saved: /home/markk/ares/cbe-generation-system/data/outputs/v2/Physics/SS3.3_Introduction_to_Electronics/Physics_Introduction_to_Electronics_FinalExplanation_TeacherKey.docx  (16 KB)
    Saved: /home/markk/ares/cbe-generation-system/data/outputs/v2/Physics/SS3.3_Introduction_to_Electronics/Physics_Introduction_to_Electronics_SummaryTable.docx  (15 KB)
    Saved: /home/markk/ares/cbe-generation-system/data/outputs/v2/Physics/SS3.3_Introduction_to_Electronics/Physics_Introduction_to_Electronics_data.json  (331 KB)
Done! 5 file(s) in 1.1s
  Link check: PASS hard failures: T1=0  T2=0  T3=0  T4=0  DEAD=0  SHAPE=0
  Consistency check: FAIL
validate_consistency: 1 file(s)
  hard failures: FE-UNVERIFIED=1
  warnings: 0
  FAIL FE-UNVERIFIED data/outputs/v2/Physics/SS3.3_Introduction_to_Electronics/Physics_Introduction_to_Electronics_data.json: reviewer found unresolved contradictions (logs/final_explanation_issues/phys_3_3.json)


─── phys_3_4 ───
Generating Physics — PHYSICS GRADE 10: ELECTROSTATICS
  Output: v2/Physics/SS3.4_Electrostatics
    Saved: /home/markk/ares/cbe-generation-system/data/outputs/v2/Physics/SS3.4_Electrostatics/Physics_Electrostatics_CBE_LessonSequence.docx  (119 KB)
    Saved: /home/markk/ares/cbe-generation-system/data/outputs/v2/Physics/SS3.4_Electrostatics/Physics_Electrostatics_FinalExplanation.docx  (13 KB)
    Saved: /home/markk/ares/cbe-generation-system/data/outputs/v2/Physics/SS3.4_Electrostatics/Physics_Electrostatics_FinalExplanation_TeacherKey.docx  (15 KB)
    Saved: /home/markk/ares/cbe-generation-system/data/outputs/v2/Physics/SS3.4_Electrostatics/Physics_Electrostatics_SummaryTable.docx  (16 KB)
    Saved: /home/markk/ares/cbe-generation-system/data/outputs/v2/Physics/SS3.4_Electrostatics/Physics_Electrostatics_data.json  (412 KB)
Done! 5 file(s) in 1.4s
  Link check: PASS hard failures: T1=0  T2=0  T3=0  T4=0  DEAD=0  SHAPE=0
  Consistency check: FAIL
validate_consistency: 1 file(s)
  hard failures: FE-UNVERIFIED=1
  warnings: 0
  FAIL FE-UNVERIFIED data/outputs/v2/Physics/SS3.4_Electrostatics/Physics_Electrostatics_data.json: reviewer found unresolved contradictions (logs/final_explanation_issues/phys_3_4.json)


─── phys_4_1 ───
Generating Physics — PHYSICS GRADE 10: GREENHOUSE EFFECT AND CLIMATE CHANGE
  Output: v2/Physics/SS4.1_Greenhouse_Effect_and_Climate_Change
    Saved: /home/markk/ares/cbe-generation-system/data/outputs/v2/Physics/SS4.1_Greenhouse_Effect_and_Climate_Change/Physics_Greenhouse_Effect_and_Climate_Change_CBE_LessonSequence.docx  (98 KB)
    Saved: /home/markk/ares/cbe-generation-system/data/outputs/v2/Physics/SS4.1_Greenhouse_Effect_and_Climate_Change/Physics_Greenhouse_Effect_and_Climate_Change_FinalExplanation.docx  (13 KB)
    Saved: /home/markk/ares/cbe-generation-system/data/outputs/v2/Physics/SS4.1_Greenhouse_Effect_and_Climate_Change/Physics_Greenhouse_Effect_and_Climate_Change_FinalExplanation_TeacherKey.docx  (15 KB)
    Saved: /home/markk/ares/cbe-generation-system/data/outputs/v2/Physics/SS4.1_Greenhouse_Effect_and_Climate_Change/Physics_Greenhouse_Effect_and_Climate_Change_SummaryTable.docx  (15 KB)
    Saved: /home/markk/ares/cbe-generation-system/data/outputs/v2/Physics/SS4.1_Greenhouse_Effect_and_Climate_Change/Physics_Greenhouse_Effect_and_Climate_Change_data.json  (322 KB)
Done! 5 file(s) in 1.1s
  Link check: PASS hard failures: T1=0  T2=0  T3=0  T4=0  DEAD=0  SHAPE=0
  Consistency check: FAIL
validate_consistency: 1 file(s)
  hard failures: FE-UNVERIFIED=1
  warnings: 0
  FAIL FE-UNVERIFIED data/outputs/v2/Physics/SS4.1_Greenhouse_Effect_and_Climate_Change/Physics_Greenhouse_Effect_and_Climate_Change_data.json: reviewer found unresolved contradictions (logs/final_explanation_issues/phys_4_1.json)


─── phys_4_2 ───
Generating Physics — PHYSICS GRADE 10: INTRODUCTION TO SPACE PHYSICS
  Output: v2/Physics/SS4.2_Introduction_to_Space_Physics
    Saved: /home/markk/ares/cbe-generation-system/data/outputs/v2/Physics/SS4.2_Introduction_to_Space_Physics/Physics_Introduction_to_Space_Physics_CBE_LessonSequence.docx  (156 KB)
    Saved: /home/markk/ares/cbe-generation-system/data/outputs/v2/Physics/SS4.2_Introduction_to_Space_Physics/Physics_Introduction_to_Space_Physics_FinalExplanation.docx  (13 KB)
    Saved: /home/markk/ares/cbe-generation-system/data/outputs/v2/Physics/SS4.2_Introduction_to_Space_Physics/Physics_Introduction_to_Space_Physics_FinalExplanation_TeacherKey.docx  (15 KB)
    Saved: /home/markk/ares/cbe-generation-system/data/outputs/v2/Physics/SS4.2_Introduction_to_Space_Physics/Physics_Introduction_to_Space_Physics_SummaryTable.docx  (18 KB)
    Saved: /home/markk/ares/cbe-generation-system/data/outputs/v2/Physics/SS4.2_Introduction_to_Space_Physics/Physics_Introduction_to_Space_Physics_data.json  (491 KB)
Done! 5 file(s) in 1.9s
  Link check: PASS hard failures: T1=0  T2=0  T3=0  T4=0  DEAD=0  SHAPE=0
  Consistency check: FAIL
validate_consistency: 1 file(s)
  hard failures: FE-UNVERIFIED=1
  warnings: 0
  FAIL FE-UNVERIFIED data/outputs/v2/Physics/SS4.2_Introduction_to_Space_Physics/Physics_Introduction_to_Space_Physics_data.json: reviewer found unresolved contradictions (logs/final_explanation_issues/phys_4_2.json)


Cross-document consistency check FAILED for 52 sub-strand(s): bio_1_1, bio_1_2, bio_1_3, bio_2_2, bio_2_3, bio_3_1, bio_3_3, chem_1_1, chem_1_2, chem_1_4, chem_1_5, chem_2_1, chem_3_1, coremath_1_2, coremath_2_8, coremath_2_9, essmath_2_1, essmath_2_2, essmath_2_6, essmath_2_8, essmath_3_1, g11_bio_1_1, g11_bio_1_2, g11_bio_1_3, g11_bio_1_4, g11_bio_2_2, g11_bio_2_3, g11_bio_3_1, g11_bio_3_3, gensci_1_2, gensci_1_3, gensci_1_4, gensci_1_5, gensci_1_6, gensci_1_7, gensci_2_2, gensci_2_3, gensci_2_4, gensci_2_5, gensci_3_4, math_1_1, math_3_3, phys_1_1, phys_1_3, phys_1_4, phys_1_5, phys_2_1, phys_3_1, phys_3_3, phys_3_4, phys_4_1, phys_4_2
CONSISTENCY_CHECK=warn set: not failing the run.
